kotlin version: 2.0.21
error message: org.jetbrains.kotlin.backend.common.BackendException: Backend Internal error: Exception during IR lowering
File being compiled: D:/Project/fash/fash-android-mobile/app/src/main/java/com/pc/fash_android_mobile/ui/explore/FeaturedSellersScreen.kt
The root cause java.lang.RuntimeException was thrown at: org.jetbrains.kotlin.backend.jvm.codegen.FunctionCodegen.generate(FunctionCodegen.kt:47)
	at org.jetbrains.kotlin.backend.common.CodegenUtil.reportBackendException(CodegenUtil.kt:253)
	at org.jetbrains.kotlin.backend.common.CodegenUtil.reportBackendException$default(CodegenUtil.kt:236)
	at org.jetbrains.kotlin.backend.common.phaser.PerformByIrFilePhase.invokeSequential(performByIrFile.kt:65)
	at org.jetbrains.kotlin.backend.common.phaser.PerformByIrFilePhase.invoke(performByIrFile.kt:52)
	at org.jetbrains.kotlin.backend.common.phaser.PerformByIrFilePhase.invoke(performByIrFile.kt:38)
	at org.jetbrains.kotlin.backend.common.phaser.NamedCompilerPhase.phaseBody(CompilerPhase.kt:166)
	at org.jetbrains.kotlin.backend.common.phaser.AbstractNamedCompilerPhase.invoke(CompilerPhase.kt:113)
	at org.jetbrains.kotlin.backend.common.phaser.CompositePhase.invoke(PhaseBuilders.kt:27)
	at org.jetbrains.kotlin.backend.common.phaser.CompositePhase.invoke(PhaseBuilders.kt:14)
	at org.jetbrains.kotlin.backend.common.phaser.NamedCompilerPhase.phaseBody(CompilerPhase.kt:166)
	at org.jetbrains.kotlin.backend.common.phaser.AbstractNamedCompilerPhase.invoke(CompilerPhase.kt:113)
	at org.jetbrains.kotlin.backend.common.phaser.CompilerPhaseKt.invokeToplevel(CompilerPhase.kt:62)
	at org.jetbrains.kotlin.backend.jvm.JvmIrCodegenFactory.invokeCodegen(JvmIrCodegenFactory.kt:371)
	at org.jetbrains.kotlin.codegen.CodegenFactory.generateModule(CodegenFactory.kt:47)
	at org.jetbrains.kotlin.backend.jvm.JvmIrCodegenFactory.generateModuleInFrontendIRMode(JvmIrCodegenFactory.kt:433)
	at org.jetbrains.kotlin.cli.jvm.compiler.pipeline.JvmCompilerPipelineKt.generateCodeFromIr(jvmCompilerPipeline.kt:246)
	at org.jetbrains.kotlin.cli.jvm.compiler.pipeline.JvmCompilerPipelineKt.compileModulesUsingFrontendIrAndLightTree(jvmCompilerPipeline.kt:142)
	at org.jetbrains.kotlin.cli.jvm.K2JVMCompiler.doExecute(K2JVMCompiler.kt:148)
	at org.jetbrains.kotlin.cli.jvm.K2JVMCompiler.doExecute(K2JVMCompiler.kt:43)
	at org.jetbrains.kotlin.cli.common.CLICompiler.execImpl(CLICompiler.kt:103)
	at org.jetbrains.kotlin.cli.common.CLICompiler.execImpl(CLICompiler.kt:49)
	at org.jetbrains.kotlin.cli.common.CLITool.exec(CLITool.kt:101)
	at org.jetbrains.kotlin.incremental.IncrementalJvmCompilerRunner.runCompiler(IncrementalJvmCompilerRunner.kt:464)
	at org.jetbrains.kotlin.incremental.IncrementalJvmCompilerRunner.runCompiler(IncrementalJvmCompilerRunner.kt:73)
	at org.jetbrains.kotlin.incremental.IncrementalCompilerRunner.doCompile(IncrementalCompilerRunner.kt:506)
	at org.jetbrains.kotlin.incremental.IncrementalCompilerRunner.compileImpl(IncrementalCompilerRunner.kt:423)
	at org.jetbrains.kotlin.incremental.IncrementalCompilerRunner.compileNonIncrementally(IncrementalCompilerRunner.kt:301)
	at org.jetbrains.kotlin.incremental.IncrementalCompilerRunner.compile(IncrementalCompilerRunner.kt:129)
	at org.jetbrains.kotlin.daemon.CompileServiceImplBase.execIncrementalCompiler(CompileServiceImpl.kt:675)
	at org.jetbrains.kotlin.daemon.CompileServiceImplBase.access$execIncrementalCompiler(CompileServiceImpl.kt:92)
	at org.jetbrains.kotlin.daemon.CompileServiceImpl.compile(CompileServiceImpl.kt:1660)
	at java.base/jdk.internal.reflect.DirectMethodHandleAccessor.invoke(DirectMethodHandleAccessor.java:103)
	at java.base/java.lang.reflect.Method.invoke(Method.java:580)
	at java.rmi/sun.rmi.server.UnicastServerRef.dispatch(UnicastServerRef.java:360)
	at java.rmi/sun.rmi.transport.Transport$1.run(Transport.java:200)
	at java.rmi/sun.rmi.transport.Transport$1.run(Transport.java:197)
	at java.base/java.security.AccessController.doPrivileged(AccessController.java:714)
	at java.rmi/sun.rmi.transport.Transport.serviceCall(Transport.java:196)
	at java.rmi/sun.rmi.transport.tcp.TCPTransport.handleMessages(TCPTransport.java:598)
	at java.rmi/sun.rmi.transport.tcp.TCPTransport$ConnectionHandler.run0(TCPTransport.java:844)
	at java.rmi/sun.rmi.transport.tcp.TCPTransport$ConnectionHandler.lambda$run$0(TCPTransport.java:721)
	at java.base/java.security.AccessController.doPrivileged(AccessController.java:400)
	at java.rmi/sun.rmi.transport.tcp.TCPTransport$ConnectionHandler.run(TCPTransport.java:720)
	at java.base/java.util.concurrent.ThreadPoolExecutor.runWorker(ThreadPoolExecutor.java:1144)
	at java.base/java.util.concurrent.ThreadPoolExecutor$Worker.run(ThreadPoolExecutor.java:642)
	at java.base/java.lang.Thread.run(Thread.java:1583)
Caused by: java.lang.RuntimeException: Exception while generating code for:
FUN name:FeaturedSellerFullCard visibility:private modality:FINAL <> (seller:com.pc.fash_android_mobile.data.search.FeaturedSellerItem, previewCoverUrls:kotlin.collections.List<kotlin.String?>, onSellerClick:kotlin.Function0<kotlin.Unit>, onListingClick:kotlin.Function1<kotlin.String, kotlin.Unit>, $composer:androidx.compose.runtime.Composer?, $changed:kotlin.Int) returnType:kotlin.Unit
  annotations:
    Composable
    ComposableTarget(applier = "androidx.compose.ui.UiComposable")
  VALUE_PARAMETER name:seller index:0 type:com.pc.fash_android_mobile.data.search.FeaturedSellerItem
  VALUE_PARAMETER name:previewCoverUrls index:1 type:kotlin.collections.List<kotlin.String?>
  VALUE_PARAMETER name:onSellerClick index:2 type:kotlin.Function0<kotlin.Unit>
  VALUE_PARAMETER name:onListingClick index:3 type:kotlin.Function1<kotlin.String, kotlin.Unit>
  VALUE_PARAMETER name:$composer index:4 type:androidx.compose.runtime.Composer? [assignable]
  VALUE_PARAMETER name:$changed index:5 type:kotlin.Int
  BLOCK_BODY
    BLOCK type=kotlin.Unit origin=null
      SET_VAR '$composer: androidx.compose.runtime.Composer? [assignable] declared in com.pc.fash_android_mobile.ui.explore.FeaturedSellersScreenKt.FeaturedSellerFullCard' type=kotlin.Unit origin=null
        CALL 'public abstract fun startRestartGroup (key: kotlin.Int): androidx.compose.runtime.Composer declared in androidx.compose.runtime.Composer' type=androidx.compose.runtime.Composer origin=null
          $this: GET_VAR '$composer: androidx.compose.runtime.Composer? [assignable] declared in com.pc.fash_android_mobile.ui.explore.FeaturedSellersScreenKt.FeaturedSellerFullCard' type=androidx.compose.runtime.Composer? origin=null
          key: CONST Int type=kotlin.Int value=-1654576893
      CALL 'public final fun sourceInformation (composer: androidx.compose.runtime.Composer, sourceInformation: kotlin.String): kotlin.Unit declared in androidx.compose.runtime.ComposerKt' type=kotlin.Unit origin=null
        composer: GET_VAR '$composer: androidx.compose.runtime.Composer? [assignable] declared in com.pc.fash_android_mobile.ui.explore.FeaturedSellersScreenKt.FeaturedSellerFullCard' type=androidx.compose.runtime.Composer? origin=null
        sourceInformation: CONST String type=kotlin.String value="C(FeaturedSellerFullCard)P(3,2,1)214@9737L11,215@9798L7,222@10018L6568,216@9825L6761:FeaturedSellersScreen.kt#gwjw0c"
    VAR name:$dirty type:kotlin.Int [val]
      GET_VAR '$changed: kotlin.Int declared in com.pc.fash_android_mobile.ui.explore.FeaturedSellersScreenKt.FeaturedSellerFullCard' type=kotlin.Int origin=null
    WHEN type=kotlin.Unit origin=IF
      BRANCH
        if: CALL 'public final fun EQEQ (arg0: kotlin.Any?, arg1: kotlin.Any?): kotlin.Boolean declared in kotlin.internal.ir' type=kotlin.Boolean origin=null
          arg0: CALL 'public final fun and (other: kotlin.Int): kotlin.Int [infix] declared in kotlin.Int' type=kotlin.Int origin=null
            $this: GET_VAR '$changed: kotlin.Int declared in com.pc.fash_android_mobile.ui.explore.FeaturedSellersScreenKt.FeaturedSellerFullCard' type=kotlin.Int origin=null
            other: CONST Int type=kotlin.Int value=6
          arg1: CONST Int type=kotlin.Int value=0
        then: SET_VAR 'val $dirty: kotlin.Int [val] declared in com.pc.fash_android_mobile.ui.explore.FeaturedSellersScreenKt.FeaturedSellerFullCard' type=kotlin.Unit origin=null
          CALL 'public final fun or (other: kotlin.Int): kotlin.Int [infix] declared in kotlin.Int' type=kotlin.Int origin=null
            $this: GET_VAR 'val $dirty: kotlin.Int [val] declared in com.pc.fash_android_mobile.ui.explore.FeaturedSellersScreenKt.FeaturedSellerFullCard' type=kotlin.Int origin=null
            other: WHEN type=kotlin.Int origin=IF
              BRANCH
                if: CALL 'public open fun changedInstance (value: kotlin.Any?): kotlin.Boolean declared in androidx.compose.runtime.Composer' type=kotlin.Boolean origin=null
                  $this: GET_VAR '$composer: androidx.compose.runtime.Composer? [assignable] declared in com.pc.fash_android_mobile.ui.explore.FeaturedSellersScreenKt.FeaturedSellerFullCard' type=androidx.compose.runtime.Composer? origin=null
                  value: GET_VAR 'seller: com.pc.fash_android_mobile.data.search.FeaturedSellerItem declared in com.pc.fash_android_mobile.ui.explore.FeaturedSellersScreenKt.FeaturedSellerFullCard' type=com.pc.fash_android_mobile.data.search.FeaturedSellerItem origin=null
                then: CONST Int type=kotlin.Int value=4
              BRANCH
                if: CONST Boolean type=kotlin.Boolean value=true
                then: CONST Int type=kotlin.Int value=2
    WHEN type=kotlin.Unit origin=IF
      BRANCH
        if: CALL 'public final fun EQEQ (arg0: kotlin.Any?, arg1: kotlin.Any?): kotlin.Boolean declared in kotlin.internal.ir' type=kotlin.Boolean origin=null
          arg0: CALL 'public final fun and (other: kotlin.Int): kotlin.Int [infix] declared in kotlin.Int' type=kotlin.Int origin=null
            $this: GET_VAR '$changed: kotlin.Int declared in com.pc.fash_android_mobile.ui.explore.FeaturedSellersScreenKt.FeaturedSellerFullCard' type=kotlin.Int origin=null
            other: CONST Int type=kotlin.Int value=48
          arg1: CONST Int type=kotlin.Int value=0
        then: SET_VAR 'val $dirty: kotlin.Int [val] declared in com.pc.fash_android_mobile.ui.explore.FeaturedSellersScreenKt.FeaturedSellerFullCard' type=kotlin.Unit origin=null
          CALL 'public final fun or (other: kotlin.Int): kotlin.Int [infix] declared in kotlin.Int' type=kotlin.Int origin=null
            $this: GET_VAR 'val $dirty: kotlin.Int [val] declared in com.pc.fash_android_mobile.ui.explore.FeaturedSellersScreenKt.FeaturedSellerFullCard' type=kotlin.Int origin=null
            other: WHEN type=kotlin.Int origin=IF
              BRANCH
                if: CALL 'public open fun changedInstance (value: kotlin.Any?): kotlin.Boolean declared in androidx.compose.runtime.Composer' type=kotlin.Boolean origin=null
                  $this: GET_VAR '$composer: androidx.compose.runtime.Composer? [assignable] declared in com.pc.fash_android_mobile.ui.explore.FeaturedSellersScreenKt.FeaturedSellerFullCard' type=androidx.compose.runtime.Composer? origin=null
                  value: GET_VAR 'previewCoverUrls: kotlin.collections.List<kotlin.String?> declared in com.pc.fash_android_mobile.ui.explore.FeaturedSellersScreenKt.FeaturedSellerFullCard' type=kotlin.collections.List<kotlin.String?> origin=null
                then: CONST Int type=kotlin.Int value=32
              BRANCH
                if: CONST Boolean type=kotlin.Boolean value=true
                then: CONST Int type=kotlin.Int value=16
    WHEN type=kotlin.Unit origin=IF
      BRANCH
        if: CALL 'public final fun EQEQ (arg0: kotlin.Any?, arg1: kotlin.Any?): kotlin.Boolean declared in kotlin.internal.ir' type=kotlin.Boolean origin=null
          arg0: CALL 'public final fun and (other: kotlin.Int): kotlin.Int [infix] declared in kotlin.Int' type=kotlin.Int origin=null
            $this: GET_VAR '$changed: kotlin.Int declared in com.pc.fash_android_mobile.ui.explore.FeaturedSellersScreenKt.FeaturedSellerFullCard' type=kotlin.Int origin=null
            other: CONST Int type=kotlin.Int value=384
          arg1: CONST Int type=kotlin.Int value=0
        then: SET_VAR 'val $dirty: kotlin.Int [val] declared in com.pc.fash_android_mobile.ui.explore.FeaturedSellersScreenKt.FeaturedSellerFullCard' type=kotlin.Unit origin=null
          CALL 'public final fun or (other: kotlin.Int): kotlin.Int [infix] declared in kotlin.Int' type=kotlin.Int origin=null
            $this: GET_VAR 'val $dirty: kotlin.Int [val] declared in com.pc.fash_android_mobile.ui.explore.FeaturedSellersScreenKt.FeaturedSellerFullCard' type=kotlin.Int origin=null
            other: WHEN type=kotlin.Int origin=IF
              BRANCH
                if: CALL 'public open fun changedInstance (value: kotlin.Any?): kotlin.Boolean declared in androidx.compose.runtime.Composer' type=kotlin.Boolean origin=null
                  $this: GET_VAR '$composer: androidx.compose.runtime.Composer? [assignable] declared in com.pc.fash_android_mobile.ui.explore.FeaturedSellersScreenKt.FeaturedSellerFullCard' type=androidx.compose.runtime.Composer? origin=null
                  value: GET_VAR 'onSellerClick: kotlin.Function0<kotlin.Unit> declared in com.pc.fash_android_mobile.ui.explore.FeaturedSellersScreenKt.FeaturedSellerFullCard' type=kotlin.Function0<kotlin.Unit> origin=null
                then: CONST Int type=kotlin.Int value=256
              BRANCH
                if: CONST Boolean type=kotlin.Boolean value=true
                then: CONST Int type=kotlin.Int value=128
    WHEN type=kotlin.Unit origin=IF
      BRANCH
        if: CALL 'public final fun EQEQ (arg0: kotlin.Any?, arg1: kotlin.Any?): kotlin.Boolean declared in kotlin.internal.ir' type=kotlin.Boolean origin=null
          arg0: CALL 'public final fun and (other: kotlin.Int): kotlin.Int [infix] declared in kotlin.Int' type=kotlin.Int origin=null
            $this: GET_VAR '$changed: kotlin.Int declared in com.pc.fash_android_mobile.ui.explore.FeaturedSellersScreenKt.FeaturedSellerFullCard' type=kotlin.Int origin=null
            other: CONST Int type=kotlin.Int value=3072
          arg1: CONST Int type=kotlin.Int value=0
        then: SET_VAR 'val $dirty: kotlin.Int [val] declared in com.pc.fash_android_mobile.ui.explore.FeaturedSellersScreenKt.FeaturedSellerFullCard' type=kotlin.Unit origin=null
          CALL 'public final fun or (other: kotlin.Int): kotlin.Int [infix] declared in kotlin.Int' type=kotlin.Int origin=null
            $this: GET_VAR 'val $dirty: kotlin.Int [val] declared in com.pc.fash_android_mobile.ui.explore.FeaturedSellersScreenKt.FeaturedSellerFullCard' type=kotlin.Int origin=null
            other: WHEN type=kotlin.Int origin=IF
              BRANCH
                if: CALL 'public open fun changedInstance (value: kotlin.Any?): kotlin.Boolean declared in androidx.compose.runtime.Composer' type=kotlin.Boolean origin=null
                  $this: GET_VAR '$composer: androidx.compose.runtime.Composer? [assignable] declared in com.pc.fash_android_mobile.ui.explore.FeaturedSellersScreenKt.FeaturedSellerFullCard' type=androidx.compose.runtime.Composer? origin=null
                  value: GET_VAR 'onListingClick: kotlin.Function1<kotlin.String, kotlin.Unit> declared in com.pc.fash_android_mobile.ui.explore.FeaturedSellersScreenKt.FeaturedSellerFullCard' type=kotlin.Function1<kotlin.String, kotlin.Unit> origin=null
                then: CONST Int type=kotlin.Int value=2048
              BRANCH
                if: CONST Boolean type=kotlin.Boolean value=true
                then: CONST Int type=kotlin.Int value=1024
    WHEN type=kotlin.Unit origin=IF
      BRANCH
        if: CALL 'public final fun OROR (arg0: kotlin.Boolean, arg1: kotlin.Boolean): kotlin.Boolean declared in kotlin.internal.ir' type=kotlin.Boolean origin=null
          arg0: CALL 'public final fun not (): kotlin.Boolean [operator] declared in kotlin.Boolean' type=kotlin.Boolean origin=null
            $this: CALL 'public final fun EQEQ (arg0: kotlin.Any?, arg1: kotlin.Any?): kotlin.Boolean declared in kotlin.internal.ir' type=kotlin.Boolean origin=null
              arg0: CALL 'public final fun and (other: kotlin.Int): kotlin.Int [infix] declared in kotlin.Int' type=kotlin.Int origin=null
                $this: GET_VAR 'val $dirty: kotlin.Int [val] declared in com.pc.fash_android_mobile.ui.explore.FeaturedSellersScreenKt.FeaturedSellerFullCard' type=kotlin.Int origin=null
                other: CONST Int type=kotlin.Int value=1171
              arg1: CONST Int type=kotlin.Int value=1170
          arg1: CALL 'public final fun not (): kotlin.Boolean [operator] declared in kotlin.Boolean' type=kotlin.Boolean origin=null
            $this: CALL 'public abstract fun <get-skipping> (): kotlin.Boolean declared in androidx.compose.runtime.Composer' type=kotlin.Boolean origin=null
              $this: GET_VAR '$composer: androidx.compose.runtime.Composer? [assignable] declared in com.pc.fash_android_mobile.ui.explore.FeaturedSellersScreenKt.FeaturedSellerFullCard' type=androidx.compose.runtime.Composer? origin=null
        then: BLOCK type=kotlin.Unit origin=null
          WHEN type=kotlin.Unit origin=IF
            BRANCH
              if: CALL 'public final fun isTraceInProgress (): kotlin.Boolean declared in androidx.compose.runtime.ComposerKt' type=kotlin.Boolean origin=null
              then: CALL 'public final fun traceEventStart (key: kotlin.Int, dirty1: kotlin.Int, dirty2: kotlin.Int, info: kotlin.String): kotlin.Unit declared in androidx.compose.runtime.ComposerKt' type=kotlin.Unit origin=null
                key: CONST Int type=kotlin.Int value=-1654576893
                dirty1: GET_VAR 'val $dirty: kotlin.Int [val] declared in com.pc.fash_android_mobile.ui.explore.FeaturedSellersScreenKt.FeaturedSellerFullCard' type=kotlin.Int origin=null
                dirty2: CONST Int type=kotlin.Int value=-1
                info: CONST String type=kotlin.String value="com.pc.fash_android_mobile.ui.explore.FeaturedSellerFullCard (FeaturedSellersScreen.kt:213)"
          VAR name:scheme type:androidx.compose.material3.ColorScheme [val]
            CALL 'public final fun <get-colorScheme> ($composer: androidx.compose.runtime.Composer?, $changed: kotlin.Int): androidx.compose.material3.ColorScheme declared in androidx.compose.material3.MaterialTheme' type=androidx.compose.material3.ColorScheme origin=GET_PROPERTY
              $this: GET_FIELD 'FIELD FIELD_FOR_OBJECT_INSTANCE name:INSTANCE type:androidx.compose.material3.MaterialTheme visibility:public [final,static] declared in androidx.compose.material3.MaterialTheme' type=androidx.compose.material3.MaterialTheme origin=null
              $composer: GET_VAR '$composer: androidx.compose.runtime.Composer? [assignable] declared in com.pc.fash_android_mobile.ui.explore.FeaturedSellersScreenKt.FeaturedSellerFullCard' type=androidx.compose.runtime.Composer? origin=null
              $changed: GET_FIELD 'FIELD name:$stable type:kotlin.Int visibility:public [final,static] declared in androidx.compose.material3.MaterialTheme' type=kotlin.Int origin=null
          VAR name:cardShape type:androidx.compose.foundation.shape.RoundedCornerShape [val]
            CALL 'public final fun RoundedCornerShape-0680j_4 (size: androidx.compose.ui.unit.Dp): androidx.compose.foundation.shape.RoundedCornerShape declared in androidx.compose.foundation.shape.RoundedCornerShapeKt' type=androidx.compose.foundation.shape.RoundedCornerShape origin=null
              size: CALL 'public final fun getRadiusSoftMin-D9Ej5fM (): androidx.compose.ui.unit.Dp declared in com.pc.fash_android_mobile.ui.theme.FashSpacing' type=androidx.compose.ui.unit.Dp origin=GET_PROPERTY
                $this: CALL 'public final fun <get-spacing> ($composer: androidx.compose.runtime.Composer?, $changed: kotlin.Int): com.pc.fash_android_mobile.ui.theme.FashSpacing declared in com.pc.fash_android_mobile.ui.theme.FashTheme' type=com.pc.fash_android_mobile.ui.theme.FashSpacing origin=GET_PROPERTY
                  $this: GET_FIELD 'FIELD FIELD_FOR_OBJECT_INSTANCE name:INSTANCE type:com.pc.fash_android_mobile.ui.theme.FashTheme visibility:public [final,static] declared in com.pc.fash_android_mobile.ui.theme.FashTheme' type=com.pc.fash_android_mobile.ui.theme.FashTheme origin=null
                  $composer: GET_VAR '$composer: androidx.compose.runtime.Composer? [assignable] declared in com.pc.fash_android_mobile.ui.explore.FeaturedSellersScreenKt.FeaturedSellerFullCard' type=androidx.compose.runtime.Composer? origin=null
                  $changed: CONST Int type=kotlin.Int value=6
          CALL 'public final fun Surface-T9BRK9s (modifier: androidx.compose.ui.Modifier?, shape: androidx.compose.ui.graphics.Shape?, color: androidx.compose.ui.graphics.Color, contentColor: androidx.compose.ui.graphics.Color, tonalElevation: androidx.compose.ui.unit.Dp, shadowElevation: androidx.compose.ui.unit.Dp, border: androidx.compose.foundation.BorderStroke?, content: kotlin.Function2<androidx.compose.runtime.Composer, kotlin.Int, kotlin.Unit>, $composer: androidx.compose.runtime.Composer?, $changed: kotlin.Int, $default: kotlin.Int): kotlin.Unit declared in androidx.compose.material3.SurfaceKt' type=kotlin.Unit origin=null
            modifier: CALL 'public final fun fillMaxWidth$default (fraction: kotlin.Float, $mask0: kotlin.Int, $handler: kotlin.Any?): androidx.compose.ui.Modifier declared in androidx.compose.foundation.layout.SizeKt' type=androidx.compose.ui.Modifier origin=DEFAULT_DISPATCH_CALL
              $receiver: GET_FIELD 'FIELD FIELD_FOR_OBJECT_INSTANCE name:Companion type:androidx.compose.ui.Modifier.Companion visibility:public [final,static] declared in androidx.compose.ui.Modifier' type=androidx.compose.ui.Modifier.Companion origin=null
              fraction: COMPOSITE type=kotlin.Float origin=DEFAULT_VALUE
                CONST Float type=kotlin.Float value=0.0
              $mask0: CONST Int type=kotlin.Int value=1
              $handler: CONST Null type=kotlin.Any? value=null
            shape: GET_VAR 'val cardShape: androidx.compose.foundation.shape.RoundedCornerShape [val] declared in com.pc.fash_android_mobile.ui.explore.FeaturedSellersScreenKt.FeaturedSellerFullCard' type=androidx.compose.foundation.shape.RoundedCornerShape origin=null
            color: CALL 'public final fun getSurfaceContainerLow-0d7_KjU (): androidx.compose.ui.graphics.Color declared in androidx.compose.material3.ColorScheme' type=androidx.compose.ui.graphics.Color origin=GET_PROPERTY
              $this: GET_VAR 'val scheme: androidx.compose.material3.ColorScheme [val] declared in com.pc.fash_android_mobile.ui.explore.FeaturedSellersScreenKt.FeaturedSellerFullCard' type=androidx.compose.material3.ColorScheme origin=null
            contentColor: COMPOSITE type=androidx.compose.ui.graphics.Color origin=DEFAULT_VALUE
              CALL 'public final fun <unsafe-coerce> <T, R> (v: T of kotlin.jvm.internal.<unsafe-coerce>): R of kotlin.jvm.internal.<unsafe-coerce> declared in kotlin.jvm.internal' type=androidx.compose.ui.graphics.Color origin=null
                <T>: kotlin.Long
                <R>: androidx.compose.ui.graphics.Color
                v: CONST Long type=kotlin.Long value=0
            tonalElevation: CALL 'public final fun <get-dp> (): androidx.compose.ui.unit.Dp [inline] declared in androidx.compose.ui.unit.DpKt' type=androidx.compose.ui.unit.Dp origin=GET_PROPERTY
              $receiver: CONST Int type=kotlin.Int value=0
            shadowElevation: CALL 'public final fun <get-dp> (): androidx.compose.ui.unit.Dp [inline] declared in androidx.compose.ui.unit.DpKt' type=androidx.compose.ui.unit.Dp origin=GET_PROPERTY
              $receiver: CONST Int type=kotlin.Int value=0
            border: COMPOSITE type=kotlin.Nothing? origin=DEFAULT_VALUE
              CONST Null type=kotlin.Nothing? value=null
            content: CALL 'public final fun rememberComposableLambda (key: kotlin.Int, tracked: kotlin.Boolean, block: kotlin.Any, $composer: androidx.compose.runtime.Composer?, $changed: kotlin.Int): androidx.compose.runtime.internal.ComposableLambda declared in androidx.compose.runtime.internal.ComposableLambdaKt' type=androidx.compose.runtime.internal.ComposableLambda origin=null
              key: CONST Int type=kotlin.Int value=2124958302
              tracked: CONST Boolean type=kotlin.Boolean value=true
              block: BLOCK type=com.pc.fash_android_mobile.ui.explore.FeaturedSellersScreenKt.FeaturedSellerFullCard.<no name provided> origin=null
                CLASS LAMBDA_IMPL CLASS name:<no name provided> modality:FINAL visibility:public/*package*/ superTypes:[kotlin.Any; kotlin.Function2<androidx.compose.runtime.Composer, kotlin.Int, kotlin.Unit>]
                  $this: VALUE_PARAMETER INSTANCE_RECEIVER name:<this> type:com.pc.fash_android_mobile.ui.explore.FeaturedSellersScreenKt.FeaturedSellerFullCard.<no name provided>
                  CONSTRUCTOR GENERATED_MEMBER_IN_CALLABLE_REFERENCE visibility:public/*package*/ <> ($cardShape:androidx.compose.foundation.shape.RoundedCornerShape, $onSellerClick:kotlin.Function0<kotlin.Unit>, $scheme:androidx.compose.material3.ColorScheme, $seller:com.pc.fash_android_mobile.data.search.FeaturedSellerItem, $previewCoverUrls:kotlin.collections.List<kotlin.String?>, $onListingClick:kotlin.Function1<kotlin.String, kotlin.Unit>) returnType:com.pc.fash_android_mobile.ui.explore.FeaturedSellersScreenKt.FeaturedSellerFullCard.<no name provided> [primary]
                    VALUE_PARAMETER BOUND_VALUE_PARAMETER name:$cardShape index:0 type:androidx.compose.foundation.shape.RoundedCornerShape
                    VALUE_PARAMETER BOUND_VALUE_PARAMETER name:$onSellerClick index:1 type:kotlin.Function0<kotlin.Unit>
                    VALUE_PARAMETER BOUND_VALUE_PARAMETER name:$scheme index:2 type:androidx.compose.material3.ColorScheme
                    VALUE_PARAMETER BOUND_VALUE_PARAMETER name:$seller index:3 type:com.pc.fash_android_mobile.data.search.FeaturedSellerItem
                    VALUE_PARAMETER BOUND_VALUE_PARAMETER name:$previewCoverUrls index:4 type:kotlin.collections.List<kotlin.String?>
                    VALUE_PARAMETER BOUND_VALUE_PARAMETER name:$onListingClick index:5 type:kotlin.Function1<kotlin.String, kotlin.Unit>
                    BLOCK_BODY
                      SET_FIELD 'FIELD FIELD_FOR_CAPTURED_VALUE name:$cardShape type:androidx.compose.foundation.shape.RoundedCornerShape visibility:public/*package*/ [final] declared in com.pc.fash_android_mobile.ui.explore.FeaturedSellersScreenKt.FeaturedSellerFullCard.<no name provided>' type=kotlin.Unit origin=INITIALIZER_OF_FIELD_FOR_CAPTURED_VALUE
                        receiver: GET_VAR '<this>: com.pc.fash_android_mobile.ui.explore.FeaturedSellersScreenKt.FeaturedSellerFullCard.<no name provided> declared in com.pc.fash_android_mobile.ui.explore.FeaturedSellersScreenKt.FeaturedSellerFullCard.<no name provided>' type=com.pc.fash_android_mobile.ui.explore.FeaturedSellersScreenKt.FeaturedSellerFullCard.<no name provided> origin=null
                        value: GET_VAR '$cardShape: androidx.compose.foundation.shape.RoundedCornerShape declared in com.pc.fash_android_mobile.ui.explore.FeaturedSellersScreenKt.FeaturedSellerFullCard.<no name provided>.<init>' type=androidx.compose.foundation.shape.RoundedCornerShape origin=null
                      SET_FIELD 'FIELD FIELD_FOR_CAPTURED_VALUE name:$onSellerClick type:kotlin.Function0<kotlin.Unit> visibility:public/*package*/ [final] declared in com.pc.fash_android_mobile.ui.explore.FeaturedSellersScreenKt.FeaturedSellerFullCard.<no name provided>' type=kotlin.Unit origin=INITIALIZER_OF_FIELD_FOR_CAPTURED_VALUE
                        receiver: GET_VAR '<this>: com.pc.fash_android_mobile.ui.explore.FeaturedSellersScreenKt.FeaturedSellerFullCard.<no name provided> declared in com.pc.fash_android_mobile.ui.explore.FeaturedSellersScreenKt.FeaturedSellerFullCard.<no name provided>' type=com.pc.fash_android_mobile.ui.explore.FeaturedSellersScreenKt.FeaturedSellerFullCard.<no name provided> origin=null
                        value: GET_VAR '$onSellerClick: kotlin.Function0<kotlin.Unit> declared in com.pc.fash_android_mobile.ui.explore.FeaturedSellersScreenKt.FeaturedSellerFullCard.<no name provided>.<init>' type=kotlin.Function0<kotlin.Unit> origin=null
                      SET_FIELD 'FIELD FIELD_FOR_CAPTURED_VALUE name:$scheme type:androidx.compose.material3.ColorScheme visibility:public/*package*/ [final] declared in com.pc.fash_android_mobile.ui.explore.FeaturedSellersScreenKt.FeaturedSellerFullCard.<no name provided>' type=kotlin.Unit origin=INITIALIZER_OF_FIELD_FOR_CAPTURED_VALUE
                        receiver: GET_VAR '<this>: com.pc.fash_android_mobile.ui.explore.FeaturedSellersScreenKt.FeaturedSellerFullCard.<no name provided> declared in com.pc.fash_android_mobile.ui.explore.FeaturedSellersScreenKt.FeaturedSellerFullCard.<no name provided>' type=com.pc.fash_android_mobile.ui.explore.FeaturedSellersScreenKt.FeaturedSellerFullCard.<no name provided> origin=null
                        value: GET_VAR '$scheme: androidx.compose.material3.ColorScheme declared in com.pc.fash_android_mobile.ui.explore.FeaturedSellersScreenKt.FeaturedSellerFullCard.<no name provided>.<init>' type=androidx.compose.material3.ColorScheme origin=null
                      SET_FIELD 'FIELD FIELD_FOR_CAPTURED_VALUE name:$seller type:com.pc.fash_android_mobile.data.search.FeaturedSellerItem visibility:public/*package*/ [final] declared in com.pc.fash_android_mobile.ui.explore.FeaturedSellersScreenKt.FeaturedSellerFullCard.<no name provided>' type=kotlin.Unit origin=INITIALIZER_OF_FIELD_FOR_CAPTURED_VALUE
                        receiver: GET_VAR '<this>: com.pc.fash_android_mobile.ui.explore.FeaturedSellersScreenKt.FeaturedSellerFullCard.<no name provided> declared in com.pc.fash_android_mobile.ui.explore.FeaturedSellersScreenKt.FeaturedSellerFullCard.<no name provided>' type=com.pc.fash_android_mobile.ui.explore.FeaturedSellersScreenKt.FeaturedSellerFullCard.<no name provided> origin=null
                        value: GET_VAR '$seller: com.pc.fash_android_mobile.data.search.FeaturedSellerItem declared in com.pc.fash_android_mobile.ui.explore.FeaturedSellersScreenKt.FeaturedSellerFullCard.<no name provided>.<init>' type=com.pc.fash_android_mobile.data.search.FeaturedSellerItem origin=null
                      SET_FIELD 'FIELD FIELD_FOR_CAPTURED_VALUE name:$previewCoverUrls type:kotlin.collections.List<kotlin.String?> visibility:public/*package*/ [final] declared in com.pc.fash_android_mobile.ui.explore.FeaturedSellersScreenKt.FeaturedSellerFullCard.<no name provided>' type=kotlin.Unit origin=INITIALIZER_OF_FIELD_FOR_CAPTURED_VALUE
                        receiver: GET_VAR '<this>: com.pc.fash_android_mobile.ui.explore.FeaturedSellersScreenKt.FeaturedSellerFullCard.<no name provided> declared in com.pc.fash_android_mobile.ui.explore.FeaturedSellersScreenKt.FeaturedSellerFullCard.<no name provided>' type=com.pc.fash_android_mobile.ui.explore.FeaturedSellersScreenKt.FeaturedSellerFullCard.<no name provided> origin=null
                        value: GET_VAR '$previewCoverUrls: kotlin.collections.List<kotlin.String?> declared in com.pc.fash_android_mobile.ui.explore.FeaturedSellersScreenKt.FeaturedSellerFullCard.<no name provided>.<init>' type=kotlin.collections.List<kotlin.String?> origin=null
                      SET_FIELD 'FIELD FIELD_FOR_CAPTURED_VALUE name:$onListingClick type:kotlin.Function1<kotlin.String, kotlin.Unit> visibility:public/*package*/ [final] declared in com.pc.fash_android_mobile.ui.explore.FeaturedSellersScreenKt.FeaturedSellerFullCard.<no name provided>' type=kotlin.Unit origin=INITIALIZER_OF_FIELD_FOR_CAPTURED_VALUE
                        receiver: GET_VAR '<this>: com.pc.fash_android_mobile.ui.explore.FeaturedSellersScreenKt.FeaturedSellerFullCard.<no name provided> declared in com.pc.fash_android_mobile.ui.explore.FeaturedSellersScreenKt.FeaturedSellerFullCard.<no name provided>' type=com.pc.fash_android_mobile.ui.explore.FeaturedSellersScreenKt.FeaturedSellerFullCard.<no name provided> origin=null
                        value: GET_VAR '$onListingClick: kotlin.Function1<kotlin.String, kotlin.Unit> declared in com.pc.fash_android_mobile.ui.explore.FeaturedSellersScreenKt.FeaturedSellerFullCard.<no name provided>.<init>' type=kotlin.Function1<kotlin.String, kotlin.Unit> origin=null
                      DELEGATING_CONSTRUCTOR_CALL 'public constructor <init> () [primary] declared in kotlin.Any'
                      BLOCK type=kotlin.Unit origin=null
                  FUN name:invoke visibility:public modality:FINAL <> ($this:com.pc.fash_android_mobile.ui.explore.FeaturedSellersScreenKt.FeaturedSellerFullCard.<no name provided>, $composer:androidx.compose.runtime.Composer?, $changed:kotlin.Int) returnType:kotlin.Unit
                    annotations:
                      Composable
                      ComposableTarget(applier = "androidx.compose.ui.UiComposable")
                    overridden:
                      public abstract fun invoke (p1: P1 of kotlin.Function2, p2: P2 of kotlin.Function2): R of kotlin.Function2 [operator] declared in kotlin.Function2
                    $this: VALUE_PARAMETER INSTANCE_RECEIVER name:<this> type:com.pc.fash_android_mobile.ui.explore.FeaturedSellersScreenKt.FeaturedSellerFullCard.<no name provided>
                    VALUE_PARAMETER name:$composer index:0 type:androidx.compose.runtime.Composer? [assignable]
                    VALUE_PARAMETER name:$changed index:1 type:kotlin.Int
                    BLOCK_BODY
                      CALL 'public final fun sourceInformation (composer: androidx.compose.runtime.Composer, sourceInformation: kotlin.String): kotlin.Unit declared in androidx.compose.runtime.ComposerKt' type=kotlin.Unit origin=null
                        composer: GET_VAR '$composer: androidx.compose.runtime.Composer? [assignable] declared in com.pc.fash_android_mobile.ui.explore.FeaturedSellersScreenKt.FeaturedSellerFullCard.<no name provided>.invoke' type=androidx.compose.runtime.Composer? origin=null
                        sourceInformation: CONST String type=kotlin.String value="C223@10028L6552:FeaturedSellersScreen.kt#gwjw0c"
                      WHEN type=kotlin.Unit origin=IF
                        BRANCH
                          if: CALL 'public final fun OROR (arg0: kotlin.Boolean, arg1: kotlin.Boolean): kotlin.Boolean declared in kotlin.internal.ir' type=kotlin.Boolean origin=null
                            arg0: CALL 'public final fun not (): kotlin.Boolean [operator] declared in kotlin.Boolean' type=kotlin.Boolean origin=null
                              $this: CALL 'public final fun EQEQ (arg0: kotlin.Any?, arg1: kotlin.Any?): kotlin.Boolean declared in kotlin.internal.ir' type=kotlin.Boolean origin=null
                                arg0: CALL 'public final fun and (other: kotlin.Int): kotlin.Int [infix] declared in kotlin.Int' type=kotlin.Int origin=null
                                  $this: GET_VAR '$changed: kotlin.Int declared in com.pc.fash_android_mobile.ui.explore.FeaturedSellersScreenKt.FeaturedSellerFullCard.<no name provided>.invoke' type=kotlin.Int origin=null
                                  other: CONST Int type=kotlin.Int value=3
                                arg1: CONST Int type=kotlin.Int value=2
                            arg1: CALL 'public final fun not (): kotlin.Boolean [operator] declared in kotlin.Boolean' type=kotlin.Boolean origin=null
                              $this: CALL 'public abstract fun <get-skipping> (): kotlin.Boolean declared in androidx.compose.runtime.Composer' type=kotlin.Boolean origin=null
                                $this: GET_VAR '$composer: androidx.compose.runtime.Composer? [assignable] declared in com.pc.fash_android_mobile.ui.explore.FeaturedSellersScreenKt.FeaturedSellerFullCard.<no name provided>.invoke' type=androidx.compose.runtime.Composer? origin=null
                          then: BLOCK type=kotlin.Unit origin=null
                            WHEN type=kotlin.Unit origin=IF
                              BRANCH
                                if: CALL 'public final fun isTraceInProgress (): kotlin.Boolean declared in androidx.compose.runtime.ComposerKt' type=kotlin.Boolean origin=null
                                then: CALL 'public final fun traceEventStart (key: kotlin.Int, dirty1: kotlin.Int, dirty2: kotlin.Int, info: kotlin.String): kotlin.Unit declared in androidx.compose.runtime.ComposerKt' type=kotlin.Unit origin=null
                                  key: CONST Int type=kotlin.Int value=2124958302
                                  dirty1: GET_VAR '$changed: kotlin.Int declared in com.pc.fash_android_mobile.ui.explore.FeaturedSellersScreenKt.FeaturedSellerFullCard.<no name provided>.invoke' type=kotlin.Int origin=null
                                  dirty2: CONST Int type=kotlin.Int value=-1
                                  info: CONST String type=kotlin.String value="com.pc.fash_android_mobile.ui.explore.FeaturedSellerFullCard.<anonymous> (FeaturedSellersScreen.kt:223)"
                            CALL 'public final fun Column (modifier: androidx.compose.ui.Modifier?, verticalArrangement: androidx.compose.foundation.layout.Arrangement.Vertical?, horizontalAlignment: androidx.compose.ui.Alignment.Horizontal?, content: @[ExtensionFunctionType] kotlin.Function3<androidx.compose.foundation.layout.ColumnScope, androidx.compose.runtime.Composer, kotlin.Int, kotlin.Unit>, $composer: androidx.compose.runtime.Composer?, $changed: kotlin.Int, $default: kotlin.Int): kotlin.Unit [inline] declared in androidx.compose.foundation.layout.ColumnKt' type=kotlin.Unit origin=null
                              modifier: CALL 'public final fun padding-3ABfNKs (all: androidx.compose.ui.unit.Dp): androidx.compose.ui.Modifier declared in androidx.compose.foundation.layout.PaddingKt' type=androidx.compose.ui.Modifier origin=null
                                $receiver: CALL 'public final fun fillMaxWidth$default (fraction: kotlin.Float, $mask0: kotlin.Int, $handler: kotlin.Any?): androidx.compose.ui.Modifier declared in androidx.compose.foundation.layout.SizeKt' type=androidx.compose.ui.Modifier origin=DEFAULT_DISPATCH_CALL
                                  $receiver: GET_FIELD 'FIELD FIELD_FOR_OBJECT_INSTANCE name:Companion type:androidx.compose.ui.Modifier.Companion visibility:public [final,static] declared in androidx.compose.ui.Modifier' type=androidx.compose.ui.Modifier.Companion origin=null
                                  fraction: COMPOSITE type=kotlin.Float origin=DEFAULT_VALUE
                                    CONST Float type=kotlin.Float value=0.0
                                  $mask0: CONST Int type=kotlin.Int value=1
                                  $handler: CONST Null type=kotlin.Any? value=null
                                all: CALL 'public final fun <get-dp> (): androidx.compose.ui.unit.Dp [inline] declared in androidx.compose.ui.unit.DpKt' type=androidx.compose.ui.unit.Dp origin=GET_PROPERTY
                                  $receiver: CONST Int type=kotlin.Int value=14
                              verticalArrangement: COMPOSITE type=kotlin.Nothing? origin=DEFAULT_VALUE
                                CONST Null type=kotlin.Nothing? value=null
                              horizontalAlignment: COMPOSITE type=kotlin.Nothing? origin=DEFAULT_VALUE
                                CONST Null type=kotlin.Nothing? value=null
                              content: BLOCK type=@[ExtensionFunctionType] kotlin.Function3<androidx.compose.foundation.layout.ColumnScope, androidx.compose.runtime.Composer, kotlin.Int, kotlin.Unit> origin=LAMBDA
                                COMPOSITE type=kotlin.Unit origin=null
                                FUNCTION_REFERENCE 'private final fun invoke$lambda$13 ($cardShape: androidx.compose.foundation.shape.RoundedCornerShape, $onSellerClick: kotlin.Function0<kotlin.Unit>, $scheme: androidx.compose.material3.ColorScheme, $seller: com.pc.fash_android_mobile.data.search.FeaturedSellerItem, $previewCoverUrls: kotlin.collections.List<kotlin.String?>, $onListingClick: kotlin.Function1<kotlin.String, kotlin.Unit>, $composer: androidx.compose.runtime.Composer?, $changed: kotlin.Int): kotlin.Unit declared in com.pc.fash_android_mobile.ui.explore.FeaturedSellersScreenKt.FeaturedSellerFullCard.<no name provided>' type=@[ExtensionFunctionType] kotlin.Function3<androidx.compose.foundation.layout.ColumnScope, androidx.compose.runtime.Composer, kotlin.Int, kotlin.Unit> origin=INLINE_LAMBDA reflectionTarget=null
                                  $cardShape: GET_FIELD 'FIELD FIELD_FOR_CAPTURED_VALUE name:$cardShape type:androidx.compose.foundation.shape.RoundedCornerShape visibility:public/*package*/ [final] declared in com.pc.fash_android_mobile.ui.explore.FeaturedSellersScreenKt.FeaturedSellerFullCard.<no name provided>' type=androidx.compose.foundation.shape.RoundedCornerShape origin=null
                                    receiver: GET_VAR '<this>: com.pc.fash_android_mobile.ui.explore.FeaturedSellersScreenKt.FeaturedSellerFullCard.<no name provided> declared in com.pc.fash_android_mobile.ui.explore.FeaturedSellersScreenKt.FeaturedSellerFullCard.<no name provided>.invoke' type=com.pc.fash_android_mobile.ui.explore.FeaturedSellersScreenKt.FeaturedSellerFullCard.<no name provided> origin=null
                                  $onSellerClick: GET_FIELD 'FIELD FIELD_FOR_CAPTURED_VALUE name:$onSellerClick type:kotlin.Function0<kotlin.Unit> visibility:public/*package*/ [final] declared in com.pc.fash_android_mobile.ui.explore.FeaturedSellersScreenKt.FeaturedSellerFullCard.<no name provided>' type=kotlin.Function0<kotlin.Unit> origin=null
                                    receiver: GET_VAR '<this>: com.pc.fash_android_mobile.ui.explore.FeaturedSellersScreenKt.FeaturedSellerFullCard.<no name provided> declared in com.pc.fash_android_mobile.ui.explore.FeaturedSellersScreenKt.FeaturedSellerFullCard.<no name provided>.invoke' type=com.pc.fash_android_mobile.ui.explore.FeaturedSellersScreenKt.FeaturedSellerFullCard.<no name provided> origin=null
                                  $scheme: GET_FIELD 'FIELD FIELD_FOR_CAPTURED_VALUE name:$scheme type:androidx.compose.material3.ColorScheme visibility:public/*package*/ [final] declared in com.pc.fash_android_mobile.ui.explore.FeaturedSellersScreenKt.FeaturedSellerFullCard.<no name provided>' type=androidx.compose.material3.ColorScheme origin=null
                                    receiver: GET_VAR '<this>: com.pc.fash_android_mobile.ui.explore.FeaturedSellersScreenKt.FeaturedSellerFullCard.<no name provided> declared in com.pc.fash_android_mobile.ui.explore.FeaturedSellersScreenKt.FeaturedSellerFullCard.<no name provided>.invoke' type=com.pc.fash_android_mobile.ui.explore.FeaturedSellersScreenKt.FeaturedSellerFullCard.<no name provided> origin=null
                                  $seller: GET_FIELD 'FIELD FIELD_FOR_CAPTURED_VALUE name:$seller type:com.pc.fash_android_mobile.data.search.FeaturedSellerItem visibility:public/*package*/ [final] declared in com.pc.fash_android_mobile.ui.explore.FeaturedSellersScreenKt.FeaturedSellerFullCard.<no name provided>' type=com.pc.fash_android_mobile.data.search.FeaturedSellerItem origin=null
                                    receiver: GET_VAR '<this>: com.pc.fash_android_mobile.ui.explore.FeaturedSellersScreenKt.FeaturedSellerFullCard.<no name provided> declared in com.pc.fash_android_mobile.ui.explore.FeaturedSellersScreenKt.FeaturedSellerFullCard.<no name provided>.invoke' type=com.pc.fash_android_mobile.ui.explore.FeaturedSellersScreenKt.FeaturedSellerFullCard.<no name provided> origin=null
                                  $previewCoverUrls: GET_FIELD 'FIELD FIELD_FOR_CAPTURED_VALUE name:$previewCoverUrls type:kotlin.collections.List<kotlin.String?> visibility:public/*package*/ [final] declared in com.pc.fash_android_mobile.ui.explore.FeaturedSellersScreenKt.FeaturedSellerFullCard.<no name provided>' type=kotlin.collections.List<kotlin.String?> origin=null
                                    receiver: GET_VAR '<this>: com.pc.fash_android_mobile.ui.explore.FeaturedSellersScreenKt.FeaturedSellerFullCard.<no name provided> declared in com.pc.fash_android_mobile.ui.explore.FeaturedSellersScreenKt.FeaturedSellerFullCard.<no name provided>.invoke' type=com.pc.fash_android_mobile.ui.explore.FeaturedSellersScreenKt.FeaturedSellerFullCard.<no name provided> origin=null
                                  $onListingClick: GET_FIELD 'FIELD FIELD_FOR_CAPTURED_VALUE name:$onListingClick type:kotlin.Function1<kotlin.String, kotlin.Unit> visibility:public/*package*/ [final] declared in com.pc.fash_android_mobile.ui.explore.FeaturedSellersScreenKt.FeaturedSellerFullCard.<no name provided>' type=kotlin.Function1<kotlin.String, kotlin.Unit> origin=null
                                    receiver: GET_VAR '<this>: com.pc.fash_android_mobile.ui.explore.FeaturedSellersScreenKt.FeaturedSellerFullCard.<no name provided> declared in com.pc.fash_android_mobile.ui.explore.FeaturedSellersScreenKt.FeaturedSellerFullCard.<no name provided>.invoke' type=com.pc.fash_android_mobile.ui.explore.FeaturedSellersScreenKt.FeaturedSellerFullCard.<no name provided> origin=null
                              $composer: GET_VAR '$composer: androidx.compose.runtime.Composer? [assignable] declared in com.pc.fash_android_mobile.ui.explore.FeaturedSellersScreenKt.FeaturedSellerFullCard.<no name provided>.invoke' type=androidx.compose.runtime.Composer? origin=null
                              $changed: CONST Int type=kotlin.Int value=6
                              $default: CONST Int type=kotlin.Int value=6
                            WHEN type=kotlin.Unit origin=IF
                              BRANCH
                                if: CALL 'public final fun isTraceInProgress (): kotlin.Boolean declared in androidx.compose.runtime.ComposerKt' type=kotlin.Boolean origin=null
                                then: CALL 'public final fun traceEventEnd (): kotlin.Unit declared in androidx.compose.runtime.ComposerKt' type=kotlin.Unit origin=null
                        BRANCH
                          if: CONST Boolean type=kotlin.Boolean value=true
                          then: CALL 'public abstract fun skipToGroupEnd (): kotlin.Unit declared in androidx.compose.runtime.Composer' type=kotlin.Unit origin=null
                            $this: GET_VAR '$composer: androidx.compose.runtime.Composer? [assignable] declared in com.pc.fash_android_mobile.ui.explore.FeaturedSellersScreenKt.FeaturedSellerFullCard.<no name provided>.invoke' type=androidx.compose.runtime.Composer? origin=null
                  FIELD FIELD_FOR_CAPTURED_VALUE name:$cardShape type:androidx.compose.foundation.shape.RoundedCornerShape visibility:public/*package*/ [final]
                  FIELD FIELD_FOR_CAPTURED_VALUE name:$onSellerClick type:kotlin.Function0<kotlin.Unit> visibility:public/*package*/ [final]
                  FIELD FIELD_FOR_CAPTURED_VALUE name:$scheme type:androidx.compose.material3.ColorScheme visibility:public/*package*/ [final]
                  FIELD FIELD_FOR_CAPTURED_VALUE name:$seller type:com.pc.fash_android_mobile.data.search.FeaturedSellerItem visibility:public/*package*/ [final]
                  FIELD FIELD_FOR_CAPTURED_VALUE name:$previewCoverUrls type:kotlin.collections.List<kotlin.String?> visibility:public/*package*/ [final]
                  FIELD FIELD_FOR_CAPTURED_VALUE name:$onListingClick type:kotlin.Function1<kotlin.String, kotlin.Unit> visibility:public/*package*/ [final]
                  FUN INLINE_LAMBDA name:invoke$lambda$13$lambda$9$lambda$0 visibility:private modality:FINAL <> (it:kotlin.String) returnType:kotlin.Boolean
                    VALUE_PARAMETER name:it index:0 type:kotlin.String
                    BLOCK_BODY
                      VAR name:$i$a$-takeIf-FeaturedSellersScreenKt$FeaturedSellerFullCard$1$1$1$avatarUrl$1 type:kotlin.Int [val]
                        CONST Int type=kotlin.Int value=0
                      BLOCK type=kotlin.Nothing origin=null
                        VAR IR_TEMPORARY_VARIABLE name:tmp0_return type:kotlin.Boolean [val]
                          CALL 'public final fun isNotBlank (): kotlin.Boolean [inline] declared in kotlin.text.StringsKt' type=kotlin.Boolean origin=null
                            $receiver: GET_VAR 'it: kotlin.String declared in com.pc.fash_android_mobile.ui.explore.FeaturedSellersScreenKt.FeaturedSellerFullCard.<no name provided>.invoke$lambda$13$lambda$9$lambda$0' type=kotlin.String origin=null
                        COMPOSITE type=kotlin.Unit origin=null
                        RETURN type=kotlin.Nothing from='private final fun invoke$lambda$13$lambda$9$lambda$0 (it: kotlin.String): kotlin.Boolean declared in com.pc.fash_android_mobile.ui.explore.FeaturedSellersScreenKt.FeaturedSellerFullCard.<no name provided>'
                          GET_VAR 'val tmp0_return: kotlin.Boolean [val] declared in com.pc.fash_android_mobile.ui.explore.FeaturedSellersScreenKt.FeaturedSellerFullCard.<no name provided>.invoke$lambda$13$lambda$9$lambda$0' type=kotlin.Boolean origin=null
                  FUN INLINE_LAMBDA name:invoke$lambda$13$lambda$9$lambda$1 visibility:private modality:FINAL <> (it:kotlin.String) returnType:kotlin.String
                    VALUE_PARAMETER name:it index:0 type:kotlin.String
                    BLOCK_BODY
                      VAR name:$i$a$-let-FeaturedSellersScreenKt$FeaturedSellerFullCard$1$1$1$avatarUrl$2 type:kotlin.Int [val]
                        CONST Int type=kotlin.Int value=0
                      BLOCK type=kotlin.Nothing origin=null
                        VAR IR_TEMPORARY_VARIABLE name:tmp0_return type:kotlin.String [val]
                          CALL 'public final fun resolveProfileImageUrl (path: kotlin.String): kotlin.String declared in com.pc.fash_android_mobile.ui.feed.FeedImageUrlKt' type=kotlin.String origin=null
                            path: GET_VAR 'it: kotlin.String declared in com.pc.fash_android_mobile.ui.explore.FeaturedSellersScreenKt.FeaturedSellerFullCard.<no name provided>.invoke$lambda$13$lambda$9$lambda$1' type=kotlin.String origin=null
                        COMPOSITE type=kotlin.Unit origin=null
                        RETURN type=kotlin.Nothing from='private final fun invoke$lambda$13$lambda$9$lambda$1 (it: kotlin.String): kotlin.String declared in com.pc.fash_android_mobile.ui.explore.FeaturedSellersScreenKt.FeaturedSellerFullCard.<no name provided>'
                          GET_VAR 'val tmp0_return: kotlin.String [val] declared in com.pc.fash_android_mobile.ui.explore.FeaturedSellersScreenKt.FeaturedSellerFullCard.<no name provided>.invoke$lambda$13$lambda$9$lambda$1' type=kotlin.String origin=null
                  FUN INLINE_LAMBDA name:invoke$lambda$13$lambda$9$lambda$8$lambda$4$lambda$2 visibility:private modality:FINAL <> ($seller:com.pc.fash_android_mobile.data.search.FeaturedSellerItem) returnType:kotlin.String
                    VALUE_PARAMETER BOUND_VALUE_PARAMETER name:$seller index:0 type:com.pc.fash_android_mobile.data.search.FeaturedSellerItem
                    BLOCK_BODY
                      VAR name:$i$a$-ifBlank-FeaturedSellersScreenKt$FeaturedSellerFullCard$1$1$1$1$1$1 type:kotlin.Int [val]
                        CONST Int type=kotlin.Int value=0
                      BLOCK type=kotlin.Nothing origin=null
                        VAR IR_TEMPORARY_VARIABLE name:tmp0_return type:kotlin.String [val]
                          CALL 'public final fun <get-username> (): kotlin.String declared in com.pc.fash_android_mobile.data.search.FeaturedSellerItem' type=kotlin.String origin=GET_PROPERTY
                            $this: GET_VAR '$seller: com.pc.fash_android_mobile.data.search.FeaturedSellerItem declared in com.pc.fash_android_mobile.ui.explore.FeaturedSellersScreenKt.FeaturedSellerFullCard.<no name provided>.invoke$lambda$13$lambda$9$lambda$8$lambda$4$lambda$2' type=com.pc.fash_android_mobile.data.search.FeaturedSellerItem origin=null
                        COMPOSITE type=kotlin.Unit origin=null
                        RETURN type=kotlin.Nothing from='private final fun invoke$lambda$13$lambda$9$lambda$8$lambda$4$lambda$2 ($seller: com.pc.fash_android_mobile.data.search.FeaturedSellerItem): kotlin.String declared in com.pc.fash_android_mobile.ui.explore.FeaturedSellersScreenKt.FeaturedSellerFullCard.<no name provided>'
                          GET_VAR 'val tmp0_return: kotlin.String [val] declared in com.pc.fash_android_mobile.ui.explore.FeaturedSellersScreenKt.FeaturedSellerFullCard.<no name provided>.invoke$lambda$13$lambda$9$lambda$8$lambda$4$lambda$2' type=kotlin.String origin=null
                  FUN INLINE_LAMBDA name:invoke$lambda$13$lambda$9$lambda$8$lambda$4$lambda$3 visibility:private modality:FINAL <> () returnType:kotlin.String
                    BLOCK_BODY
                      VAR name:$i$a$-ifBlank-FeaturedSellersScreenKt$FeaturedSellerFullCard$1$1$1$1$1$2 type:kotlin.Int [val]
                        CONST Int type=kotlin.Int value=0
                      BLOCK type=kotlin.Nothing origin=null
                        COMPOSITE type=kotlin.Unit origin=null
                        RETURN type=kotlin.Nothing from='private final fun invoke$lambda$13$lambda$9$lambda$8$lambda$4$lambda$3 (): kotlin.String declared in com.pc.fash_android_mobile.ui.explore.FeaturedSellersScreenKt.FeaturedSellerFullCard.<no name provided>'
                          CONST String type=kotlin.String value="—"
                  FUN INLINE_LAMBDA name:invoke$lambda$13$lambda$9$lambda$8$lambda$4 visibility:private modality:FINAL <> ($receiver:androidx.compose.foundation.layout.RowScope, $seller:com.pc.fash_android_mobile.data.search.FeaturedSellerItem, $scheme:androidx.compose.material3.ColorScheme, $composer:androidx.compose.runtime.Composer?, $changed:kotlin.Int) returnType:kotlin.Unit
                    annotations:
                      Composable
                      ComposableTarget(applier = "androidx.compose.ui.UiComposable")
                    $receiver: VALUE_PARAMETER name:$this$Row type:androidx.compose.foundation.layout.RowScope
                    VALUE_PARAMETER BOUND_VALUE_PARAMETER name:$seller index:0 type:com.pc.fash_android_mobile.data.search.FeaturedSellerItem
                    VALUE_PARAMETER BOUND_VALUE_PARAMETER name:$scheme index:1 type:androidx.compose.material3.ColorScheme
                    VALUE_PARAMETER name:$composer index:2 type:androidx.compose.runtime.Composer? [assignable]
                    VALUE_PARAMETER name:$changed index:3 type:kotlin.Int
                    BLOCK_BODY
                      VAR name:$i$a$-Row-FeaturedSellersScreenKt$FeaturedSellerFullCard$1$1$1$1$1 type:kotlin.Int [val]
                        CONST Int type=kotlin.Int value=0
                      BLOCK type=kotlin.Unit origin=null
                        CALL 'public final fun sourceInformationMarkerStart (composer: androidx.compose.runtime.Composer, key: kotlin.Int, sourceInformation: kotlin.String): kotlin.Unit declared in androidx.compose.runtime.ComposerKt' type=kotlin.Unit origin=null
                          composer: GET_VAR '$composer: androidx.compose.runtime.Composer? [assignable] declared in com.pc.fash_android_mobile.ui.explore.FeaturedSellersScreenKt.FeaturedSellerFullCard.<no name provided>.invoke$lambda$13$lambda$9$lambda$8$lambda$4' type=androidx.compose.runtime.Composer? origin=null
                          key: CONST Int type=kotlin.Int value=-1838053458
                          sourceInformation: CONST String type=kotlin.String value="C249@11145L10,247@10990L474:FeaturedSellersScreen.kt#gwjw0c"
                        COMPOSITE type=kotlin.Unit origin=null
                          BLOCK type=kotlin.Unit origin=ARGUMENTS_REORDERING_FOR_CALL
                            VAR IR_TEMPORARY_VARIABLE name:tmp0_text type:kotlin.String [val]
                              CALL 'public final fun ifBlank <C, R> (defaultValue: kotlin.Function0<R of kotlin.text.StringsKt.ifBlank>): R of kotlin.text.StringsKt.ifBlank [inline] declared in kotlin.text.StringsKt' type=kotlin.String origin=null
                                <C>: kotlin.String
                                <R>: kotlin.String
                                $receiver: CALL 'public final fun ifBlank <C, R> (defaultValue: kotlin.Function0<R of kotlin.text.StringsKt.ifBlank>): R of kotlin.text.StringsKt.ifBlank [inline] declared in kotlin.text.StringsKt' type=kotlin.String origin=null
                                  <C>: kotlin.String
                                  <R>: kotlin.String
                                  $receiver: CALL 'public final fun <get-displayName> (): kotlin.String declared in com.pc.fash_android_mobile.data.search.FeaturedSellerItem' type=kotlin.String origin=GET_PROPERTY
                                    $this: GET_VAR '$seller: com.pc.fash_android_mobile.data.search.FeaturedSellerItem declared in com.pc.fash_android_mobile.ui.explore.FeaturedSellersScreenKt.FeaturedSellerFullCard.<no name provided>.invoke$lambda$13$lambda$9$lambda$8$lambda$4' type=com.pc.fash_android_mobile.data.search.FeaturedSellerItem origin=null
                                  defaultValue: BLOCK type=kotlin.Function0<kotlin.String> origin=LAMBDA
                                    COMPOSITE type=kotlin.Unit origin=null
                                    FUNCTION_REFERENCE 'private final fun invoke$lambda$13$lambda$9$lambda$8$lambda$4$lambda$2 ($seller: com.pc.fash_android_mobile.data.search.FeaturedSellerItem): kotlin.String declared in com.pc.fash_android_mobile.ui.explore.FeaturedSellersScreenKt.FeaturedSellerFullCard.<no name provided>' type=kotlin.Function0<kotlin.String> origin=INLINE_LAMBDA reflectionTarget=null
                                      $seller: GET_VAR '$seller: com.pc.fash_android_mobile.data.search.FeaturedSellerItem declared in com.pc.fash_android_mobile.ui.explore.FeaturedSellersScreenKt.FeaturedSellerFullCard.<no name provided>.invoke$lambda$13$lambda$9$lambda$8$lambda$4' type=com.pc.fash_android_mobile.data.search.FeaturedSellerItem origin=null
                                defaultValue: BLOCK type=kotlin.Function0<kotlin.String> origin=LAMBDA
                                  COMPOSITE type=kotlin.Unit origin=null
                                  FUNCTION_REFERENCE 'private final fun invoke$lambda$13$lambda$9$lambda$8$lambda$4$lambda$3 (): kotlin.String declared in com.pc.fash_android_mobile.ui.explore.FeaturedSellersScreenKt.FeaturedSellerFullCard.<no name provided>' type=kotlin.Function0<kotlin.String> origin=INLINE_LAMBDA reflectionTarget=null
                            VAR IR_TEMPORARY_VARIABLE name:tmp1_style type:androidx.compose.ui.text.TextStyle [val]
                              CALL 'public final fun copy-p1EtxEg$default ($this: androidx.compose.ui.text.TextStyle, color: androidx.compose.ui.graphics.Color, fontSize: androidx.compose.ui.unit.TextUnit, fontWeight: androidx.compose.ui.text.font.FontWeight?, fontStyle: androidx.compose.ui.text.font.FontStyle?, fontSynthesis: androidx.compose.ui.text.font.FontSynthesis?, fontFamily: androidx.compose.ui.text.font.FontFamily?, fontFeatureSettings: kotlin.String?, letterSpacing: androidx.compose.ui.unit.TextUnit, baselineShift: androidx.compose.ui.text.style.BaselineShift?, textGeometricTransform: androidx.compose.ui.text.style.TextGeometricTransform?, localeList: androidx.compose.ui.text.intl.LocaleList?, background: androidx.compose.ui.graphics.Color, textDecoration: androidx.compose.ui.text.style.TextDecoration?, shadow: androidx.compose.ui.graphics.Shadow?, drawStyle: androidx.compose.ui.graphics.drawscope.DrawStyle?, textAlign: androidx.compose.ui.text.style.TextAlign, textDirection: androidx.compose.ui.text.style.TextDirection, lineHeight: androidx.compose.ui.unit.TextUnit, textIndent: androidx.compose.ui.text.style.TextIndent?, platformStyle: androidx.compose.ui.text.PlatformTextStyle?, lineHeightStyle: androidx.compose.ui.text.style.LineHeightStyle?, lineBreak: androidx.compose.ui.text.style.LineBreak, hyphens: androidx.compose.ui.text.style.Hyphens, textMotion: androidx.compose.ui.text.style.TextMotion?, $mask0: kotlin.Int, $handler: kotlin.Any?): androidx.compose.ui.text.TextStyle declared in androidx.compose.ui.text.TextStyle' type=androidx.compose.ui.text.TextStyle origin=DEFAULT_DISPATCH_CALL
                                $this: CALL 'public final fun <get-titleSmall> (): androidx.compose.ui.text.TextStyle declared in androidx.compose.material3.Typography' type=androidx.compose.ui.text.TextStyle origin=GET_PROPERTY
                                  $this: CALL 'public final fun <get-typography> ($composer: androidx.compose.runtime.Composer?, $changed: kotlin.Int): androidx.compose.material3.Typography declared in androidx.compose.material3.MaterialTheme' type=androidx.compose.material3.Typography origin=GET_PROPERTY
                                    $this: GET_FIELD 'FIELD FIELD_FOR_OBJECT_INSTANCE name:INSTANCE type:androidx.compose.material3.MaterialTheme visibility:public [final,static] declared in androidx.compose.material3.MaterialTheme' type=androidx.compose.material3.MaterialTheme origin=null
                                    $composer: GET_VAR '$composer: androidx.compose.runtime.Composer? [assignable] declared in com.pc.fash_android_mobile.ui.explore.FeaturedSellersScreenKt.FeaturedSellerFullCard.<no name provided>.invoke$lambda$13$lambda$9$lambda$8$lambda$4' type=androidx.compose.runtime.Composer? origin=null
                                    $changed: GET_FIELD 'FIELD name:$stable type:kotlin.Int visibility:public [final,static] declared in androidx.compose.material3.MaterialTheme' type=kotlin.Int origin=null
                                color: COMPOSITE type=androidx.compose.ui.graphics.Color origin=DEFAULT_VALUE
                                  CALL 'public final fun <unsafe-coerce> <T, R> (v: T of kotlin.jvm.internal.<unsafe-coerce>): R of kotlin.jvm.internal.<unsafe-coerce> declared in kotlin.jvm.internal' type=androidx.compose.ui.graphics.Color origin=null
                                    <T>: kotlin.Long
                                    <R>: androidx.compose.ui.graphics.Color
                                    v: CONST Long type=kotlin.Long value=0
                                fontSize: COMPOSITE type=androidx.compose.ui.unit.TextUnit origin=DEFAULT_VALUE
                                  CALL 'public final fun <unsafe-coerce> <T, R> (v: T of kotlin.jvm.internal.<unsafe-coerce>): R of kotlin.jvm.internal.<unsafe-coerce> declared in kotlin.jvm.internal' type=androidx.compose.ui.unit.TextUnit origin=null
                                    <T>: kotlin.Long
                                    <R>: androidx.compose.ui.unit.TextUnit
                                    v: CONST Long type=kotlin.Long value=0
                                fontWeight: CALL 'public final fun <get-SemiBold> (): androidx.compose.ui.text.font.FontWeight declared in androidx.compose.ui.text.font.FontWeight.Companion' type=androidx.compose.ui.text.font.FontWeight origin=GET_PROPERTY
                                  $this: GET_FIELD 'FIELD FIELD_FOR_OBJECT_INSTANCE name:Companion type:androidx.compose.ui.text.font.FontWeight.Companion visibility:public [final,static] declared in androidx.compose.ui.text.font.FontWeight' type=androidx.compose.ui.text.font.FontWeight.Companion origin=null
                                fontStyle: COMPOSITE type=androidx.compose.ui.text.font.FontStyle? origin=DEFAULT_VALUE
                                  CONST Null type=androidx.compose.ui.text.font.FontStyle? value=null
                                fontSynthesis: COMPOSITE type=androidx.compose.ui.text.font.FontSynthesis? origin=DEFAULT_VALUE
                                  CONST Null type=androidx.compose.ui.text.font.FontSynthesis? value=null
                                fontFamily: COMPOSITE type=androidx.compose.ui.text.font.FontFamily? origin=DEFAULT_VALUE
                                  CONST Null type=androidx.compose.ui.text.font.FontFamily? value=null
                                fontFeatureSettings: COMPOSITE type=kotlin.String? origin=DEFAULT_VALUE
                                  CONST Null type=kotlin.String? value=null
                                letterSpacing: COMPOSITE type=androidx.compose.ui.unit.TextUnit origin=DEFAULT_VALUE
                                  CALL 'public final fun <unsafe-coerce> <T, R> (v: T of kotlin.jvm.internal.<unsafe-coerce>): R of kotlin.jvm.internal.<unsafe-coerce> declared in kotlin.jvm.internal' type=androidx.compose.ui.unit.TextUnit origin=null
                                    <T>: kotlin.Long
                                    <R>: androidx.compose.ui.unit.TextUnit
                                    v: CONST Long type=kotlin.Long value=0
                                baselineShift: COMPOSITE type=androidx.compose.ui.text.style.BaselineShift? origin=DEFAULT_VALUE
                                  CONST Null type=androidx.compose.ui.text.style.BaselineShift? value=null
                                textGeometricTransform: COMPOSITE type=androidx.compose.ui.text.style.TextGeometricTransform? origin=DEFAULT_VALUE
                                  CONST Null type=androidx.compose.ui.text.style.TextGeometricTransform? value=null
                                localeList: COMPOSITE type=androidx.compose.ui.text.intl.LocaleList? origin=DEFAULT_VALUE
                                  CONST Null type=androidx.compose.ui.text.intl.LocaleList? value=null
                                background: COMPOSITE type=androidx.compose.ui.graphics.Color origin=DEFAULT_VALUE
                                  CALL 'public final fun <unsafe-coerce> <T, R> (v: T of kotlin.jvm.internal.<unsafe-coerce>): R of kotlin.jvm.internal.<unsafe-coerce> declared in kotlin.jvm.internal' type=androidx.compose.ui.graphics.Color origin=null
                                    <T>: kotlin.Long
                                    <R>: androidx.compose.ui.graphics.Color
                                    v: CONST Long type=kotlin.Long value=0
                                textDecoration: COMPOSITE type=androidx.compose.ui.text.style.TextDecoration? origin=DEFAULT_VALUE
                                  CONST Null type=androidx.compose.ui.text.style.TextDecoration? value=null
                                shadow: COMPOSITE type=androidx.compose.ui.graphics.Shadow? origin=DEFAULT_VALUE
                                  CONST Null type=androidx.compose.ui.graphics.Shadow? value=null
                                drawStyle: COMPOSITE type=androidx.compose.ui.graphics.drawscope.DrawStyle? origin=DEFAULT_VALUE
                                  CONST Null type=androidx.compose.ui.graphics.drawscope.DrawStyle? value=null
                                textAlign: COMPOSITE type=androidx.compose.ui.text.style.TextAlign origin=DEFAULT_VALUE
                                  CALL 'public final fun <unsafe-coerce> <T, R> (v: T of kotlin.jvm.internal.<unsafe-coerce>): R of kotlin.jvm.internal.<unsafe-coerce> declared in kotlin.jvm.internal' type=androidx.compose.ui.text.style.TextAlign origin=null
                                    <T>: kotlin.Int
                                    <R>: androidx.compose.ui.text.style.TextAlign
                                    v: CONST Int type=kotlin.Int value=0
                                textDirection: COMPOSITE type=androidx.compose.ui.text.style.TextDirection origin=DEFAULT_VALUE
                                  CALL 'public final fun <unsafe-coerce> <T, R> (v: T of kotlin.jvm.internal.<unsafe-coerce>): R of kotlin.jvm.internal.<unsafe-coerce> declared in kotlin.jvm.internal' type=androidx.compose.ui.text.style.TextDirection origin=null
                                    <T>: kotlin.Int
                                    <R>: androidx.compose.ui.text.style.TextDirection
                                    v: CONST Int type=kotlin.Int value=0
                                lineHeight: COMPOSITE type=androidx.compose.ui.unit.TextUnit origin=DEFAULT_VALUE
                                  CALL 'public final fun <unsafe-coerce> <T, R> (v: T of kotlin.jvm.internal.<unsafe-coerce>): R of kotlin.jvm.internal.<unsafe-coerce> declared in kotlin.jvm.internal' type=androidx.compose.ui.unit.TextUnit origin=null
                                    <T>: kotlin.Long
                                    <R>: androidx.compose.ui.unit.TextUnit
                                    v: CONST Long type=kotlin.Long value=0
                                textIndent: COMPOSITE type=androidx.compose.ui.text.style.TextIndent? origin=DEFAULT_VALUE
                                  CONST Null type=androidx.compose.ui.text.style.TextIndent? value=null
                                platformStyle: COMPOSITE type=androidx.compose.ui.text.PlatformTextStyle? origin=DEFAULT_VALUE
                                  CONST Null type=androidx.compose.ui.text.PlatformTextStyle? value=null
                                lineHeightStyle: COMPOSITE type=androidx.compose.ui.text.style.LineHeightStyle? origin=DEFAULT_VALUE
                                  CONST Null type=androidx.compose.ui.text.style.LineHeightStyle? value=null
                                lineBreak: COMPOSITE type=androidx.compose.ui.text.style.LineBreak origin=DEFAULT_VALUE
                                  CALL 'public final fun <unsafe-coerce> <T, R> (v: T of kotlin.jvm.internal.<unsafe-coerce>): R of kotlin.jvm.internal.<unsafe-coerce> declared in kotlin.jvm.internal' type=androidx.compose.ui.text.style.LineBreak origin=null
                                    <T>: kotlin.Int
                                    <R>: androidx.compose.ui.text.style.LineBreak
                                    v: CONST Int type=kotlin.Int value=0
                                hyphens: COMPOSITE type=androidx.compose.ui.text.style.Hyphens origin=DEFAULT_VALUE
                                  CALL 'public final fun <unsafe-coerce> <T, R> (v: T of kotlin.jvm.internal.<unsafe-coerce>): R of kotlin.jvm.internal.<unsafe-coerce> declared in kotlin.jvm.internal' type=androidx.compose.ui.text.style.Hyphens origin=null
                                    <T>: kotlin.Int
                                    <R>: androidx.compose.ui.text.style.Hyphens
                                    v: CONST Int type=kotlin.Int value=0
                                textMotion: COMPOSITE type=androidx.compose.ui.text.style.TextMotion? origin=DEFAULT_VALUE
                                  CONST Null type=androidx.compose.ui.text.style.TextMotion? value=null
                                $mask0: CONST Int type=kotlin.Int value=16777211
                                $handler: CONST Null type=kotlin.Any? value=null
                            VAR IR_TEMPORARY_VARIABLE name:tmp2_color type:androidx.compose.ui.graphics.Color [val]
                              CALL 'public final fun getOnSurface-0d7_KjU (): androidx.compose.ui.graphics.Color declared in androidx.compose.material3.ColorScheme' type=androidx.compose.ui.graphics.Color origin=GET_PROPERTY
                                $this: GET_VAR '$scheme: androidx.compose.material3.ColorScheme declared in com.pc.fash_android_mobile.ui.explore.FeaturedSellersScreenKt.FeaturedSellerFullCard.<no name provided>.invoke$lambda$13$lambda$9$lambda$8$lambda$4' type=androidx.compose.material3.ColorScheme origin=null
                            VAR IR_TEMPORARY_VARIABLE name:tmp3_overflow type:androidx.compose.ui.text.style.TextOverflow [val]
                              CALL 'public final fun getEllipsis-gIe3tQ8 (): androidx.compose.ui.text.style.TextOverflow declared in androidx.compose.ui.text.style.TextOverflow.Companion' type=androidx.compose.ui.text.style.TextOverflow origin=GET_PROPERTY
                                $this: GET_FIELD 'FIELD FIELD_FOR_OBJECT_INSTANCE name:Companion type:androidx.compose.ui.text.style.TextOverflow.Companion visibility:public [final,static] declared in androidx.compose.ui.text.style.TextOverflow' type=androidx.compose.ui.text.style.TextOverflow.Companion origin=null
                            VAR IR_TEMPORARY_VARIABLE name:tmp4_modifier type:androidx.compose.ui.Modifier [val]
                              CALL 'public abstract fun weight (weight: kotlin.Float, fill: kotlin.Boolean): androidx.compose.ui.Modifier declared in androidx.compose.foundation.layout.RowScope' type=androidx.compose.ui.Modifier origin=null
                                $this: GET_VAR '$this$Row: androidx.compose.foundation.layout.RowScope declared in com.pc.fash_android_mobile.ui.explore.FeaturedSellersScreenKt.FeaturedSellerFullCard.<no name provided>.invoke$lambda$13$lambda$9$lambda$8$lambda$4' type=androidx.compose.foundation.layout.RowScope origin=null
                                $receiver: GET_FIELD 'FIELD FIELD_FOR_OBJECT_INSTANCE name:Companion type:androidx.compose.ui.Modifier.Companion visibility:public [final,static] declared in androidx.compose.ui.Modifier' type=androidx.compose.ui.Modifier.Companion origin=null
                                weight: CONST Float type=kotlin.Float value=1.0
                                fill: CONST Boolean type=kotlin.Boolean value=false
                            CALL 'public final fun Text--4IGK_g (text: kotlin.String, modifier: androidx.compose.ui.Modifier?, color: androidx.compose.ui.graphics.Color, fontSize: androidx.compose.ui.unit.TextUnit, fontStyle: androidx.compose.ui.text.font.FontStyle?, fontWeight: androidx.compose.ui.text.font.FontWeight?, fontFamily: androidx.compose.ui.text.font.FontFamily?, letterSpacing: androidx.compose.ui.unit.TextUnit, textDecoration: androidx.compose.ui.text.style.TextDecoration?, textAlign: androidx.compose.ui.text.style.TextAlign?, lineHeight: androidx.compose.ui.unit.TextUnit, overflow: androidx.compose.ui.text.style.TextOverflow, softWrap: kotlin.Boolean, maxLines: kotlin.Int, minLines: kotlin.Int, onTextLayout: kotlin.Function1<androidx.compose.ui.text.TextLayoutResult, kotlin.Unit>?, style: androidx.compose.ui.text.TextStyle?, $composer: androidx.compose.runtime.Composer?, $changed: kotlin.Int, $changed1: kotlin.Int, $default: kotlin.Int): kotlin.Unit declared in androidx.compose.material3.TextKt' type=kotlin.Unit origin=null
                              text: GET_VAR 'val tmp0_text: kotlin.String [val] declared in com.pc.fash_android_mobile.ui.explore.FeaturedSellersScreenKt.FeaturedSellerFullCard.<no name provided>.invoke$lambda$13$lambda$9$lambda$8$lambda$4' type=kotlin.String origin=null
                              modifier: GET_VAR 'val tmp4_modifier: androidx.compose.ui.Modifier [val] declared in com.pc.fash_android_mobile.ui.explore.FeaturedSellersScreenKt.FeaturedSellerFullCard.<no name provided>.invoke$lambda$13$lambda$9$lambda$8$lambda$4' type=androidx.compose.ui.Modifier origin=null
                              color: GET_VAR 'val tmp2_color: androidx.compose.ui.graphics.Color [val] declared in com.pc.fash_android_mobile.ui.explore.FeaturedSellersScreenKt.FeaturedSellerFullCard.<no name provided>.invoke$lambda$13$lambda$9$lambda$8$lambda$4' type=androidx.compose.ui.graphics.Color origin=null
                              fontSize: COMPOSITE type=androidx.compose.ui.unit.TextUnit origin=DEFAULT_VALUE
                                CALL 'public final fun <unsafe-coerce> <T, R> (v: T of kotlin.jvm.internal.<unsafe-coerce>): R of kotlin.jvm.internal.<unsafe-coerce> declared in kotlin.jvm.internal' type=androidx.compose.ui.unit.TextUnit origin=null
                                  <T>: kotlin.Long
                                  <R>: androidx.compose.ui.unit.TextUnit
                                  v: CONST Long type=kotlin.Long value=0
                              fontStyle: COMPOSITE type=kotlin.Nothing? origin=DEFAULT_VALUE
                                CONST Null type=kotlin.Nothing? value=null
                              fontWeight: COMPOSITE type=kotlin.Nothing? origin=DEFAULT_VALUE
                                CONST Null type=kotlin.Nothing? value=null
                              fontFamily: COMPOSITE type=kotlin.Nothing? origin=DEFAULT_VALUE
                                CONST Null type=kotlin.Nothing? value=null
                              letterSpacing: COMPOSITE type=androidx.compose.ui.unit.TextUnit origin=DEFAULT_VALUE
                                CALL 'public final fun <unsafe-coerce> <T, R> (v: T of kotlin.jvm.internal.<unsafe-coerce>): R of kotlin.jvm.internal.<unsafe-coerce> declared in kotlin.jvm.internal' type=androidx.compose.ui.unit.TextUnit origin=null
                                  <T>: kotlin.Long
                                  <R>: androidx.compose.ui.unit.TextUnit
                                  v: CONST Long type=kotlin.Long value=0
                              textDecoration: COMPOSITE type=kotlin.Nothing? origin=DEFAULT_VALUE
                                CONST Null type=kotlin.Nothing? value=null
                              textAlign: COMPOSITE type=kotlin.Nothing? origin=DEFAULT_VALUE
                                CONST Null type=kotlin.Nothing? value=null
                              lineHeight: COMPOSITE type=androidx.compose.ui.unit.TextUnit origin=DEFAULT_VALUE
                                CALL 'public final fun <unsafe-coerce> <T, R> (v: T of kotlin.jvm.internal.<unsafe-coerce>): R of kotlin.jvm.internal.<unsafe-coerce> declared in kotlin.jvm.internal' type=androidx.compose.ui.unit.TextUnit origin=null
                                  <T>: kotlin.Long
                                  <R>: androidx.compose.ui.unit.TextUnit
                                  v: CONST Long type=kotlin.Long value=0
                              overflow: GET_VAR 'val tmp3_overflow: androidx.compose.ui.text.style.TextOverflow [val] declared in com.pc.fash_android_mobile.ui.explore.FeaturedSellersScreenKt.FeaturedSellerFullCard.<no name provided>.invoke$lambda$13$lambda$9$lambda$8$lambda$4' type=androidx.compose.ui.text.style.TextOverflow origin=null
                              softWrap: COMPOSITE type=kotlin.Boolean origin=DEFAULT_VALUE
                                CONST Boolean type=kotlin.Boolean value=false
                              maxLines: CONST Int type=kotlin.Int value=1
                              minLines: COMPOSITE type=kotlin.Int origin=DEFAULT_VALUE
                                CONST Int type=kotlin.Int value=0
                              onTextLayout: COMPOSITE type=kotlin.Nothing? origin=DEFAULT_VALUE
                                CONST Null type=kotlin.Nothing? value=null
                              style: GET_VAR 'val tmp1_style: androidx.compose.ui.text.TextStyle [val] declared in com.pc.fash_android_mobile.ui.explore.FeaturedSellersScreenKt.FeaturedSellerFullCard.<no name provided>.invoke$lambda$13$lambda$9$lambda$8$lambda$4' type=androidx.compose.ui.text.TextStyle origin=null
                              $composer: GET_VAR '$composer: androidx.compose.runtime.Composer? [assignable] declared in com.pc.fash_android_mobile.ui.explore.FeaturedSellersScreenKt.FeaturedSellerFullCard.<no name provided>.invoke$lambda$13$lambda$9$lambda$8$lambda$4' type=androidx.compose.runtime.Composer? origin=null
                              $changed: CONST Int type=kotlin.Int value=0
                              $changed1: CONST Int type=kotlin.Int value=3120
                              $default: CONST Int type=kotlin.Int value=55288
                          BLOCK type=kotlin.Unit origin=null
                            COMPOSITE type=kotlin.Unit origin=null
                              BLOCK type=kotlin.Unit origin=null
                                CALL 'public abstract fun startReplaceGroup (key: kotlin.Int): kotlin.Unit declared in androidx.compose.runtime.Composer' type=kotlin.Unit origin=null
                                  $this: GET_VAR '$composer: androidx.compose.runtime.Composer? [assignable] declared in com.pc.fash_android_mobile.ui.explore.FeaturedSellersScreenKt.FeaturedSellerFullCard.<no name provided>.invoke$lambda$13$lambda$9$lambda$8$lambda$4' type=androidx.compose.runtime.Composer? origin=null
                                  key: CONST Int type=kotlin.Int value=79270754
                                CALL 'public final fun sourceInformation (composer: androidx.compose.runtime.Composer, sourceInformation: kotlin.String): kotlin.Unit declared in androidx.compose.runtime.ComposerKt' type=kotlin.Unit origin=null
                                  composer: GET_VAR '$composer: androidx.compose.runtime.Composer? [assignable] declared in com.pc.fash_android_mobile.ui.explore.FeaturedSellersScreenKt.FeaturedSellerFullCard.<no name provided>.invoke$lambda$13$lambda$9$lambda$8$lambda$4' type=androidx.compose.runtime.Composer? origin=null
                                  sourceInformation: CONST String type=kotlin.String value="258@11672L53,256@11540L436"
                            WHEN type=kotlin.Unit origin=IF
                              BRANCH
                                if: CALL 'public final fun <get-verified> (): kotlin.Boolean declared in com.pc.fash_android_mobile.data.search.FeaturedSellerItem' type=kotlin.Boolean origin=GET_PROPERTY
                                  $this: GET_VAR '$seller: com.pc.fash_android_mobile.data.search.FeaturedSellerItem declared in com.pc.fash_android_mobile.ui.explore.FeaturedSellersScreenKt.FeaturedSellerFullCard.<no name provided>.invoke$lambda$13$lambda$9$lambda$8$lambda$4' type=com.pc.fash_android_mobile.data.search.FeaturedSellerItem origin=null
                                then: BLOCK type=kotlin.Unit origin=null
                                  BLOCK type=kotlin.Unit origin=ARGUMENTS_REORDERING_FOR_CALL
                                    VAR IR_TEMPORARY_VARIABLE name:tmp5_imageVector type:androidx.compose.ui.graphics.vector.ImageVector [val]
                                      CALL 'public final fun <get-CheckCircle> (): androidx.compose.ui.graphics.vector.ImageVector declared in androidx.compose.material.icons.filled.CheckCircleKt' type=androidx.compose.ui.graphics.vector.ImageVector origin=GET_PROPERTY
                                        $receiver: CALL 'public final fun <get-Default> (): androidx.compose.material.icons.Icons.Filled declared in androidx.compose.material.icons.Icons' type=androidx.compose.material.icons.Icons.Filled origin=GET_PROPERTY
                                          $this: GET_FIELD 'FIELD FIELD_FOR_OBJECT_INSTANCE name:INSTANCE type:androidx.compose.material.icons.Icons visibility:public [final,static] declared in androidx.compose.material.icons.Icons' type=androidx.compose.material.icons.Icons origin=null
                                    VAR IR_TEMPORARY_VARIABLE name:tmp6_contentDescription type:kotlin.String [val]
                                      CALL 'public final fun stringResource (id: kotlin.Int, $composer: androidx.compose.runtime.Composer?, $changed: kotlin.Int): kotlin.String declared in androidx.compose.ui.res.StringResources_androidKt' type=kotlin.String origin=null
                                        id: GET_FIELD 'FIELD IR_EXTERNAL_JAVA_DECLARATION_STUB name:featured_sellers_verified_cd type:kotlin.Int visibility:public [static] declared in com.pc.fash_android_mobile.R.string' type=kotlin.Int superQualifierSymbol=com.pc.fash_android_mobile.R.string origin=null
                                        $composer: GET_VAR '$composer: androidx.compose.runtime.Composer? [assignable] declared in com.pc.fash_android_mobile.ui.explore.FeaturedSellersScreenKt.FeaturedSellerFullCard.<no name provided>.invoke$lambda$13$lambda$9$lambda$8$lambda$4' type=androidx.compose.runtime.Composer? origin=null
                                        $changed: CONST Int type=kotlin.Int value=0
                                    VAR IR_TEMPORARY_VARIABLE name:tmp7_tint type:androidx.compose.ui.graphics.Color [val]
                                      CALL 'public final fun getPrimary-0d7_KjU (): androidx.compose.ui.graphics.Color declared in com.pc.fash_android_mobile.ui.theme.FashColors' type=androidx.compose.ui.graphics.Color origin=GET_PROPERTY
                                        $this: GET_FIELD 'FIELD FIELD_FOR_OBJECT_INSTANCE name:INSTANCE type:com.pc.fash_android_mobile.ui.theme.FashColors visibility:public [final,static] declared in com.pc.fash_android_mobile.ui.theme.FashColors' type=com.pc.fash_android_mobile.ui.theme.FashColors origin=null
                                    VAR IR_TEMPORARY_VARIABLE name:tmp8_modifier type:androidx.compose.ui.Modifier [val]
                                      CALL 'public final fun size-3ABfNKs (size: androidx.compose.ui.unit.Dp): androidx.compose.ui.Modifier declared in androidx.compose.foundation.layout.SizeKt' type=androidx.compose.ui.Modifier origin=null
                                        $receiver: CALL 'public final fun padding-qDBjuR0$default (start: androidx.compose.ui.unit.Dp, top: androidx.compose.ui.unit.Dp, end: androidx.compose.ui.unit.Dp, bottom: androidx.compose.ui.unit.Dp, $mask0: kotlin.Int, $handler: kotlin.Any?): androidx.compose.ui.Modifier declared in androidx.compose.foundation.layout.PaddingKt' type=androidx.compose.ui.Modifier origin=DEFAULT_DISPATCH_CALL
                                          $receiver: GET_FIELD 'FIELD FIELD_FOR_OBJECT_INSTANCE name:Companion type:androidx.compose.ui.Modifier.Companion visibility:public [final,static] declared in androidx.compose.ui.Modifier' type=androidx.compose.ui.Modifier.Companion origin=null
                                          start: CALL 'public final fun <get-dp> (): androidx.compose.ui.unit.Dp [inline] declared in androidx.compose.ui.unit.DpKt' type=androidx.compose.ui.unit.Dp origin=GET_PROPERTY
                                            $receiver: CONST Int type=kotlin.Int value=6
                                          top: COMPOSITE type=androidx.compose.ui.unit.Dp origin=DEFAULT_VALUE
                                            CALL 'public final fun <unsafe-coerce> <T, R> (v: T of kotlin.jvm.internal.<unsafe-coerce>): R of kotlin.jvm.internal.<unsafe-coerce> declared in kotlin.jvm.internal' type=androidx.compose.ui.unit.Dp origin=null
                                              <T>: kotlin.Float
                                              <R>: androidx.compose.ui.unit.Dp
                                              v: CONST Float type=kotlin.Float value=0.0
                                          end: COMPOSITE type=androidx.compose.ui.unit.Dp origin=DEFAULT_VALUE
                                            CALL 'public final fun <unsafe-coerce> <T, R> (v: T of kotlin.jvm.internal.<unsafe-coerce>): R of kotlin.jvm.internal.<unsafe-coerce> declared in kotlin.jvm.internal' type=androidx.compose.ui.unit.Dp origin=null
                                              <T>: kotlin.Float
                                              <R>: androidx.compose.ui.unit.Dp
                                              v: CONST Float type=kotlin.Float value=0.0
                                          bottom: COMPOSITE type=androidx.compose.ui.unit.Dp origin=DEFAULT_VALUE
                                            CALL 'public final fun <unsafe-coerce> <T, R> (v: T of kotlin.jvm.internal.<unsafe-coerce>): R of kotlin.jvm.internal.<unsafe-coerce> declared in kotlin.jvm.internal' type=androidx.compose.ui.unit.Dp origin=null
                                              <T>: kotlin.Float
                                              <R>: androidx.compose.ui.unit.Dp
                                              v: CONST Float type=kotlin.Float value=0.0
                                          $mask0: CONST Int type=kotlin.Int value=14
                                          $handler: CONST Null type=kotlin.Any? value=null
                                        size: CALL 'public final fun <get-dp> (): androidx.compose.ui.unit.Dp [inline] declared in androidx.compose.ui.unit.DpKt' type=androidx.compose.ui.unit.Dp origin=GET_PROPERTY
                                          $receiver: CONST Int type=kotlin.Int value=18
                                    CALL 'public final fun Icon-ww6aTOc (imageVector: androidx.compose.ui.graphics.vector.ImageVector, contentDescription: kotlin.String?, modifier: androidx.compose.ui.Modifier?, tint: androidx.compose.ui.graphics.Color, $composer: androidx.compose.runtime.Composer?, $changed: kotlin.Int, $default: kotlin.Int): kotlin.Unit declared in androidx.compose.material3.IconKt' type=kotlin.Unit origin=null
                                      imageVector: GET_VAR 'val tmp5_imageVector: androidx.compose.ui.graphics.vector.ImageVector [val] declared in com.pc.fash_android_mobile.ui.explore.FeaturedSellersScreenKt.FeaturedSellerFullCard.<no name provided>.invoke$lambda$13$lambda$9$lambda$8$lambda$4' type=androidx.compose.ui.graphics.vector.ImageVector origin=null
                                      contentDescription: GET_VAR 'val tmp6_contentDescription: kotlin.String [val] declared in com.pc.fash_android_mobile.ui.explore.FeaturedSellersScreenKt.FeaturedSellerFullCard.<no name provided>.invoke$lambda$13$lambda$9$lambda$8$lambda$4' type=kotlin.String origin=null
                                      modifier: GET_VAR 'val tmp8_modifier: androidx.compose.ui.Modifier [val] declared in com.pc.fash_android_mobile.ui.explore.FeaturedSellersScreenKt.FeaturedSellerFullCard.<no name provided>.invoke$lambda$13$lambda$9$lambda$8$lambda$4' type=androidx.compose.ui.Modifier origin=null
                                      tint: GET_VAR 'val tmp7_tint: androidx.compose.ui.graphics.Color [val] declared in com.pc.fash_android_mobile.ui.explore.FeaturedSellersScreenKt.FeaturedSellerFullCard.<no name provided>.invoke$lambda$13$lambda$9$lambda$8$lambda$4' type=androidx.compose.ui.graphics.Color origin=null
                                      $composer: GET_VAR '$composer: androidx.compose.runtime.Composer? [assignable] declared in com.pc.fash_android_mobile.ui.explore.FeaturedSellersScreenKt.FeaturedSellerFullCard.<no name provided>.invoke$lambda$13$lambda$9$lambda$8$lambda$4' type=androidx.compose.runtime.Composer? origin=null
                                      $changed: CONST Int type=kotlin.Int value=3456
                                      $default: CONST Int type=kotlin.Int value=0
                            COMPOSITE type=kotlin.Unit origin=null
                              CALL 'public abstract fun endReplaceGroup (): kotlin.Unit declared in androidx.compose.runtime.Composer' type=kotlin.Unit origin=null
                                $this: GET_VAR '$composer: androidx.compose.runtime.Composer? [assignable] declared in com.pc.fash_android_mobile.ui.explore.FeaturedSellersScreenKt.FeaturedSellerFullCard.<no name provided>.invoke$lambda$13$lambda$9$lambda$8$lambda$4' type=androidx.compose.runtime.Composer? origin=null
                        CALL 'public final fun sourceInformationMarkerEnd (composer: androidx.compose.runtime.Composer): kotlin.Unit declared in androidx.compose.runtime.ComposerKt' type=kotlin.Unit origin=null
                          composer: GET_VAR '$composer: androidx.compose.runtime.Composer? [assignable] declared in com.pc.fash_android_mobile.ui.explore.FeaturedSellersScreenKt.FeaturedSellerFullCard.<no name provided>.invoke$lambda$13$lambda$9$lambda$8$lambda$4' type=androidx.compose.runtime.Composer? origin=null
                  FUN INLINE_LAMBDA name:invoke$lambda$13$lambda$9$lambda$8$lambda$5 visibility:private modality:FINAL <> ($$composer:androidx.compose.runtime.Composer?) returnType:kotlin.String
                    VALUE_PARAMETER BOUND_VALUE_PARAMETER name:$$composer index:0 type:androidx.compose.runtime.Composer?
                    BLOCK_BODY
                      VAR name:$i$a$-ifBlank-FeaturedSellersScreenKt$FeaturedSellerFullCard$1$1$1$1$2 type:kotlin.Int [val]
                        CONST Int type=kotlin.Int value=0
                      BLOCK type=kotlin.Nothing origin=null
                        VAR IR_TEMPORARY_VARIABLE name:tmp0_return type:kotlin.String [val]
                          CALL 'public final fun stringResource (id: kotlin.Int, $composer: androidx.compose.runtime.Composer?, $changed: kotlin.Int): kotlin.String declared in androidx.compose.ui.res.StringResources_androidKt' type=kotlin.String origin=null
                            id: GET_FIELD 'FIELD IR_EXTERNAL_JAVA_DECLARATION_STUB name:featured_sellers_no_bio type:kotlin.Int visibility:public [static] declared in com.pc.fash_android_mobile.R.string' type=kotlin.Int superQualifierSymbol=com.pc.fash_android_mobile.R.string origin=null
                            $composer: GET_VAR '$$composer: androidx.compose.runtime.Composer? declared in com.pc.fash_android_mobile.ui.explore.FeaturedSellersScreenKt.FeaturedSellerFullCard.<no name provided>.invoke$lambda$13$lambda$9$lambda$8$lambda$5' type=androidx.compose.runtime.Composer? origin=null
                            $changed: CONST Int type=kotlin.Int value=0
                        COMPOSITE type=kotlin.Unit origin=null
                        RETURN type=kotlin.Nothing from='private final fun invoke$lambda$13$lambda$9$lambda$8$lambda$5 ($$composer: androidx.compose.runtime.Composer?): kotlin.String declared in com.pc.fash_android_mobile.ui.explore.FeaturedSellersScreenKt.FeaturedSellerFullCard.<no name provided>'
                          GET_VAR 'val tmp0_return: kotlin.String [val] declared in com.pc.fash_android_mobile.ui.explore.FeaturedSellersScreenKt.FeaturedSellerFullCard.<no name provided>.invoke$lambda$13$lambda$9$lambda$8$lambda$5' type=kotlin.String origin=null
                  FUN INLINE_LAMBDA name:invoke$lambda$13$lambda$9$lambda$8$lambda$7$lambda$6 visibility:private modality:FINAL <> ($$composer:androidx.compose.runtime.Composer?, $scheme:androidx.compose.material3.ColorScheme, r:kotlin.Float) returnType:kotlin.Unit
                    VALUE_PARAMETER BOUND_VALUE_PARAMETER name:$$composer index:0 type:androidx.compose.runtime.Composer?
                    VALUE_PARAMETER BOUND_VALUE_PARAMETER name:$scheme index:1 type:androidx.compose.material3.ColorScheme
                    VALUE_PARAMETER name:r index:2 type:kotlin.Float
                    BLOCK_BODY
                      VAR name:$i$a$-let-FeaturedSellersScreenKt$FeaturedSellerFullCard$1$1$1$1$3$1 type:kotlin.Int [val]
                        CONST Int type=kotlin.Int value=0
                      BLOCK type=kotlin.Unit origin=ARGUMENTS_REORDERING_FOR_CALL
                        VAR IR_TEMPORARY_VARIABLE name:tmp0_style type:androidx.compose.ui.text.TextStyle [val]
                          CALL 'public final fun <get-labelMedium> (): androidx.compose.ui.text.TextStyle declared in androidx.compose.material3.Typography' type=androidx.compose.ui.text.TextStyle origin=GET_PROPERTY
                            $this: CALL 'public final fun <get-typography> ($composer: androidx.compose.runtime.Composer?, $changed: kotlin.Int): androidx.compose.material3.Typography declared in androidx.compose.material3.MaterialTheme' type=androidx.compose.material3.Typography origin=GET_PROPERTY
                              $this: GET_FIELD 'FIELD FIELD_FOR_OBJECT_INSTANCE name:INSTANCE type:androidx.compose.material3.MaterialTheme visibility:public [final,static] declared in androidx.compose.material3.MaterialTheme' type=androidx.compose.material3.MaterialTheme origin=null
                              $composer: GET_VAR '$$composer: androidx.compose.runtime.Composer? declared in com.pc.fash_android_mobile.ui.explore.FeaturedSellersScreenKt.FeaturedSellerFullCard.<no name provided>.invoke$lambda$13$lambda$9$lambda$8$lambda$7$lambda$6' type=androidx.compose.runtime.Composer? origin=null
                              $changed: GET_FIELD 'FIELD name:$stable type:kotlin.Int visibility:public [final,static] declared in androidx.compose.material3.MaterialTheme' type=kotlin.Int origin=null
                        VAR IR_TEMPORARY_VARIABLE name:tmp1_color type:androidx.compose.ui.graphics.Color [val]
                          CALL 'public final fun getOutlineVariant-0d7_KjU (): androidx.compose.ui.graphics.Color declared in androidx.compose.material3.ColorScheme' type=androidx.compose.ui.graphics.Color origin=GET_PROPERTY
                            $this: GET_VAR '$scheme: androidx.compose.material3.ColorScheme declared in com.pc.fash_android_mobile.ui.explore.FeaturedSellersScreenKt.FeaturedSellerFullCard.<no name provided>.invoke$lambda$13$lambda$9$lambda$8$lambda$7$lambda$6' type=androidx.compose.material3.ColorScheme origin=null
                        CALL 'public final fun Text--4IGK_g (text: kotlin.String, modifier: androidx.compose.ui.Modifier?, color: androidx.compose.ui.graphics.Color, fontSize: androidx.compose.ui.unit.TextUnit, fontStyle: androidx.compose.ui.text.font.FontStyle?, fontWeight: androidx.compose.ui.text.font.FontWeight?, fontFamily: androidx.compose.ui.text.font.FontFamily?, letterSpacing: androidx.compose.ui.unit.TextUnit, textDecoration: androidx.compose.ui.text.style.TextDecoration?, textAlign: androidx.compose.ui.text.style.TextAlign?, lineHeight: androidx.compose.ui.unit.TextUnit, overflow: androidx.compose.ui.text.style.TextOverflow, softWrap: kotlin.Boolean, maxLines: kotlin.Int, minLines: kotlin.Int, onTextLayout: kotlin.Function1<androidx.compose.ui.text.TextLayoutResult, kotlin.Unit>?, style: androidx.compose.ui.text.TextStyle?, $composer: androidx.compose.runtime.Composer?, $changed: kotlin.Int, $changed1: kotlin.Int, $default: kotlin.Int): kotlin.Unit declared in androidx.compose.material3.TextKt' type=kotlin.Unit origin=null
                          text: CONST String type=kotlin.String value="·"
                          modifier: COMPOSITE type=kotlin.Nothing? origin=DEFAULT_VALUE
                            CONST Null type=kotlin.Nothing? value=null
                          color: GET_VAR 'val tmp1_color: androidx.compose.ui.graphics.Color [val] declared in com.pc.fash_android_mobile.ui.explore.FeaturedSellersScreenKt.FeaturedSellerFullCard.<no name provided>.invoke$lambda$13$lambda$9$lambda$8$lambda$7$lambda$6' type=androidx.compose.ui.graphics.Color origin=null
                          fontSize: COMPOSITE type=androidx.compose.ui.unit.TextUnit origin=DEFAULT_VALUE
                            CALL 'public final fun <unsafe-coerce> <T, R> (v: T of kotlin.jvm.internal.<unsafe-coerce>): R of kotlin.jvm.internal.<unsafe-coerce> declared in kotlin.jvm.internal' type=androidx.compose.ui.unit.TextUnit origin=null
                              <T>: kotlin.Long
                              <R>: androidx.compose.ui.unit.TextUnit
                              v: CONST Long type=kotlin.Long value=0
                          fontStyle: COMPOSITE type=kotlin.Nothing? origin=DEFAULT_VALUE
                            CONST Null type=kotlin.Nothing? value=null
                          fontWeight: COMPOSITE type=kotlin.Nothing? origin=DEFAULT_VALUE
                            CONST Null type=kotlin.Nothing? value=null
                          fontFamily: COMPOSITE type=kotlin.Nothing? origin=DEFAULT_VALUE
                            CONST Null type=kotlin.Nothing? value=null
                          letterSpacing: COMPOSITE type=androidx.compose.ui.unit.TextUnit origin=DEFAULT_VALUE
                            CALL 'public final fun <unsafe-coerce> <T, R> (v: T of kotlin.jvm.internal.<unsafe-coerce>): R of kotlin.jvm.internal.<unsafe-coerce> declared in kotlin.jvm.internal' type=androidx.compose.ui.unit.TextUnit origin=null
                              <T>: kotlin.Long
                              <R>: androidx.compose.ui.unit.TextUnit
                              v: CONST Long type=kotlin.Long value=0
                          textDecoration: COMPOSITE type=kotlin.Nothing? origin=DEFAULT_VALUE
                            CONST Null type=kotlin.Nothing? value=null
                          textAlign: COMPOSITE type=kotlin.Nothing? origin=DEFAULT_VALUE
                            CONST Null type=kotlin.Nothing? value=null
                          lineHeight: COMPOSITE type=androidx.compose.ui.unit.TextUnit origin=DEFAULT_VALUE
                            CALL 'public final fun <unsafe-coerce> <T, R> (v: T of kotlin.jvm.internal.<unsafe-coerce>): R of kotlin.jvm.internal.<unsafe-coerce> declared in kotlin.jvm.internal' type=androidx.compose.ui.unit.TextUnit origin=null
                              <T>: kotlin.Long
                              <R>: androidx.compose.ui.unit.TextUnit
                              v: CONST Long type=kotlin.Long value=0
                          overflow: COMPOSITE type=androidx.compose.ui.text.style.TextOverflow origin=DEFAULT_VALUE
                            CALL 'public final fun <unsafe-coerce> <T, R> (v: T of kotlin.jvm.internal.<unsafe-coerce>): R of kotlin.jvm.internal.<unsafe-coerce> declared in kotlin.jvm.internal' type=androidx.compose.ui.text.style.TextOverflow origin=null
                              <T>: kotlin.Int
                              <R>: androidx.compose.ui.text.style.TextOverflow
                              v: CONST Int type=kotlin.Int value=0
                          softWrap: COMPOSITE type=kotlin.Boolean origin=DEFAULT_VALUE
                            CONST Boolean type=kotlin.Boolean value=false
                          maxLines: COMPOSITE type=kotlin.Int origin=DEFAULT_VALUE
                            CONST Int type=kotlin.Int value=0
                          minLines: COMPOSITE type=kotlin.Int origin=DEFAULT_VALUE
                            CONST Int type=kotlin.Int value=0
                          onTextLayout: COMPOSITE type=kotlin.Nothing? origin=DEFAULT_VALUE
                            CONST Null type=kotlin.Nothing? value=null
                          style: GET_VAR 'val tmp0_style: androidx.compose.ui.text.TextStyle [val] declared in com.pc.fash_android_mobile.ui.explore.FeaturedSellersScreenKt.FeaturedSellerFullCard.<no name provided>.invoke$lambda$13$lambda$9$lambda$8$lambda$7$lambda$6' type=androidx.compose.ui.text.TextStyle origin=null
                          $composer: GET_VAR '$$composer: androidx.compose.runtime.Composer? declared in com.pc.fash_android_mobile.ui.explore.FeaturedSellersScreenKt.FeaturedSellerFullCard.<no name provided>.invoke$lambda$13$lambda$9$lambda$8$lambda$7$lambda$6' type=androidx.compose.runtime.Composer? origin=null
                          $changed: CONST Int type=kotlin.Int value=6
                          $changed1: CONST Int type=kotlin.Int value=0
                          $default: CONST Int type=kotlin.Int value=65530
                      BLOCK type=kotlin.Unit origin=ARGUMENTS_REORDERING_FOR_CALL
                        VAR IR_TEMPORARY_VARIABLE name:tmp2_text type:kotlin.String [val]
                          CALL 'public final fun stringResource (id: kotlin.Int, vararg formatArgs: kotlin.Any, $composer: androidx.compose.runtime.Composer?, $changed: kotlin.Int): kotlin.String declared in androidx.compose.ui.res.StringResources_androidKt' type=kotlin.String origin=null
                            id: GET_FIELD 'FIELD IR_EXTERNAL_JAVA_DECLARATION_STUB name:featured_sellers_rating_value type:kotlin.Int visibility:public [static] declared in com.pc.fash_android_mobile.R.string' type=kotlin.Int superQualifierSymbol=com.pc.fash_android_mobile.R.string origin=null
                            formatArgs: BLOCK type=kotlin.Array<out kotlin.Any> origin=null
                              VAR IR_TEMPORARY_VARIABLE name:tmp0 type:kotlin.Array<out kotlin.Any> [val]
                                CALL 'public final fun arrayOfNulls <T> (size: kotlin.Int): kotlin.Array<T of kotlin.arrayOfNulls?> declared in kotlin' type=kotlin.Array<out kotlin.Any> origin=null
                                  <T>: kotlin.Any
                                  size: CONST Int type=kotlin.Int value=1
                              CALL 'public final fun set (index: kotlin.Int, value: T of kotlin.Array): kotlin.Unit [operator] declared in kotlin.Array' type=kotlin.Unit origin=null
                                $this: GET_VAR 'val tmp0: kotlin.Array<out kotlin.Any> [val] declared in com.pc.fash_android_mobile.ui.explore.FeaturedSellersScreenKt.FeaturedSellerFullCard.<no name provided>.invoke$lambda$13$lambda$9$lambda$8$lambda$7$lambda$6' type=kotlin.Array<out kotlin.Any> origin=null
                                index: CONST Int type=kotlin.Int value=0
                                value: GET_VAR 'r: kotlin.Float declared in com.pc.fash_android_mobile.ui.explore.FeaturedSellersScreenKt.FeaturedSellerFullCard.<no name provided>.invoke$lambda$13$lambda$9$lambda$8$lambda$7$lambda$6' type=kotlin.Float origin=null
                              GET_VAR 'val tmp0: kotlin.Array<out kotlin.Any> [val] declared in com.pc.fash_android_mobile.ui.explore.FeaturedSellersScreenKt.FeaturedSellerFullCard.<no name provided>.invoke$lambda$13$lambda$9$lambda$8$lambda$7$lambda$6' type=kotlin.Array<out kotlin.Any> origin=null
                            $composer: GET_VAR '$$composer: androidx.compose.runtime.Composer? declared in com.pc.fash_android_mobile.ui.explore.FeaturedSellersScreenKt.FeaturedSellerFullCard.<no name provided>.invoke$lambda$13$lambda$9$lambda$8$lambda$7$lambda$6' type=androidx.compose.runtime.Composer? origin=null
                            $changed: CONST Int type=kotlin.Int value=0
                        VAR IR_TEMPORARY_VARIABLE name:tmp3_style type:androidx.compose.ui.text.TextStyle [val]
                          CALL 'public final fun <get-labelMedium> (): androidx.compose.ui.text.TextStyle declared in androidx.compose.material3.Typography' type=androidx.compose.ui.text.TextStyle origin=GET_PROPERTY
                            $this: CALL 'public final fun <get-typography> ($composer: androidx.compose.runtime.Composer?, $changed: kotlin.Int): androidx.compose.material3.Typography declared in androidx.compose.material3.MaterialTheme' type=androidx.compose.material3.Typography origin=GET_PROPERTY
                              $this: GET_FIELD 'FIELD FIELD_FOR_OBJECT_INSTANCE name:INSTANCE type:androidx.compose.material3.MaterialTheme visibility:public [final,static] declared in androidx.compose.material3.MaterialTheme' type=androidx.compose.material3.MaterialTheme origin=null
                              $composer: GET_VAR '$$composer: androidx.compose.runtime.Composer? declared in com.pc.fash_android_mobile.ui.explore.FeaturedSellersScreenKt.FeaturedSellerFullCard.<no name provided>.invoke$lambda$13$lambda$9$lambda$8$lambda$7$lambda$6' type=androidx.compose.runtime.Composer? origin=null
                              $changed: GET_FIELD 'FIELD name:$stable type:kotlin.Int visibility:public [final,static] declared in androidx.compose.material3.MaterialTheme' type=kotlin.Int origin=null
                        VAR IR_TEMPORARY_VARIABLE name:tmp4_color type:androidx.compose.ui.graphics.Color [val]
                          CALL 'public final fun getOnSurface-0d7_KjU (): androidx.compose.ui.graphics.Color declared in androidx.compose.material3.ColorScheme' type=androidx.compose.ui.graphics.Color origin=GET_PROPERTY
                            $this: GET_VAR '$scheme: androidx.compose.material3.ColorScheme declared in com.pc.fash_android_mobile.ui.explore.FeaturedSellersScreenKt.FeaturedSellerFullCard.<no name provided>.invoke$lambda$13$lambda$9$lambda$8$lambda$7$lambda$6' type=androidx.compose.material3.ColorScheme origin=null
                        CALL 'public final fun Text--4IGK_g (text: kotlin.String, modifier: androidx.compose.ui.Modifier?, color: androidx.compose.ui.graphics.Color, fontSize: androidx.compose.ui.unit.TextUnit, fontStyle: androidx.compose.ui.text.font.FontStyle?, fontWeight: androidx.compose.ui.text.font.FontWeight?, fontFamily: androidx.compose.ui.text.font.FontFamily?, letterSpacing: androidx.compose.ui.unit.TextUnit, textDecoration: androidx.compose.ui.text.style.TextDecoration?, textAlign: androidx.compose.ui.text.style.TextAlign?, lineHeight: androidx.compose.ui.unit.TextUnit, overflow: androidx.compose.ui.text.style.TextOverflow, softWrap: kotlin.Boolean, maxLines: kotlin.Int, minLines: kotlin.Int, onTextLayout: kotlin.Function1<androidx.compose.ui.text.TextLayoutResult, kotlin.Unit>?, style: androidx.compose.ui.text.TextStyle?, $composer: androidx.compose.runtime.Composer?, $changed: kotlin.Int, $changed1: kotlin.Int, $default: kotlin.Int): kotlin.Unit declared in androidx.compose.material3.TextKt' type=kotlin.Unit origin=null
                          text: GET_VAR 'val tmp2_text: kotlin.String [val] declared in com.pc.fash_android_mobile.ui.explore.FeaturedSellersScreenKt.FeaturedSellerFullCard.<no name provided>.invoke$lambda$13$lambda$9$lambda$8$lambda$7$lambda$6' type=kotlin.String origin=null
                          modifier: COMPOSITE type=kotlin.Nothing? origin=DEFAULT_VALUE
                            CONST Null type=kotlin.Nothing? value=null
                          color: GET_VAR 'val tmp4_color: androidx.compose.ui.graphics.Color [val] declared in com.pc.fash_android_mobile.ui.explore.FeaturedSellersScreenKt.FeaturedSellerFullCard.<no name provided>.invoke$lambda$13$lambda$9$lambda$8$lambda$7$lambda$6' type=androidx.compose.ui.graphics.Color origin=null
                          fontSize: COMPOSITE type=androidx.compose.ui.unit.TextUnit origin=DEFAULT_VALUE
                            CALL 'public final fun <unsafe-coerce> <T, R> (v: T of kotlin.jvm.internal.<unsafe-coerce>): R of kotlin.jvm.internal.<unsafe-coerce> declared in kotlin.jvm.internal' type=androidx.compose.ui.unit.TextUnit origin=null
                              <T>: kotlin.Long
                              <R>: androidx.compose.ui.unit.TextUnit
                              v: CONST Long type=kotlin.Long value=0
                          fontStyle: COMPOSITE type=kotlin.Nothing? origin=DEFAULT_VALUE
                            CONST Null type=kotlin.Nothing? value=null
                          fontWeight: COMPOSITE type=kotlin.Nothing? origin=DEFAULT_VALUE
                            CONST Null type=kotlin.Nothing? value=null
                          fontFamily: COMPOSITE type=kotlin.Nothing? origin=DEFAULT_VALUE
                            CONST Null type=kotlin.Nothing? value=null
                          letterSpacing: COMPOSITE type=androidx.compose.ui.unit.TextUnit origin=DEFAULT_VALUE
                            CALL 'public final fun <unsafe-coerce> <T, R> (v: T of kotlin.jvm.internal.<unsafe-coerce>): R of kotlin.jvm.internal.<unsafe-coerce> declared in kotlin.jvm.internal' type=androidx.compose.ui.unit.TextUnit origin=null
                              <T>: kotlin.Long
                              <R>: androidx.compose.ui.unit.TextUnit
                              v: CONST Long type=kotlin.Long value=0
                          textDecoration: COMPOSITE type=kotlin.Nothing? origin=DEFAULT_VALUE
                            CONST Null type=kotlin.Nothing? value=null
                          textAlign: COMPOSITE type=kotlin.Nothing? origin=DEFAULT_VALUE
                            CONST Null type=kotlin.Nothing? value=null
                          lineHeight: COMPOSITE type=androidx.compose.ui.unit.TextUnit origin=DEFAULT_VALUE
                            CALL 'public final fun <unsafe-coerce> <T, R> (v: T of kotlin.jvm.internal.<unsafe-coerce>): R of kotlin.jvm.internal.<unsafe-coerce> declared in kotlin.jvm.internal' type=androidx.compose.ui.unit.TextUnit origin=null
                              <T>: kotlin.Long
                              <R>: androidx.compose.ui.unit.TextUnit
                              v: CONST Long type=kotlin.Long value=0
                          overflow: COMPOSITE type=androidx.compose.ui.text.style.TextOverflow origin=DEFAULT_VALUE
                            CALL 'public final fun <unsafe-coerce> <T, R> (v: T of kotlin.jvm.internal.<unsafe-coerce>): R of kotlin.jvm.internal.<unsafe-coerce> declared in kotlin.jvm.internal' type=androidx.compose.ui.text.style.TextOverflow origin=null
                              <T>: kotlin.Int
                              <R>: androidx.compose.ui.text.style.TextOverflow
                              v: CONST Int type=kotlin.Int value=0
                          softWrap: COMPOSITE type=kotlin.Boolean origin=DEFAULT_VALUE
                            CONST Boolean type=kotlin.Boolean value=false
                          maxLines: COMPOSITE type=kotlin.Int origin=DEFAULT_VALUE
                            CONST Int type=kotlin.Int value=0
                          minLines: COMPOSITE type=kotlin.Int origin=DEFAULT_VALUE
                            CONST Int type=kotlin.Int value=0
                          onTextLayout: COMPOSITE type=kotlin.Nothing? origin=DEFAULT_VALUE
                            CONST Null type=kotlin.Nothing? value=null
                          style: GET_VAR 'val tmp3_style: androidx.compose.ui.text.TextStyle [val] declared in com.pc.fash_android_mobile.ui.explore.FeaturedSellersScreenKt.FeaturedSellerFullCard.<no name provided>.invoke$lambda$13$lambda$9$lambda$8$lambda$7$lambda$6' type=androidx.compose.ui.text.TextStyle origin=null
                          $composer: GET_VAR '$$composer: androidx.compose.runtime.Composer? declared in com.pc.fash_android_mobile.ui.explore.FeaturedSellersScreenKt.FeaturedSellerFullCard.<no name provided>.invoke$lambda$13$lambda$9$lambda$8$lambda$7$lambda$6' type=androidx.compose.runtime.Composer? origin=null
                          $changed: CONST Int type=kotlin.Int value=0
                          $changed1: CONST Int type=kotlin.Int value=0
                          $default: CONST Int type=kotlin.Int value=65530
                  FUN INLINE_LAMBDA name:invoke$lambda$13$lambda$9$lambda$8$lambda$7 visibility:private modality:FINAL <> ($receiver:androidx.compose.foundation.layout.RowScope, $seller:com.pc.fash_android_mobile.data.search.FeaturedSellerItem, $scheme:androidx.compose.material3.ColorScheme, $composer:androidx.compose.runtime.Composer?, $changed:kotlin.Int) returnType:kotlin.Unit
                    annotations:
                      Composable
                      ComposableTarget(applier = "androidx.compose.ui.UiComposable")
                    $receiver: VALUE_PARAMETER name:$this$Row type:androidx.compose.foundation.layout.RowScope
                    VALUE_PARAMETER BOUND_VALUE_PARAMETER name:$seller index:0 type:com.pc.fash_android_mobile.data.search.FeaturedSellerItem
                    VALUE_PARAMETER BOUND_VALUE_PARAMETER name:$scheme index:1 type:androidx.compose.material3.ColorScheme
                    VALUE_PARAMETER name:$composer index:2 type:androidx.compose.runtime.Composer? [assignable]
                    VALUE_PARAMETER name:$changed index:3 type:kotlin.Int
                    BLOCK_BODY
                      VAR name:$i$a$-Row-FeaturedSellersScreenKt$FeaturedSellerFullCard$1$1$1$1$3 type:kotlin.Int [val]
                        CONST Int type=kotlin.Int value=0
                      BLOCK type=kotlin.Unit origin=null
                        CALL 'public final fun sourceInformationMarkerStart (composer: androidx.compose.runtime.Composer, key: kotlin.Int, sourceInformation: kotlin.String): kotlin.Unit declared in androidx.compose.runtime.ComposerKt' type=kotlin.Unit origin=null
                          composer: GET_VAR '$composer: androidx.compose.runtime.Composer? [assignable] declared in com.pc.fash_android_mobile.ui.explore.FeaturedSellersScreenKt.FeaturedSellerFullCard.<no name provided>.invoke$lambda$13$lambda$9$lambda$8$lambda$7' type=androidx.compose.runtime.Composer? origin=null
                          key: CONST Int type=kotlin.Int value=-1835623833
                          sourceInformation: CONST String type=kotlin.String value="C295@13464L186,299@13702L10,294@13423L382,304@13926L10,302@13830L204,308@14100L69,309@14221L10,307@14059L265:FeaturedSellersScreen.kt#gwjw0c"
                        COMPOSITE type=kotlin.Unit origin=null
                          BLOCK type=kotlin.Unit origin=ARGUMENTS_REORDERING_FOR_CALL
                            VAR IR_TEMPORARY_VARIABLE name:tmp0_text type:kotlin.String [val]
                              CALL 'public final fun stringResource (id: kotlin.Int, vararg formatArgs: kotlin.Any, $composer: androidx.compose.runtime.Composer?, $changed: kotlin.Int): kotlin.String declared in androidx.compose.ui.res.StringResources_androidKt' type=kotlin.String origin=null
                                id: GET_FIELD 'FIELD IR_EXTERNAL_JAVA_DECLARATION_STUB name:featured_sellers_stat_followers type:kotlin.Int visibility:public [static] declared in com.pc.fash_android_mobile.R.string' type=kotlin.Int superQualifierSymbol=com.pc.fash_android_mobile.R.string origin=null
                                formatArgs: BLOCK type=kotlin.Array<out kotlin.Any> origin=null
                                  VAR IR_TEMPORARY_VARIABLE name:tmp0 type:kotlin.Array<out kotlin.Any> [val]
                                    CALL 'public final fun arrayOfNulls <T> (size: kotlin.Int): kotlin.Array<T of kotlin.arrayOfNulls?> declared in kotlin' type=kotlin.Array<out kotlin.Any> origin=null
                                      <T>: kotlin.Any
                                      size: CONST Int type=kotlin.Int value=1
                                  CALL 'public final fun set (index: kotlin.Int, value: T of kotlin.Array): kotlin.Unit [operator] declared in kotlin.Array' type=kotlin.Unit origin=null
                                    $this: GET_VAR 'val tmp0: kotlin.Array<out kotlin.Any> [val] declared in com.pc.fash_android_mobile.ui.explore.FeaturedSellersScreenKt.FeaturedSellerFullCard.<no name provided>.invoke$lambda$13$lambda$9$lambda$8$lambda$7' type=kotlin.Array<out kotlin.Any> origin=null
                                    index: CONST Int type=kotlin.Int value=0
                                    value: CALL 'public final fun access$formatCount (n: kotlin.Int): kotlin.String declared in com.pc.fash_android_mobile.ui.explore.FeaturedSellersScreenKt' type=kotlin.String origin=null
                                      n: CALL 'public final fun <get-followerCount> (): kotlin.Int declared in com.pc.fash_android_mobile.data.search.FeaturedSellerItem' type=kotlin.Int origin=GET_PROPERTY
                                        $this: GET_VAR '$seller: com.pc.fash_android_mobile.data.search.FeaturedSellerItem declared in com.pc.fash_android_mobile.ui.explore.FeaturedSellersScreenKt.FeaturedSellerFullCard.<no name provided>.invoke$lambda$13$lambda$9$lambda$8$lambda$7' type=com.pc.fash_android_mobile.data.search.FeaturedSellerItem origin=null
                                  GET_VAR 'val tmp0: kotlin.Array<out kotlin.Any> [val] declared in com.pc.fash_android_mobile.ui.explore.FeaturedSellersScreenKt.FeaturedSellerFullCard.<no name provided>.invoke$lambda$13$lambda$9$lambda$8$lambda$7' type=kotlin.Array<out kotlin.Any> origin=null
                                $composer: GET_VAR '$composer: androidx.compose.runtime.Composer? [assignable] declared in com.pc.fash_android_mobile.ui.explore.FeaturedSellersScreenKt.FeaturedSellerFullCard.<no name provided>.invoke$lambda$13$lambda$9$lambda$8$lambda$7' type=androidx.compose.runtime.Composer? origin=null
                                $changed: CONST Int type=kotlin.Int value=0
                            VAR IR_TEMPORARY_VARIABLE name:tmp1_style type:androidx.compose.ui.text.TextStyle [val]
                              CALL 'public final fun <get-labelMedium> (): androidx.compose.ui.text.TextStyle declared in androidx.compose.material3.Typography' type=androidx.compose.ui.text.TextStyle origin=GET_PROPERTY
                                $this: CALL 'public final fun <get-typography> ($composer: androidx.compose.runtime.Composer?, $changed: kotlin.Int): androidx.compose.material3.Typography declared in androidx.compose.material3.MaterialTheme' type=androidx.compose.material3.Typography origin=GET_PROPERTY
                                  $this: GET_FIELD 'FIELD FIELD_FOR_OBJECT_INSTANCE name:INSTANCE type:androidx.compose.material3.MaterialTheme visibility:public [final,static] declared in androidx.compose.material3.MaterialTheme' type=androidx.compose.material3.MaterialTheme origin=null
                                  $composer: GET_VAR '$composer: androidx.compose.runtime.Composer? [assignable] declared in com.pc.fash_android_mobile.ui.explore.FeaturedSellersScreenKt.FeaturedSellerFullCard.<no name provided>.invoke$lambda$13$lambda$9$lambda$8$lambda$7' type=androidx.compose.runtime.Composer? origin=null
                                  $changed: GET_FIELD 'FIELD name:$stable type:kotlin.Int visibility:public [final,static] declared in androidx.compose.material3.MaterialTheme' type=kotlin.Int origin=null
                            VAR IR_TEMPORARY_VARIABLE name:tmp2_color type:androidx.compose.ui.graphics.Color [val]
                              CALL 'public final fun getOnSurface-0d7_KjU (): androidx.compose.ui.graphics.Color declared in androidx.compose.material3.ColorScheme' type=androidx.compose.ui.graphics.Color origin=GET_PROPERTY
                                $this: GET_VAR '$scheme: androidx.compose.material3.ColorScheme declared in com.pc.fash_android_mobile.ui.explore.FeaturedSellersScreenKt.FeaturedSellerFullCard.<no name provided>.invoke$lambda$13$lambda$9$lambda$8$lambda$7' type=androidx.compose.material3.ColorScheme origin=null
                            CALL 'public final fun Text--4IGK_g (text: kotlin.String, modifier: androidx.compose.ui.Modifier?, color: androidx.compose.ui.graphics.Color, fontSize: androidx.compose.ui.unit.TextUnit, fontStyle: androidx.compose.ui.text.font.FontStyle?, fontWeight: androidx.compose.ui.text.font.FontWeight?, fontFamily: androidx.compose.ui.text.font.FontFamily?, letterSpacing: androidx.compose.ui.unit.TextUnit, textDecoration: androidx.compose.ui.text.style.TextDecoration?, textAlign: androidx.compose.ui.text.style.TextAlign?, lineHeight: androidx.compose.ui.unit.TextUnit, overflow: androidx.compose.ui.text.style.TextOverflow, softWrap: kotlin.Boolean, maxLines: kotlin.Int, minLines: kotlin.Int, onTextLayout: kotlin.Function1<androidx.compose.ui.text.TextLayoutResult, kotlin.Unit>?, style: androidx.compose.ui.text.TextStyle?, $composer: androidx.compose.runtime.Composer?, $changed: kotlin.Int, $changed1: kotlin.Int, $default: kotlin.Int): kotlin.Unit declared in androidx.compose.material3.TextKt' type=kotlin.Unit origin=null
                              text: GET_VAR 'val tmp0_text: kotlin.String [val] declared in com.pc.fash_android_mobile.ui.explore.FeaturedSellersScreenKt.FeaturedSellerFullCard.<no name provided>.invoke$lambda$13$lambda$9$lambda$8$lambda$7' type=kotlin.String origin=null
                              modifier: COMPOSITE type=kotlin.Nothing? origin=DEFAULT_VALUE
                                CONST Null type=kotlin.Nothing? value=null
                              color: GET_VAR 'val tmp2_color: androidx.compose.ui.graphics.Color [val] declared in com.pc.fash_android_mobile.ui.explore.FeaturedSellersScreenKt.FeaturedSellerFullCard.<no name provided>.invoke$lambda$13$lambda$9$lambda$8$lambda$7' type=androidx.compose.ui.graphics.Color origin=null
                              fontSize: COMPOSITE type=androidx.compose.ui.unit.TextUnit origin=DEFAULT_VALUE
                                CALL 'public final fun <unsafe-coerce> <T, R> (v: T of kotlin.jvm.internal.<unsafe-coerce>): R of kotlin.jvm.internal.<unsafe-coerce> declared in kotlin.jvm.internal' type=androidx.compose.ui.unit.TextUnit origin=null
                                  <T>: kotlin.Long
                                  <R>: androidx.compose.ui.unit.TextUnit
                                  v: CONST Long type=kotlin.Long value=0
                              fontStyle: COMPOSITE type=kotlin.Nothing? origin=DEFAULT_VALUE
                                CONST Null type=kotlin.Nothing? value=null
                              fontWeight: COMPOSITE type=kotlin.Nothing? origin=DEFAULT_VALUE
                                CONST Null type=kotlin.Nothing? value=null
                              fontFamily: COMPOSITE type=kotlin.Nothing? origin=DEFAULT_VALUE
                                CONST Null type=kotlin.Nothing? value=null
                              letterSpacing: COMPOSITE type=androidx.compose.ui.unit.TextUnit origin=DEFAULT_VALUE
                                CALL 'public final fun <unsafe-coerce> <T, R> (v: T of kotlin.jvm.internal.<unsafe-coerce>): R of kotlin.jvm.internal.<unsafe-coerce> declared in kotlin.jvm.internal' type=androidx.compose.ui.unit.TextUnit origin=null
                                  <T>: kotlin.Long
                                  <R>: androidx.compose.ui.unit.TextUnit
                                  v: CONST Long type=kotlin.Long value=0
                              textDecoration: COMPOSITE type=kotlin.Nothing? origin=DEFAULT_VALUE
                                CONST Null type=kotlin.Nothing? value=null
                              textAlign: COMPOSITE type=kotlin.Nothing? origin=DEFAULT_VALUE
                                CONST Null type=kotlin.Nothing? value=null
                              lineHeight: COMPOSITE type=androidx.compose.ui.unit.TextUnit origin=DEFAULT_VALUE
                                CALL 'public final fun <unsafe-coerce> <T, R> (v: T of kotlin.jvm.internal.<unsafe-coerce>): R of kotlin.jvm.internal.<unsafe-coerce> declared in kotlin.jvm.internal' type=androidx.compose.ui.unit.TextUnit origin=null
                                  <T>: kotlin.Long
                                  <R>: androidx.compose.ui.unit.TextUnit
                                  v: CONST Long type=kotlin.Long value=0
                              overflow: COMPOSITE type=androidx.compose.ui.text.style.TextOverflow origin=DEFAULT_VALUE
                                CALL 'public final fun <unsafe-coerce> <T, R> (v: T of kotlin.jvm.internal.<unsafe-coerce>): R of kotlin.jvm.internal.<unsafe-coerce> declared in kotlin.jvm.internal' type=androidx.compose.ui.text.style.TextOverflow origin=null
                                  <T>: kotlin.Int
                                  <R>: androidx.compose.ui.text.style.TextOverflow
                                  v: CONST Int type=kotlin.Int value=0
                              softWrap: COMPOSITE type=kotlin.Boolean origin=DEFAULT_VALUE
                                CONST Boolean type=kotlin.Boolean value=false
                              maxLines: COMPOSITE type=kotlin.Int origin=DEFAULT_VALUE
                                CONST Int type=kotlin.Int value=0
                              minLines: COMPOSITE type=kotlin.Int origin=DEFAULT_VALUE
                                CONST Int type=kotlin.Int value=0
                              onTextLayout: COMPOSITE type=kotlin.Nothing? origin=DEFAULT_VALUE
                                CONST Null type=kotlin.Nothing? value=null
                              style: GET_VAR 'val tmp1_style: androidx.compose.ui.text.TextStyle [val] declared in com.pc.fash_android_mobile.ui.explore.FeaturedSellersScreenKt.FeaturedSellerFullCard.<no name provided>.invoke$lambda$13$lambda$9$lambda$8$lambda$7' type=androidx.compose.ui.text.TextStyle origin=null
                              $composer: GET_VAR '$composer: androidx.compose.runtime.Composer? [assignable] declared in com.pc.fash_android_mobile.ui.explore.FeaturedSellersScreenKt.FeaturedSellerFullCard.<no name provided>.invoke$lambda$13$lambda$9$lambda$8$lambda$7' type=androidx.compose.runtime.Composer? origin=null
                              $changed: CONST Int type=kotlin.Int value=0
                              $changed1: CONST Int type=kotlin.Int value=0
                              $default: CONST Int type=kotlin.Int value=65530
                          BLOCK type=kotlin.Unit origin=ARGUMENTS_REORDERING_FOR_CALL
                            VAR IR_TEMPORARY_VARIABLE name:tmp3_style type:androidx.compose.ui.text.TextStyle [val]
                              CALL 'public final fun <get-labelMedium> (): androidx.compose.ui.text.TextStyle declared in androidx.compose.material3.Typography' type=androidx.compose.ui.text.TextStyle origin=GET_PROPERTY
                                $this: CALL 'public final fun <get-typography> ($composer: androidx.compose.runtime.Composer?, $changed: kotlin.Int): androidx.compose.material3.Typography declared in androidx.compose.material3.MaterialTheme' type=androidx.compose.material3.Typography origin=GET_PROPERTY
                                  $this: GET_FIELD 'FIELD FIELD_FOR_OBJECT_INSTANCE name:INSTANCE type:androidx.compose.material3.MaterialTheme visibility:public [final,static] declared in androidx.compose.material3.MaterialTheme' type=androidx.compose.material3.MaterialTheme origin=null
                                  $composer: GET_VAR '$composer: androidx.compose.runtime.Composer? [assignable] declared in com.pc.fash_android_mobile.ui.explore.FeaturedSellersScreenKt.FeaturedSellerFullCard.<no name provided>.invoke$lambda$13$lambda$9$lambda$8$lambda$7' type=androidx.compose.runtime.Composer? origin=null
                                  $changed: GET_FIELD 'FIELD name:$stable type:kotlin.Int visibility:public [final,static] declared in androidx.compose.material3.MaterialTheme' type=kotlin.Int origin=null
                            VAR IR_TEMPORARY_VARIABLE name:tmp4_color type:androidx.compose.ui.graphics.Color [val]
                              CALL 'public final fun getOutlineVariant-0d7_KjU (): androidx.compose.ui.graphics.Color declared in androidx.compose.material3.ColorScheme' type=androidx.compose.ui.graphics.Color origin=GET_PROPERTY
                                $this: GET_VAR '$scheme: androidx.compose.material3.ColorScheme declared in com.pc.fash_android_mobile.ui.explore.FeaturedSellersScreenKt.FeaturedSellerFullCard.<no name provided>.invoke$lambda$13$lambda$9$lambda$8$lambda$7' type=androidx.compose.material3.ColorScheme origin=null
                            CALL 'public final fun Text--4IGK_g (text: kotlin.String, modifier: androidx.compose.ui.Modifier?, color: androidx.compose.ui.graphics.Color, fontSize: androidx.compose.ui.unit.TextUnit, fontStyle: androidx.compose.ui.text.font.FontStyle?, fontWeight: androidx.compose.ui.text.font.FontWeight?, fontFamily: androidx.compose.ui.text.font.FontFamily?, letterSpacing: androidx.compose.ui.unit.TextUnit, textDecoration: androidx.compose.ui.text.style.TextDecoration?, textAlign: androidx.compose.ui.text.style.TextAlign?, lineHeight: androidx.compose.ui.unit.TextUnit, overflow: androidx.compose.ui.text.style.TextOverflow, softWrap: kotlin.Boolean, maxLines: kotlin.Int, minLines: kotlin.Int, onTextLayout: kotlin.Function1<androidx.compose.ui.text.TextLayoutResult, kotlin.Unit>?, style: androidx.compose.ui.text.TextStyle?, $composer: androidx.compose.runtime.Composer?, $changed: kotlin.Int, $changed1: kotlin.Int, $default: kotlin.Int): kotlin.Unit declared in androidx.compose.material3.TextKt' type=kotlin.Unit origin=null
                              text: CONST String type=kotlin.String value="·"
                              modifier: COMPOSITE type=kotlin.Nothing? origin=DEFAULT_VALUE
                                CONST Null type=kotlin.Nothing? value=null
                              color: GET_VAR 'val tmp4_color: androidx.compose.ui.graphics.Color [val] declared in com.pc.fash_android_mobile.ui.explore.FeaturedSellersScreenKt.FeaturedSellerFullCard.<no name provided>.invoke$lambda$13$lambda$9$lambda$8$lambda$7' type=androidx.compose.ui.graphics.Color origin=null
                              fontSize: COMPOSITE type=androidx.compose.ui.unit.TextUnit origin=DEFAULT_VALUE
                                CALL 'public final fun <unsafe-coerce> <T, R> (v: T of kotlin.jvm.internal.<unsafe-coerce>): R of kotlin.jvm.internal.<unsafe-coerce> declared in kotlin.jvm.internal' type=androidx.compose.ui.unit.TextUnit origin=null
                                  <T>: kotlin.Long
                                  <R>: androidx.compose.ui.unit.TextUnit
                                  v: CONST Long type=kotlin.Long value=0
                              fontStyle: COMPOSITE type=kotlin.Nothing? origin=DEFAULT_VALUE
                                CONST Null type=kotlin.Nothing? value=null
                              fontWeight: COMPOSITE type=kotlin.Nothing? origin=DEFAULT_VALUE
                                CONST Null type=kotlin.Nothing? value=null
                              fontFamily: COMPOSITE type=kotlin.Nothing? origin=DEFAULT_VALUE
                                CONST Null type=kotlin.Nothing? value=null
                              letterSpacing: COMPOSITE type=androidx.compose.ui.unit.TextUnit origin=DEFAULT_VALUE
                                CALL 'public final fun <unsafe-coerce> <T, R> (v: T of kotlin.jvm.internal.<unsafe-coerce>): R of kotlin.jvm.internal.<unsafe-coerce> declared in kotlin.jvm.internal' type=androidx.compose.ui.unit.TextUnit origin=null
                                  <T>: kotlin.Long
                                  <R>: androidx.compose.ui.unit.TextUnit
                                  v: CONST Long type=kotlin.Long value=0
                              textDecoration: COMPOSITE type=kotlin.Nothing? origin=DEFAULT_VALUE
                                CONST Null type=kotlin.Nothing? value=null
                              textAlign: COMPOSITE type=kotlin.Nothing? origin=DEFAULT_VALUE
                                CONST Null type=kotlin.Nothing? value=null
                              lineHeight: COMPOSITE type=androidx.compose.ui.unit.TextUnit origin=DEFAULT_VALUE
                                CALL 'public final fun <unsafe-coerce> <T, R> (v: T of kotlin.jvm.internal.<unsafe-coerce>): R of kotlin.jvm.internal.<unsafe-coerce> declared in kotlin.jvm.internal' type=androidx.compose.ui.unit.TextUnit origin=null
                                  <T>: kotlin.Long
                                  <R>: androidx.compose.ui.unit.TextUnit
                                  v: CONST Long type=kotlin.Long value=0
                              overflow: COMPOSITE type=androidx.compose.ui.text.style.TextOverflow origin=DEFAULT_VALUE
                                CALL 'public final fun <unsafe-coerce> <T, R> (v: T of kotlin.jvm.internal.<unsafe-coerce>): R of kotlin.jvm.internal.<unsafe-coerce> declared in kotlin.jvm.internal' type=androidx.compose.ui.text.style.TextOverflow origin=null
                                  <T>: kotlin.Int
                                  <R>: androidx.compose.ui.text.style.TextOverflow
                                  v: CONST Int type=kotlin.Int value=0
                              softWrap: COMPOSITE type=kotlin.Boolean origin=DEFAULT_VALUE
                                CONST Boolean type=kotlin.Boolean value=false
                              maxLines: COMPOSITE type=kotlin.Int origin=DEFAULT_VALUE
                                CONST Int type=kotlin.Int value=0
                              minLines: COMPOSITE type=kotlin.Int origin=DEFAULT_VALUE
                                CONST Int type=kotlin.Int value=0
                              onTextLayout: COMPOSITE type=kotlin.Nothing? origin=DEFAULT_VALUE
                                CONST Null type=kotlin.Nothing? value=null
                              style: GET_VAR 'val tmp3_style: androidx.compose.ui.text.TextStyle [val] declared in com.pc.fash_android_mobile.ui.explore.FeaturedSellersScreenKt.FeaturedSellerFullCard.<no name provided>.invoke$lambda$13$lambda$9$lambda$8$lambda$7' type=androidx.compose.ui.text.TextStyle origin=null
                              $composer: GET_VAR '$composer: androidx.compose.runtime.Composer? [assignable] declared in com.pc.fash_android_mobile.ui.explore.FeaturedSellersScreenKt.FeaturedSellerFullCard.<no name provided>.invoke$lambda$13$lambda$9$lambda$8$lambda$7' type=androidx.compose.runtime.Composer? origin=null
                              $changed: CONST Int type=kotlin.Int value=6
                              $changed1: CONST Int type=kotlin.Int value=0
                              $default: CONST Int type=kotlin.Int value=65530
                          BLOCK type=kotlin.Unit origin=ARGUMENTS_REORDERING_FOR_CALL
                            VAR IR_TEMPORARY_VARIABLE name:tmp5_text type:kotlin.String [val]
                              CALL 'public final fun stringResource (id: kotlin.Int, vararg formatArgs: kotlin.Any, $composer: androidx.compose.runtime.Composer?, $changed: kotlin.Int): kotlin.String declared in androidx.compose.ui.res.StringResources_androidKt' type=kotlin.String origin=null
                                id: GET_FIELD 'FIELD IR_EXTERNAL_JAVA_DECLARATION_STUB name:product_seller_listings type:kotlin.Int visibility:public [static] declared in com.pc.fash_android_mobile.R.string' type=kotlin.Int superQualifierSymbol=com.pc.fash_android_mobile.R.string origin=null
                                formatArgs: BLOCK type=kotlin.Array<out kotlin.Any> origin=null
                                  VAR IR_TEMPORARY_VARIABLE name:tmp0 type:kotlin.Array<out kotlin.Any> [val]
                                    CALL 'public final fun arrayOfNulls <T> (size: kotlin.Int): kotlin.Array<T of kotlin.arrayOfNulls?> declared in kotlin' type=kotlin.Array<out kotlin.Any> origin=null
                                      <T>: kotlin.Any
                                      size: CONST Int type=kotlin.Int value=1
                                  CALL 'public final fun set (index: kotlin.Int, value: T of kotlin.Array): kotlin.Unit [operator] declared in kotlin.Array' type=kotlin.Unit origin=null
                                    $this: GET_VAR 'val tmp0: kotlin.Array<out kotlin.Any> [val] declared in com.pc.fash_android_mobile.ui.explore.FeaturedSellersScreenKt.FeaturedSellerFullCard.<no name provided>.invoke$lambda$13$lambda$9$lambda$8$lambda$7' type=kotlin.Array<out kotlin.Any> origin=null
                                    index: CONST Int type=kotlin.Int value=0
                                    value: CALL 'public final fun <get-listingCount> (): kotlin.Int declared in com.pc.fash_android_mobile.data.search.FeaturedSellerItem' type=kotlin.Int origin=GET_PROPERTY
                                      $this: GET_VAR '$seller: com.pc.fash_android_mobile.data.search.FeaturedSellerItem declared in com.pc.fash_android_mobile.ui.explore.FeaturedSellersScreenKt.FeaturedSellerFullCard.<no name provided>.invoke$lambda$13$lambda$9$lambda$8$lambda$7' type=com.pc.fash_android_mobile.data.search.FeaturedSellerItem origin=null
                                  GET_VAR 'val tmp0: kotlin.Array<out kotlin.Any> [val] declared in com.pc.fash_android_mobile.ui.explore.FeaturedSellersScreenKt.FeaturedSellerFullCard.<no name provided>.invoke$lambda$13$lambda$9$lambda$8$lambda$7' type=kotlin.Array<out kotlin.Any> origin=null
                                $composer: GET_VAR '$composer: androidx.compose.runtime.Composer? [assignable] declared in com.pc.fash_android_mobile.ui.explore.FeaturedSellersScreenKt.FeaturedSellerFullCard.<no name provided>.invoke$lambda$13$lambda$9$lambda$8$lambda$7' type=androidx.compose.runtime.Composer? origin=null
                                $changed: CONST Int type=kotlin.Int value=0
                            VAR IR_TEMPORARY_VARIABLE name:tmp6_style type:androidx.compose.ui.text.TextStyle [val]
                              CALL 'public final fun <get-labelMedium> (): androidx.compose.ui.text.TextStyle declared in androidx.compose.material3.Typography' type=androidx.compose.ui.text.TextStyle origin=GET_PROPERTY
                                $this: CALL 'public final fun <get-typography> ($composer: androidx.compose.runtime.Composer?, $changed: kotlin.Int): androidx.compose.material3.Typography declared in androidx.compose.material3.MaterialTheme' type=androidx.compose.material3.Typography origin=GET_PROPERTY
                                  $this: GET_FIELD 'FIELD FIELD_FOR_OBJECT_INSTANCE name:INSTANCE type:androidx.compose.material3.MaterialTheme visibility:public [final,static] declared in androidx.compose.material3.MaterialTheme' type=androidx.compose.material3.MaterialTheme origin=null
                                  $composer: GET_VAR '$composer: androidx.compose.runtime.Composer? [assignable] declared in com.pc.fash_android_mobile.ui.explore.FeaturedSellersScreenKt.FeaturedSellerFullCard.<no name provided>.invoke$lambda$13$lambda$9$lambda$8$lambda$7' type=androidx.compose.runtime.Composer? origin=null
                                  $changed: GET_FIELD 'FIELD name:$stable type:kotlin.Int visibility:public [final,static] declared in androidx.compose.material3.MaterialTheme' type=kotlin.Int origin=null
                            VAR IR_TEMPORARY_VARIABLE name:tmp7_color type:androidx.compose.ui.graphics.Color [val]
                              CALL 'public final fun getOnSurface-0d7_KjU (): androidx.compose.ui.graphics.Color declared in androidx.compose.material3.ColorScheme' type=androidx.compose.ui.graphics.Color origin=GET_PROPERTY
                                $this: GET_VAR '$scheme: androidx.compose.material3.ColorScheme declared in com.pc.fash_android_mobile.ui.explore.FeaturedSellersScreenKt.FeaturedSellerFullCard.<no name provided>.invoke$lambda$13$lambda$9$lambda$8$lambda$7' type=androidx.compose.material3.ColorScheme origin=null
                            CALL 'public final fun Text--4IGK_g (text: kotlin.String, modifier: androidx.compose.ui.Modifier?, color: androidx.compose.ui.graphics.Color, fontSize: androidx.compose.ui.unit.TextUnit, fontStyle: androidx.compose.ui.text.font.FontStyle?, fontWeight: androidx.compose.ui.text.font.FontWeight?, fontFamily: androidx.compose.ui.text.font.FontFamily?, letterSpacing: androidx.compose.ui.unit.TextUnit, textDecoration: androidx.compose.ui.text.style.TextDecoration?, textAlign: androidx.compose.ui.text.style.TextAlign?, lineHeight: androidx.compose.ui.unit.TextUnit, overflow: androidx.compose.ui.text.style.TextOverflow, softWrap: kotlin.Boolean, maxLines: kotlin.Int, minLines: kotlin.Int, onTextLayout: kotlin.Function1<androidx.compose.ui.text.TextLayoutResult, kotlin.Unit>?, style: androidx.compose.ui.text.TextStyle?, $composer: androidx.compose.runtime.Composer?, $changed: kotlin.Int, $changed1: kotlin.Int, $default: kotlin.Int): kotlin.Unit declared in androidx.compose.material3.TextKt' type=kotlin.Unit origin=null
                              text: GET_VAR 'val tmp5_text: kotlin.String [val] declared in com.pc.fash_android_mobile.ui.explore.FeaturedSellersScreenKt.FeaturedSellerFullCard.<no name provided>.invoke$lambda$13$lambda$9$lambda$8$lambda$7' type=kotlin.String origin=null
                              modifier: COMPOSITE type=kotlin.Nothing? origin=DEFAULT_VALUE
                                CONST Null type=kotlin.Nothing? value=null
                              color: GET_VAR 'val tmp7_color: androidx.compose.ui.graphics.Color [val] declared in com.pc.fash_android_mobile.ui.explore.FeaturedSellersScreenKt.FeaturedSellerFullCard.<no name provided>.invoke$lambda$13$lambda$9$lambda$8$lambda$7' type=androidx.compose.ui.graphics.Color origin=null
                              fontSize: COMPOSITE type=androidx.compose.ui.unit.TextUnit origin=DEFAULT_VALUE
                                CALL 'public final fun <unsafe-coerce> <T, R> (v: T of kotlin.jvm.internal.<unsafe-coerce>): R of kotlin.jvm.internal.<unsafe-coerce> declared in kotlin.jvm.internal' type=androidx.compose.ui.unit.TextUnit origin=null
                                  <T>: kotlin.Long
                                  <R>: androidx.compose.ui.unit.TextUnit
                                  v: CONST Long type=kotlin.Long value=0
                              fontStyle: COMPOSITE type=kotlin.Nothing? origin=DEFAULT_VALUE
                                CONST Null type=kotlin.Nothing? value=null
                              fontWeight: COMPOSITE type=kotlin.Nothing? origin=DEFAULT_VALUE
                                CONST Null type=kotlin.Nothing? value=null
                              fontFamily: COMPOSITE type=kotlin.Nothing? origin=DEFAULT_VALUE
                                CONST Null type=kotlin.Nothing? value=null
                              letterSpacing: COMPOSITE type=androidx.compose.ui.unit.TextUnit origin=DEFAULT_VALUE
                                CALL 'public final fun <unsafe-coerce> <T, R> (v: T of kotlin.jvm.internal.<unsafe-coerce>): R of kotlin.jvm.internal.<unsafe-coerce> declared in kotlin.jvm.internal' type=androidx.compose.ui.unit.TextUnit origin=null
                                  <T>: kotlin.Long
                                  <R>: androidx.compose.ui.unit.TextUnit
                                  v: CONST Long type=kotlin.Long value=0
                              textDecoration: COMPOSITE type=kotlin.Nothing? origin=DEFAULT_VALUE
                                CONST Null type=kotlin.Nothing? value=null
                              textAlign: COMPOSITE type=kotlin.Nothing? origin=DEFAULT_VALUE
                                CONST Null type=kotlin.Nothing? value=null
                              lineHeight: COMPOSITE type=androidx.compose.ui.unit.TextUnit origin=DEFAULT_VALUE
                                CALL 'public final fun <unsafe-coerce> <T, R> (v: T of kotlin.jvm.internal.<unsafe-coerce>): R of kotlin.jvm.internal.<unsafe-coerce> declared in kotlin.jvm.internal' type=androidx.compose.ui.unit.TextUnit origin=null
                                  <T>: kotlin.Long
                                  <R>: androidx.compose.ui.unit.TextUnit
                                  v: CONST Long type=kotlin.Long value=0
                              overflow: COMPOSITE type=androidx.compose.ui.text.style.TextOverflow origin=DEFAULT_VALUE
                                CALL 'public final fun <unsafe-coerce> <T, R> (v: T of kotlin.jvm.internal.<unsafe-coerce>): R of kotlin.jvm.internal.<unsafe-coerce> declared in kotlin.jvm.internal' type=androidx.compose.ui.text.style.TextOverflow origin=null
                                  <T>: kotlin.Int
                                  <R>: androidx.compose.ui.text.style.TextOverflow
                                  v: CONST Int type=kotlin.Int value=0
                              softWrap: COMPOSITE type=kotlin.Boolean origin=DEFAULT_VALUE
                                CONST Boolean type=kotlin.Boolean value=false
                              maxLines: COMPOSITE type=kotlin.Int origin=DEFAULT_VALUE
                                CONST Int type=kotlin.Int value=0
                              minLines: COMPOSITE type=kotlin.Int origin=DEFAULT_VALUE
                                CONST Int type=kotlin.Int value=0
                              onTextLayout: COMPOSITE type=kotlin.Nothing? origin=DEFAULT_VALUE
                                CONST Null type=kotlin.Nothing? value=null
                              style: GET_VAR 'val tmp6_style: androidx.compose.ui.text.TextStyle [val] declared in com.pc.fash_android_mobile.ui.explore.FeaturedSellersScreenKt.FeaturedSellerFullCard.<no name provided>.invoke$lambda$13$lambda$9$lambda$8$lambda$7' type=androidx.compose.ui.text.TextStyle origin=null
                              $composer: GET_VAR '$composer: androidx.compose.runtime.Composer? [assignable] declared in com.pc.fash_android_mobile.ui.explore.FeaturedSellersScreenKt.FeaturedSellerFullCard.<no name provided>.invoke$lambda$13$lambda$9$lambda$8$lambda$7' type=androidx.compose.runtime.Composer? origin=null
                              $changed: CONST Int type=kotlin.Int value=0
                              $changed1: CONST Int type=kotlin.Int value=0
                              $default: CONST Int type=kotlin.Int value=65530
                          COMPOSITE type=kotlin.Unit origin=null
                            BLOCK type=kotlin.Unit? origin=SAFE_CALL
                              VAR IR_TEMPORARY_VARIABLE name:tmp8_safe_receiver type:kotlin.Float? [val]
                                CALL 'public final fun <get-averageRating> (): kotlin.Float? declared in com.pc.fash_android_mobile.data.search.FeaturedSellerItem' type=kotlin.Float? origin=GET_PROPERTY
                                  $this: GET_VAR '$seller: com.pc.fash_android_mobile.data.search.FeaturedSellerItem declared in com.pc.fash_android_mobile.ui.explore.FeaturedSellersScreenKt.FeaturedSellerFullCard.<no name provided>.invoke$lambda$13$lambda$9$lambda$8$lambda$7' type=com.pc.fash_android_mobile.data.search.FeaturedSellerItem origin=null
                              BLOCK type=kotlin.Unit? origin=null
                                COMPOSITE type=kotlin.Unit origin=null
                                  BLOCK type=kotlin.Unit origin=null
                                    CALL 'public abstract fun startReplaceGroup (key: kotlin.Int): kotlin.Unit declared in androidx.compose.runtime.Composer' type=kotlin.Unit origin=null
                                      $this: GET_VAR '$composer: androidx.compose.runtime.Composer? [assignable] declared in com.pc.fash_android_mobile.ui.explore.FeaturedSellersScreenKt.FeaturedSellerFullCard.<no name provided>.invoke$lambda$13$lambda$9$lambda$8$lambda$7' type=androidx.compose.runtime.Composer? origin=null
                                      key: CONST Int type=kotlin.Int value=79363048
                                    CALL 'public final fun sourceInformation (composer: androidx.compose.runtime.Composer, sourceInformation: kotlin.String): kotlin.Unit declared in androidx.compose.runtime.ComposerKt' type=kotlin.Unit origin=null
                                      composer: GET_VAR '$composer: androidx.compose.runtime.Composer? [assignable] declared in com.pc.fash_android_mobile.ui.explore.FeaturedSellersScreenKt.FeaturedSellerFullCard.<no name provided>.invoke$lambda$13$lambda$9$lambda$8$lambda$7' type=androidx.compose.runtime.Composer? origin=null
                                      sourceInformation: CONST String type=kotlin.String value="*315@14514L10,313@14410L220,319@14704L57,320@14817L10,318@14659L269"
                                VAR IR_TEMPORARY_VARIABLE name:tmp0_group type:kotlin.Unit? [val]
                                  WHEN type=kotlin.Unit? origin=null
                                    BRANCH
                                      if: CALL 'public final fun EQEQ (arg0: kotlin.Any?, arg1: kotlin.Any?): kotlin.Boolean declared in kotlin.internal.ir' type=kotlin.Boolean origin=EQEQ
                                        arg0: GET_VAR 'val tmp8_safe_receiver: kotlin.Float? [val] declared in com.pc.fash_android_mobile.ui.explore.FeaturedSellersScreenKt.FeaturedSellerFullCard.<no name provided>.invoke$lambda$13$lambda$9$lambda$8$lambda$7' type=kotlin.Float? origin=null
                                        arg1: CONST Null type=kotlin.Nothing? value=null
                                      then: CONST Null type=kotlin.Nothing? value=null
                                    BRANCH
                                      if: CONST Boolean type=kotlin.Boolean value=true
                                      then: BLOCK type=kotlin.Unit origin=null
                                        COMPOSITE type=kotlin.Unit origin=null
                                        CALL 'public final fun let <T, R> (block: kotlin.Function1<T of kotlin.StandardKt.let, R of kotlin.StandardKt.let>): R of kotlin.StandardKt.let [inline] declared in kotlin.StandardKt' type=kotlin.Unit origin=null
                                          <T>: kotlin.Float
                                          <R>: kotlin.Unit
                                          $receiver: GET_VAR 'val tmp8_safe_receiver: kotlin.Float? [val] declared in com.pc.fash_android_mobile.ui.explore.FeaturedSellersScreenKt.FeaturedSellerFullCard.<no name provided>.invoke$lambda$13$lambda$9$lambda$8$lambda$7' type=kotlin.Float? origin=null
                                          block: BLOCK type=kotlin.Function1<kotlin.Float, kotlin.Unit> origin=LAMBDA
                                            COMPOSITE type=kotlin.Unit origin=null
                                            FUNCTION_REFERENCE 'private final fun invoke$lambda$13$lambda$9$lambda$8$lambda$7$lambda$6 ($$composer: androidx.compose.runtime.Composer?, $scheme: androidx.compose.material3.ColorScheme, r: kotlin.Float): kotlin.Unit declared in com.pc.fash_android_mobile.ui.explore.FeaturedSellersScreenKt.FeaturedSellerFullCard.<no name provided>' type=kotlin.Function1<kotlin.Float, kotlin.Unit> origin=INLINE_LAMBDA reflectionTarget=null
                                              $$composer: GET_VAR '$composer: androidx.compose.runtime.Composer? [assignable] declared in com.pc.fash_android_mobile.ui.explore.FeaturedSellersScreenKt.FeaturedSellerFullCard.<no name provided>.invoke$lambda$13$lambda$9$lambda$8$lambda$7' type=androidx.compose.runtime.Composer? origin=null
                                              $scheme: GET_VAR '$scheme: androidx.compose.material3.ColorScheme declared in com.pc.fash_android_mobile.ui.explore.FeaturedSellersScreenKt.FeaturedSellerFullCard.<no name provided>.invoke$lambda$13$lambda$9$lambda$8$lambda$7' type=androidx.compose.material3.ColorScheme origin=null
                                        COMPOSITE type=kotlin.Unit origin=null
                                COMPOSITE type=kotlin.Unit origin=null
                                  CALL 'public abstract fun endReplaceGroup (): kotlin.Unit declared in androidx.compose.runtime.Composer' type=kotlin.Unit origin=null
                                    $this: GET_VAR '$composer: androidx.compose.runtime.Composer? [assignable] declared in com.pc.fash_android_mobile.ui.explore.FeaturedSellersScreenKt.FeaturedSellerFullCard.<no name provided>.invoke$lambda$13$lambda$9$lambda$8$lambda$7' type=androidx.compose.runtime.Composer? origin=null
                                GET_VAR 'val tmp0_group: kotlin.Unit? [val] declared in com.pc.fash_android_mobile.ui.explore.FeaturedSellersScreenKt.FeaturedSellerFullCard.<no name provided>.invoke$lambda$13$lambda$9$lambda$8$lambda$7' type=kotlin.Unit? origin=null
                        CALL 'public final fun sourceInformationMarkerEnd (composer: androidx.compose.runtime.Composer): kotlin.Unit declared in androidx.compose.runtime.ComposerKt' type=kotlin.Unit origin=null
                          composer: GET_VAR '$composer: androidx.compose.runtime.Composer? [assignable] declared in com.pc.fash_android_mobile.ui.explore.FeaturedSellersScreenKt.FeaturedSellerFullCard.<no name provided>.invoke$lambda$13$lambda$9$lambda$8$lambda$7' type=androidx.compose.runtime.Composer? origin=null
                  FUN INLINE_LAMBDA name:invoke$lambda$13$lambda$9$lambda$8 visibility:private modality:FINAL <> ($receiver:androidx.compose.foundation.layout.ColumnScope, $seller:com.pc.fash_android_mobile.data.search.FeaturedSellerItem, $scheme:androidx.compose.material3.ColorScheme, $composer:androidx.compose.runtime.Composer?, $changed:kotlin.Int) returnType:kotlin.Unit
                    annotations:
                      Composable
                      ComposableTarget(applier = "androidx.compose.ui.UiComposable")
                    $receiver: VALUE_PARAMETER name:$this$Column type:androidx.compose.foundation.layout.ColumnScope
                    VALUE_PARAMETER BOUND_VALUE_PARAMETER name:$seller index:0 type:com.pc.fash_android_mobile.data.search.FeaturedSellerItem
                    VALUE_PARAMETER BOUND_VALUE_PARAMETER name:$scheme index:1 type:androidx.compose.material3.ColorScheme
                    VALUE_PARAMETER name:$composer index:2 type:androidx.compose.runtime.Composer? [assignable]
                    VALUE_PARAMETER name:$changed index:3 type:kotlin.Int
                    BLOCK_BODY
                      VAR name:$i$a$-Column-FeaturedSellersScreenKt$FeaturedSellerFullCard$1$1$1$1 type:kotlin.Int [val]
                        CONST Int type=kotlin.Int value=0
                      BLOCK type=kotlin.Unit origin=null
                        CALL 'public final fun sourceInformationMarkerStart (composer: androidx.compose.runtime.Composer, key: kotlin.Int, sourceInformation: kotlin.String): kotlin.Unit declared in androidx.compose.runtime.ComposerKt' type=kotlin.Unit origin=null
                          composer: GET_VAR '$composer: androidx.compose.runtime.Composer? [assignable] declared in com.pc.fash_android_mobile.ui.explore.FeaturedSellersScreenKt.FeaturedSellerFullCard.<no name provided>.invoke$lambda$13$lambda$9$lambda$8' type=androidx.compose.runtime.Composer? origin=null
                          key: CONST Int type=kotlin.Int value=-1555310047
                          sourceInformation: CONST String type=kotlin.String value="C246@10912L1112,275@12481L40,280@12757L10,276@12542L598,289@13161L40,290@13222L1754:FeaturedSellersScreen.kt#gwjw0c"
                        COMPOSITE type=kotlin.Unit origin=null
                          CALL 'public final fun Row (modifier: androidx.compose.ui.Modifier?, horizontalArrangement: androidx.compose.foundation.layout.Arrangement.Horizontal?, verticalAlignment: androidx.compose.ui.Alignment.Vertical?, content: @[ExtensionFunctionType] kotlin.Function3<androidx.compose.foundation.layout.RowScope, androidx.compose.runtime.Composer, kotlin.Int, kotlin.Unit>, $composer: androidx.compose.runtime.Composer?, $changed: kotlin.Int, $default: kotlin.Int): kotlin.Unit [inline] declared in androidx.compose.foundation.layout.RowKt' type=kotlin.Unit origin=null
                            modifier: COMPOSITE type=kotlin.Nothing? origin=DEFAULT_VALUE
                              CONST Null type=kotlin.Nothing? value=null
                            horizontalArrangement: COMPOSITE type=kotlin.Nothing? origin=DEFAULT_VALUE
                              CONST Null type=kotlin.Nothing? value=null
                            verticalAlignment: CALL 'public final fun <get-CenterVertically> (): androidx.compose.ui.Alignment.Vertical declared in androidx.compose.ui.Alignment.Companion' type=androidx.compose.ui.Alignment.Vertical origin=GET_PROPERTY
                              $this: GET_FIELD 'FIELD FIELD_FOR_OBJECT_INSTANCE name:Companion type:androidx.compose.ui.Alignment.Companion visibility:public [final,static] declared in androidx.compose.ui.Alignment' type=androidx.compose.ui.Alignment.Companion origin=null
                            content: BLOCK type=@[ExtensionFunctionType] kotlin.Function3<androidx.compose.foundation.layout.RowScope, androidx.compose.runtime.Composer, kotlin.Int, kotlin.Unit> origin=LAMBDA
                              COMPOSITE type=kotlin.Unit origin=null
                              FUNCTION_REFERENCE 'private final fun invoke$lambda$13$lambda$9$lambda$8$lambda$4 ($seller: com.pc.fash_android_mobile.data.search.FeaturedSellerItem, $scheme: androidx.compose.material3.ColorScheme, $composer: androidx.compose.runtime.Composer?, $changed: kotlin.Int): kotlin.Unit declared in com.pc.fash_android_mobile.ui.explore.FeaturedSellersScreenKt.FeaturedSellerFullCard.<no name provided>' type=@[ExtensionFunctionType] kotlin.Function3<androidx.compose.foundation.layout.RowScope, androidx.compose.runtime.Composer, kotlin.Int, kotlin.Unit> origin=INLINE_LAMBDA reflectionTarget=null
                                $seller: GET_VAR '$seller: com.pc.fash_android_mobile.data.search.FeaturedSellerItem declared in com.pc.fash_android_mobile.ui.explore.FeaturedSellersScreenKt.FeaturedSellerFullCard.<no name provided>.invoke$lambda$13$lambda$9$lambda$8' type=com.pc.fash_android_mobile.data.search.FeaturedSellerItem origin=null
                                $scheme: GET_VAR '$scheme: androidx.compose.material3.ColorScheme declared in com.pc.fash_android_mobile.ui.explore.FeaturedSellersScreenKt.FeaturedSellerFullCard.<no name provided>.invoke$lambda$13$lambda$9$lambda$8' type=androidx.compose.material3.ColorScheme origin=null
                            $composer: GET_VAR '$composer: androidx.compose.runtime.Composer? [assignable] declared in com.pc.fash_android_mobile.ui.explore.FeaturedSellersScreenKt.FeaturedSellerFullCard.<no name provided>.invoke$lambda$13$lambda$9$lambda$8' type=androidx.compose.runtime.Composer? origin=null
                            $changed: CONST Int type=kotlin.Int value=384
                            $default: CONST Int type=kotlin.Int value=3
                          BLOCK type=kotlin.Unit origin=null
                            COMPOSITE type=kotlin.Unit origin=null
                              BLOCK type=kotlin.Unit origin=null
                                CALL 'public abstract fun startReplaceGroup (key: kotlin.Int): kotlin.Unit declared in androidx.compose.runtime.Composer' type=kotlin.Unit origin=null
                                  $this: GET_VAR '$composer: androidx.compose.runtime.Composer? [assignable] declared in com.pc.fash_android_mobile.ui.explore.FeaturedSellersScreenKt.FeaturedSellerFullCard.<no name provided>.invoke$lambda$13$lambda$9$lambda$8' type=androidx.compose.runtime.Composer? origin=null
                                  key: CONST Int type=kotlin.Int value=2028071297
                                CALL 'public final fun sourceInformation (composer: androidx.compose.runtime.Composer, sourceInformation: kotlin.String): kotlin.Unit declared in androidx.compose.runtime.ComposerKt' type=kotlin.Unit origin=null
                                  composer: GET_VAR '$composer: androidx.compose.runtime.Composer? [assignable] declared in com.pc.fash_android_mobile.ui.explore.FeaturedSellersScreenKt.FeaturedSellerFullCard.<no name provided>.invoke$lambda$13$lambda$9$lambda$8' type=androidx.compose.runtime.Composer? origin=null
                                  sourceInformation: CONST String type=kotlin.String value="269@12226L10,267@12105L333"
                            WHEN type=kotlin.Unit origin=IF
                              BRANCH
                                if: CALL 'public final fun isNotBlank (): kotlin.Boolean [inline] declared in kotlin.text.StringsKt' type=kotlin.Boolean origin=null
                                  $receiver: CALL 'public final fun <get-username> (): kotlin.String declared in com.pc.fash_android_mobile.data.search.FeaturedSellerItem' type=kotlin.String origin=GET_PROPERTY
                                    $this: GET_VAR '$seller: com.pc.fash_android_mobile.data.search.FeaturedSellerItem declared in com.pc.fash_android_mobile.ui.explore.FeaturedSellersScreenKt.FeaturedSellerFullCard.<no name provided>.invoke$lambda$13$lambda$9$lambda$8' type=com.pc.fash_android_mobile.data.search.FeaturedSellerItem origin=null
                                then: BLOCK type=kotlin.Unit origin=null
                                  BLOCK type=kotlin.Unit origin=ARGUMENTS_REORDERING_FOR_CALL
                                    VAR IR_TEMPORARY_VARIABLE name:tmp0_text type:kotlin.String [val]
                                      STRING_CONCATENATION type=kotlin.String
                                        CONST String type=kotlin.String value="@"
                                        CALL 'public final fun trim (): kotlin.String [inline] declared in kotlin.text.StringsKt' type=kotlin.String origin=null
                                          $receiver: CALL 'public final fun <get-username> (): kotlin.String declared in com.pc.fash_android_mobile.data.search.FeaturedSellerItem' type=kotlin.String origin=GET_PROPERTY
                                            $this: GET_VAR '$seller: com.pc.fash_android_mobile.data.search.FeaturedSellerItem declared in com.pc.fash_android_mobile.ui.explore.FeaturedSellersScreenKt.FeaturedSellerFullCard.<no name provided>.invoke$lambda$13$lambda$9$lambda$8' type=com.pc.fash_android_mobile.data.search.FeaturedSellerItem origin=null
                                    VAR IR_TEMPORARY_VARIABLE name:tmp1_style type:androidx.compose.ui.text.TextStyle [val]
                                      CALL 'public final fun <get-bodySmall> (): androidx.compose.ui.text.TextStyle declared in androidx.compose.material3.Typography' type=androidx.compose.ui.text.TextStyle origin=GET_PROPERTY
                                        $this: CALL 'public final fun <get-typography> ($composer: androidx.compose.runtime.Composer?, $changed: kotlin.Int): androidx.compose.material3.Typography declared in androidx.compose.material3.MaterialTheme' type=androidx.compose.material3.Typography origin=GET_PROPERTY
                                          $this: GET_FIELD 'FIELD FIELD_FOR_OBJECT_INSTANCE name:INSTANCE type:androidx.compose.material3.MaterialTheme visibility:public [final,static] declared in androidx.compose.material3.MaterialTheme' type=androidx.compose.material3.MaterialTheme origin=null
                                          $composer: GET_VAR '$composer: androidx.compose.runtime.Composer? [assignable] declared in com.pc.fash_android_mobile.ui.explore.FeaturedSellersScreenKt.FeaturedSellerFullCard.<no name provided>.invoke$lambda$13$lambda$9$lambda$8' type=androidx.compose.runtime.Composer? origin=null
                                          $changed: GET_FIELD 'FIELD name:$stable type:kotlin.Int visibility:public [final,static] declared in androidx.compose.material3.MaterialTheme' type=kotlin.Int origin=null
                                    VAR IR_TEMPORARY_VARIABLE name:tmp2_color type:androidx.compose.ui.graphics.Color [val]
                                      CALL 'public final fun getOnSurfaceVariant-0d7_KjU (): androidx.compose.ui.graphics.Color declared in androidx.compose.material3.ColorScheme' type=androidx.compose.ui.graphics.Color origin=GET_PROPERTY
                                        $this: GET_VAR '$scheme: androidx.compose.material3.ColorScheme declared in com.pc.fash_android_mobile.ui.explore.FeaturedSellersScreenKt.FeaturedSellerFullCard.<no name provided>.invoke$lambda$13$lambda$9$lambda$8' type=androidx.compose.material3.ColorScheme origin=null
                                    VAR IR_TEMPORARY_VARIABLE name:tmp3_overflow type:androidx.compose.ui.text.style.TextOverflow [val]
                                      CALL 'public final fun getEllipsis-gIe3tQ8 (): androidx.compose.ui.text.style.TextOverflow declared in androidx.compose.ui.text.style.TextOverflow.Companion' type=androidx.compose.ui.text.style.TextOverflow origin=GET_PROPERTY
                                        $this: GET_FIELD 'FIELD FIELD_FOR_OBJECT_INSTANCE name:Companion type:androidx.compose.ui.text.style.TextOverflow.Companion visibility:public [final,static] declared in androidx.compose.ui.text.style.TextOverflow' type=androidx.compose.ui.text.style.TextOverflow.Companion origin=null
                                    CALL 'public final fun Text--4IGK_g (text: kotlin.String, modifier: androidx.compose.ui.Modifier?, color: androidx.compose.ui.graphics.Color, fontSize: androidx.compose.ui.unit.TextUnit, fontStyle: androidx.compose.ui.text.font.FontStyle?, fontWeight: androidx.compose.ui.text.font.FontWeight?, fontFamily: androidx.compose.ui.text.font.FontFamily?, letterSpacing: androidx.compose.ui.unit.TextUnit, textDecoration: androidx.compose.ui.text.style.TextDecoration?, textAlign: androidx.compose.ui.text.style.TextAlign?, lineHeight: androidx.compose.ui.unit.TextUnit, overflow: androidx.compose.ui.text.style.TextOverflow, softWrap: kotlin.Boolean, maxLines: kotlin.Int, minLines: kotlin.Int, onTextLayout: kotlin.Function1<androidx.compose.ui.text.TextLayoutResult, kotlin.Unit>?, style: androidx.compose.ui.text.TextStyle?, $composer: androidx.compose.runtime.Composer?, $changed: kotlin.Int, $changed1: kotlin.Int, $default: kotlin.Int): kotlin.Unit declared in androidx.compose.material3.TextKt' type=kotlin.Unit origin=null
                                      text: GET_VAR 'val tmp0_text: kotlin.String [val] declared in com.pc.fash_android_mobile.ui.explore.FeaturedSellersScreenKt.FeaturedSellerFullCard.<no name provided>.invoke$lambda$13$lambda$9$lambda$8' type=kotlin.String origin=null
                                      modifier: COMPOSITE type=kotlin.Nothing? origin=DEFAULT_VALUE
                                        CONST Null type=kotlin.Nothing? value=null
                                      color: GET_VAR 'val tmp2_color: androidx.compose.ui.graphics.Color [val] declared in com.pc.fash_android_mobile.ui.explore.FeaturedSellersScreenKt.FeaturedSellerFullCard.<no name provided>.invoke$lambda$13$lambda$9$lambda$8' type=androidx.compose.ui.graphics.Color origin=null
                                      fontSize: COMPOSITE type=androidx.compose.ui.unit.TextUnit origin=DEFAULT_VALUE
                                        CALL 'public final fun <unsafe-coerce> <T, R> (v: T of kotlin.jvm.internal.<unsafe-coerce>): R of kotlin.jvm.internal.<unsafe-coerce> declared in kotlin.jvm.internal' type=androidx.compose.ui.unit.TextUnit origin=null
                                          <T>: kotlin.Long
                                          <R>: androidx.compose.ui.unit.TextUnit
                                          v: CONST Long type=kotlin.Long value=0
                                      fontStyle: COMPOSITE type=kotlin.Nothing? origin=DEFAULT_VALUE
                                        CONST Null type=kotlin.Nothing? value=null
                                      fontWeight: COMPOSITE type=kotlin.Nothing? origin=DEFAULT_VALUE
                                        CONST Null type=kotlin.Nothing? value=null
                                      fontFamily: COMPOSITE type=kotlin.Nothing? origin=DEFAULT_VALUE
                                        CONST Null type=kotlin.Nothing? value=null
                                      letterSpacing: COMPOSITE type=androidx.compose.ui.unit.TextUnit origin=DEFAULT_VALUE
                                        CALL 'public final fun <unsafe-coerce> <T, R> (v: T of kotlin.jvm.internal.<unsafe-coerce>): R of kotlin.jvm.internal.<unsafe-coerce> declared in kotlin.jvm.internal' type=androidx.compose.ui.unit.TextUnit origin=null
                                          <T>: kotlin.Long
                                          <R>: androidx.compose.ui.unit.TextUnit
                                          v: CONST Long type=kotlin.Long value=0
                                      textDecoration: COMPOSITE type=kotlin.Nothing? origin=DEFAULT_VALUE
                                        CONST Null type=kotlin.Nothing? value=null
                                      textAlign: COMPOSITE type=kotlin.Nothing? origin=DEFAULT_VALUE
                                        CONST Null type=kotlin.Nothing? value=null
                                      lineHeight: COMPOSITE type=androidx.compose.ui.unit.TextUnit origin=DEFAULT_VALUE
                                        CALL 'public final fun <unsafe-coerce> <T, R> (v: T of kotlin.jvm.internal.<unsafe-coerce>): R of kotlin.jvm.internal.<unsafe-coerce> declared in kotlin.jvm.internal' type=androidx.compose.ui.unit.TextUnit origin=null
                                          <T>: kotlin.Long
                                          <R>: androidx.compose.ui.unit.TextUnit
                                          v: CONST Long type=kotlin.Long value=0
                                      overflow: GET_VAR 'val tmp3_overflow: androidx.compose.ui.text.style.TextOverflow [val] declared in com.pc.fash_android_mobile.ui.explore.FeaturedSellersScreenKt.FeaturedSellerFullCard.<no name provided>.invoke$lambda$13$lambda$9$lambda$8' type=androidx.compose.ui.text.style.TextOverflow origin=null
                                      softWrap: COMPOSITE type=kotlin.Boolean origin=DEFAULT_VALUE
                                        CONST Boolean type=kotlin.Boolean value=false
                                      maxLines: CONST Int type=kotlin.Int value=1
                                      minLines: COMPOSITE type=kotlin.Int origin=DEFAULT_VALUE
                                        CONST Int type=kotlin.Int value=0
                                      onTextLayout: COMPOSITE type=kotlin.Nothing? origin=DEFAULT_VALUE
                                        CONST Null type=kotlin.Nothing? value=null
                                      style: GET_VAR 'val tmp1_style: androidx.compose.ui.text.TextStyle [val] declared in com.pc.fash_android_mobile.ui.explore.FeaturedSellersScreenKt.FeaturedSellerFullCard.<no name provided>.invoke$lambda$13$lambda$9$lambda$8' type=androidx.compose.ui.text.TextStyle origin=null
                                      $composer: GET_VAR '$composer: androidx.compose.runtime.Composer? [assignable] declared in com.pc.fash_android_mobile.ui.explore.FeaturedSellersScreenKt.FeaturedSellerFullCard.<no name provided>.invoke$lambda$13$lambda$9$lambda$8' type=androidx.compose.runtime.Composer? origin=null
                                      $changed: CONST Int type=kotlin.Int value=0
                                      $changed1: CONST Int type=kotlin.Int value=3120
                                      $default: CONST Int type=kotlin.Int value=55290
                            COMPOSITE type=kotlin.Unit origin=null
                              CALL 'public abstract fun endReplaceGroup (): kotlin.Unit declared in androidx.compose.runtime.Composer' type=kotlin.Unit origin=null
                                $this: GET_VAR '$composer: androidx.compose.runtime.Composer? [assignable] declared in com.pc.fash_android_mobile.ui.explore.FeaturedSellersScreenKt.FeaturedSellerFullCard.<no name provided>.invoke$lambda$13$lambda$9$lambda$8' type=androidx.compose.runtime.Composer? origin=null
                          CALL 'public final fun Spacer (modifier: androidx.compose.ui.Modifier, $composer: androidx.compose.runtime.Composer?, $changed: kotlin.Int): kotlin.Unit declared in androidx.compose.foundation.layout.SpacerKt' type=kotlin.Unit origin=null
                            modifier: CALL 'public final fun height-3ABfNKs (height: androidx.compose.ui.unit.Dp): androidx.compose.ui.Modifier declared in androidx.compose.foundation.layout.SizeKt' type=androidx.compose.ui.Modifier origin=null
                              $receiver: GET_FIELD 'FIELD FIELD_FOR_OBJECT_INSTANCE name:Companion type:androidx.compose.ui.Modifier.Companion visibility:public [final,static] declared in androidx.compose.ui.Modifier' type=androidx.compose.ui.Modifier.Companion origin=null
                              height: CALL 'public final fun <get-dp> (): androidx.compose.ui.unit.Dp [inline] declared in androidx.compose.ui.unit.DpKt' type=androidx.compose.ui.unit.Dp origin=GET_PROPERTY
                                $receiver: CONST Int type=kotlin.Int value=6
                            $composer: GET_VAR '$composer: androidx.compose.runtime.Composer? [assignable] declared in com.pc.fash_android_mobile.ui.explore.FeaturedSellersScreenKt.FeaturedSellerFullCard.<no name provided>.invoke$lambda$13$lambda$9$lambda$8' type=androidx.compose.runtime.Composer? origin=null
                            $changed: CONST Int type=kotlin.Int value=6
                          BLOCK type=kotlin.Unit origin=ARGUMENTS_REORDERING_FOR_CALL
                            VAR IR_TEMPORARY_VARIABLE name:tmp4_text type:kotlin.String [val]
                              BLOCK type=kotlin.String origin=null
                                COMPOSITE type=kotlin.Unit origin=null
                                  BLOCK type=kotlin.Unit origin=null
                                    CALL 'public abstract fun startReplaceGroup (key: kotlin.Int): kotlin.Unit declared in androidx.compose.runtime.Composer' type=kotlin.Unit origin=null
                                      $this: GET_VAR '$composer: androidx.compose.runtime.Composer? [assignable] declared in com.pc.fash_android_mobile.ui.explore.FeaturedSellersScreenKt.FeaturedSellerFullCard.<no name provided>.invoke$lambda$13$lambda$9$lambda$8' type=androidx.compose.runtime.Composer? origin=null
                                      key: CONST Int type=kotlin.Int value=2028088658
                                    CALL 'public final fun sourceInformation (composer: androidx.compose.runtime.Composer, sourceInformation: kotlin.String): kotlin.Unit declared in androidx.compose.runtime.ComposerKt' type=kotlin.Unit origin=null
                                      composer: GET_VAR '$composer: androidx.compose.runtime.Composer? [assignable] declared in com.pc.fash_android_mobile.ui.explore.FeaturedSellersScreenKt.FeaturedSellerFullCard.<no name provided>.invoke$lambda$13$lambda$9$lambda$8' type=androidx.compose.runtime.Composer? origin=null
                                      sourceInformation: CONST String type=kotlin.String value="*278@12635L48"
                                VAR IR_TEMPORARY_VARIABLE name:tmp0_group type:kotlin.String [val]
                                  CALL 'public final fun ifBlank <C, R> (defaultValue: kotlin.Function0<R of kotlin.text.StringsKt.ifBlank>): R of kotlin.text.StringsKt.ifBlank [inline] declared in kotlin.text.StringsKt' type=kotlin.String origin=null
                                    <C>: kotlin.String
                                    <R>: kotlin.String
                                    $receiver: CALL 'public final fun trim (): kotlin.String [inline] declared in kotlin.text.StringsKt' type=kotlin.String origin=null
                                      $receiver: CALL 'public final fun <get-bio> (): kotlin.String declared in com.pc.fash_android_mobile.data.search.FeaturedSellerItem' type=kotlin.String origin=GET_PROPERTY
                                        $this: GET_VAR '$seller: com.pc.fash_android_mobile.data.search.FeaturedSellerItem declared in com.pc.fash_android_mobile.ui.explore.FeaturedSellersScreenKt.FeaturedSellerFullCard.<no name provided>.invoke$lambda$13$lambda$9$lambda$8' type=com.pc.fash_android_mobile.data.search.FeaturedSellerItem origin=null
                                    defaultValue: BLOCK type=kotlin.Function0<kotlin.String> origin=LAMBDA
                                      COMPOSITE type=kotlin.Unit origin=null
                                      FUNCTION_REFERENCE 'private final fun invoke$lambda$13$lambda$9$lambda$8$lambda$5 ($$composer: androidx.compose.runtime.Composer?): kotlin.String declared in com.pc.fash_android_mobile.ui.explore.FeaturedSellersScreenKt.FeaturedSellerFullCard.<no name provided>' type=kotlin.Function0<kotlin.String> origin=INLINE_LAMBDA reflectionTarget=null
                                        $$composer: GET_VAR '$composer: androidx.compose.runtime.Composer? [assignable] declared in com.pc.fash_android_mobile.ui.explore.FeaturedSellersScreenKt.FeaturedSellerFullCard.<no name provided>.invoke$lambda$13$lambda$9$lambda$8' type=androidx.compose.runtime.Composer? origin=null
                                COMPOSITE type=kotlin.Unit origin=null
                                  CALL 'public abstract fun endReplaceGroup (): kotlin.Unit declared in androidx.compose.runtime.Composer' type=kotlin.Unit origin=null
                                    $this: GET_VAR '$composer: androidx.compose.runtime.Composer? [assignable] declared in com.pc.fash_android_mobile.ui.explore.FeaturedSellersScreenKt.FeaturedSellerFullCard.<no name provided>.invoke$lambda$13$lambda$9$lambda$8' type=androidx.compose.runtime.Composer? origin=null
                                GET_VAR 'val tmp0_group: kotlin.String [val] declared in com.pc.fash_android_mobile.ui.explore.FeaturedSellersScreenKt.FeaturedSellerFullCard.<no name provided>.invoke$lambda$13$lambda$9$lambda$8' type=kotlin.String origin=null
                            VAR IR_TEMPORARY_VARIABLE name:tmp5_style type:androidx.compose.ui.text.TextStyle [val]
                              CALL 'public final fun <get-bodySmall> (): androidx.compose.ui.text.TextStyle declared in androidx.compose.material3.Typography' type=androidx.compose.ui.text.TextStyle origin=GET_PROPERTY
                                $this: CALL 'public final fun <get-typography> ($composer: androidx.compose.runtime.Composer?, $changed: kotlin.Int): androidx.compose.material3.Typography declared in androidx.compose.material3.MaterialTheme' type=androidx.compose.material3.Typography origin=GET_PROPERTY
                                  $this: GET_FIELD 'FIELD FIELD_FOR_OBJECT_INSTANCE name:INSTANCE type:androidx.compose.material3.MaterialTheme visibility:public [final,static] declared in androidx.compose.material3.MaterialTheme' type=androidx.compose.material3.MaterialTheme origin=null
                                  $composer: GET_VAR '$composer: androidx.compose.runtime.Composer? [assignable] declared in com.pc.fash_android_mobile.ui.explore.FeaturedSellersScreenKt.FeaturedSellerFullCard.<no name provided>.invoke$lambda$13$lambda$9$lambda$8' type=androidx.compose.runtime.Composer? origin=null
                                  $changed: GET_FIELD 'FIELD name:$stable type:kotlin.Int visibility:public [final,static] declared in androidx.compose.material3.MaterialTheme' type=kotlin.Int origin=null
                            VAR IR_TEMPORARY_VARIABLE name:tmp6_color type:androidx.compose.ui.graphics.Color [val]
                              WHEN type=androidx.compose.ui.graphics.Color origin=IF
                                BRANCH
                                  if: CALL 'public final fun isBlank (): kotlin.Boolean declared in kotlin.text.StringsKt' type=kotlin.Boolean origin=null
                                    $receiver: CALL 'public final fun <get-bio> (): kotlin.String declared in com.pc.fash_android_mobile.data.search.FeaturedSellerItem' type=kotlin.String origin=GET_PROPERTY
                                      $this: GET_VAR '$seller: com.pc.fash_android_mobile.data.search.FeaturedSellerItem declared in com.pc.fash_android_mobile.ui.explore.FeaturedSellersScreenKt.FeaturedSellerFullCard.<no name provided>.invoke$lambda$13$lambda$9$lambda$8' type=com.pc.fash_android_mobile.data.search.FeaturedSellerItem origin=null
                                  then: BLOCK type=androidx.compose.ui.graphics.Color origin=null
                                    CALL 'public final fun copy-wmQWz5c$default (arg0: androidx.compose.ui.graphics.Color, alpha: kotlin.Float, red: kotlin.Float, green: kotlin.Float, blue: kotlin.Float, $mask0: kotlin.Int, $handler: kotlin.Any?): androidx.compose.ui.graphics.Color declared in androidx.compose.ui.graphics.Color' type=androidx.compose.ui.graphics.Color origin=DEFAULT_DISPATCH_CALL
                                      arg0: CALL 'public final fun getOnSurfaceVariant-0d7_KjU (): androidx.compose.ui.graphics.Color declared in androidx.compose.material3.ColorScheme' type=androidx.compose.ui.graphics.Color origin=GET_PROPERTY
                                        $this: GET_VAR '$scheme: androidx.compose.material3.ColorScheme declared in com.pc.fash_android_mobile.ui.explore.FeaturedSellersScreenKt.FeaturedSellerFullCard.<no name provided>.invoke$lambda$13$lambda$9$lambda$8' type=androidx.compose.material3.ColorScheme origin=null
                                      alpha: CONST Float type=kotlin.Float value=0.75
                                      red: COMPOSITE type=kotlin.Float origin=DEFAULT_VALUE
                                        CONST Float type=kotlin.Float value=0.0
                                      green: COMPOSITE type=kotlin.Float origin=DEFAULT_VALUE
                                        CONST Float type=kotlin.Float value=0.0
                                      blue: COMPOSITE type=kotlin.Float origin=DEFAULT_VALUE
                                        CONST Float type=kotlin.Float value=0.0
                                      $mask0: CONST Int type=kotlin.Int value=14
                                      $handler: CONST Null type=kotlin.Any? value=null
                                BRANCH
                                  if: CONST Boolean type=kotlin.Boolean value=true
                                  then: BLOCK type=androidx.compose.ui.graphics.Color origin=null
                                    CALL 'public final fun getOnSurfaceVariant-0d7_KjU (): androidx.compose.ui.graphics.Color declared in androidx.compose.material3.ColorScheme' type=androidx.compose.ui.graphics.Color origin=GET_PROPERTY
                                      $this: GET_VAR '$scheme: androidx.compose.material3.ColorScheme declared in com.pc.fash_android_mobile.ui.explore.FeaturedSellersScreenKt.FeaturedSellerFullCard.<no name provided>.invoke$lambda$13$lambda$9$lambda$8' type=androidx.compose.material3.ColorScheme origin=null
                            VAR IR_TEMPORARY_VARIABLE name:tmp7_overflow type:androidx.compose.ui.text.style.TextOverflow [val]
                              CALL 'public final fun getEllipsis-gIe3tQ8 (): androidx.compose.ui.text.style.TextOverflow declared in androidx.compose.ui.text.style.TextOverflow.Companion' type=androidx.compose.ui.text.style.TextOverflow origin=GET_PROPERTY
                                $this: GET_FIELD 'FIELD FIELD_FOR_OBJECT_INSTANCE name:Companion type:androidx.compose.ui.text.style.TextOverflow.Companion visibility:public [final,static] declared in androidx.compose.ui.text.style.TextOverflow' type=androidx.compose.ui.text.style.TextOverflow.Companion origin=null
                            CALL 'public final fun Text--4IGK_g (text: kotlin.String, modifier: androidx.compose.ui.Modifier?, color: androidx.compose.ui.graphics.Color, fontSize: androidx.compose.ui.unit.TextUnit, fontStyle: androidx.compose.ui.text.font.FontStyle?, fontWeight: androidx.compose.ui.text.font.FontWeight?, fontFamily: androidx.compose.ui.text.font.FontFamily?, letterSpacing: androidx.compose.ui.unit.TextUnit, textDecoration: androidx.compose.ui.text.style.TextDecoration?, textAlign: androidx.compose.ui.text.style.TextAlign?, lineHeight: androidx.compose.ui.unit.TextUnit, overflow: androidx.compose.ui.text.style.TextOverflow, softWrap: kotlin.Boolean, maxLines: kotlin.Int, minLines: kotlin.Int, onTextLayout: kotlin.Function1<androidx.compose.ui.text.TextLayoutResult, kotlin.Unit>?, style: androidx.compose.ui.text.TextStyle?, $composer: androidx.compose.runtime.Composer?, $changed: kotlin.Int, $changed1: kotlin.Int, $default: kotlin.Int): kotlin.Unit declared in androidx.compose.material3.TextKt' type=kotlin.Unit origin=null
                              text: GET_VAR 'val tmp4_text: kotlin.String [val] declared in com.pc.fash_android_mobile.ui.explore.FeaturedSellersScreenKt.FeaturedSellerFullCard.<no name provided>.invoke$lambda$13$lambda$9$lambda$8' type=kotlin.String origin=null
                              modifier: COMPOSITE type=kotlin.Nothing? origin=DEFAULT_VALUE
                                CONST Null type=kotlin.Nothing? value=null
                              color: GET_VAR 'val tmp6_color: androidx.compose.ui.graphics.Color [val] declared in com.pc.fash_android_mobile.ui.explore.FeaturedSellersScreenKt.FeaturedSellerFullCard.<no name provided>.invoke$lambda$13$lambda$9$lambda$8' type=androidx.compose.ui.graphics.Color origin=null
                              fontSize: COMPOSITE type=androidx.compose.ui.unit.TextUnit origin=DEFAULT_VALUE
                                CALL 'public final fun <unsafe-coerce> <T, R> (v: T of kotlin.jvm.internal.<unsafe-coerce>): R of kotlin.jvm.internal.<unsafe-coerce> declared in kotlin.jvm.internal' type=androidx.compose.ui.unit.TextUnit origin=null
                                  <T>: kotlin.Long
                                  <R>: androidx.compose.ui.unit.TextUnit
                                  v: CONST Long type=kotlin.Long value=0
                              fontStyle: COMPOSITE type=kotlin.Nothing? origin=DEFAULT_VALUE
                                CONST Null type=kotlin.Nothing? value=null
                              fontWeight: COMPOSITE type=kotlin.Nothing? origin=DEFAULT_VALUE
                                CONST Null type=kotlin.Nothing? value=null
                              fontFamily: COMPOSITE type=kotlin.Nothing? origin=DEFAULT_VALUE
                                CONST Null type=kotlin.Nothing? value=null
                              letterSpacing: COMPOSITE type=androidx.compose.ui.unit.TextUnit origin=DEFAULT_VALUE
                                CALL 'public final fun <unsafe-coerce> <T, R> (v: T of kotlin.jvm.internal.<unsafe-coerce>): R of kotlin.jvm.internal.<unsafe-coerce> declared in kotlin.jvm.internal' type=androidx.compose.ui.unit.TextUnit origin=null
                                  <T>: kotlin.Long
                                  <R>: androidx.compose.ui.unit.TextUnit
                                  v: CONST Long type=kotlin.Long value=0
                              textDecoration: COMPOSITE type=kotlin.Nothing? origin=DEFAULT_VALUE
                                CONST Null type=kotlin.Nothing? value=null
                              textAlign: COMPOSITE type=kotlin.Nothing? origin=DEFAULT_VALUE
                                CONST Null type=kotlin.Nothing? value=null
                              lineHeight: COMPOSITE type=androidx.compose.ui.unit.TextUnit origin=DEFAULT_VALUE
                                CALL 'public final fun <unsafe-coerce> <T, R> (v: T of kotlin.jvm.internal.<unsafe-coerce>): R of kotlin.jvm.internal.<unsafe-coerce> declared in kotlin.jvm.internal' type=androidx.compose.ui.unit.TextUnit origin=null
                                  <T>: kotlin.Long
                                  <R>: androidx.compose.ui.unit.TextUnit
                                  v: CONST Long type=kotlin.Long value=0
                              overflow: GET_VAR 'val tmp7_overflow: androidx.compose.ui.text.style.TextOverflow [val] declared in com.pc.fash_android_mobile.ui.explore.FeaturedSellersScreenKt.FeaturedSellerFullCard.<no name provided>.invoke$lambda$13$lambda$9$lambda$8' type=androidx.compose.ui.text.style.TextOverflow origin=null
                              softWrap: COMPOSITE type=kotlin.Boolean origin=DEFAULT_VALUE
                                CONST Boolean type=kotlin.Boolean value=false
                              maxLines: CONST Int type=kotlin.Int value=3
                              minLines: COMPOSITE type=kotlin.Int origin=DEFAULT_VALUE
                                CONST Int type=kotlin.Int value=0
                              onTextLayout: COMPOSITE type=kotlin.Nothing? origin=DEFAULT_VALUE
                                CONST Null type=kotlin.Nothing? value=null
                              style: GET_VAR 'val tmp5_style: androidx.compose.ui.text.TextStyle [val] declared in com.pc.fash_android_mobile.ui.explore.FeaturedSellersScreenKt.FeaturedSellerFullCard.<no name provided>.invoke$lambda$13$lambda$9$lambda$8' type=androidx.compose.ui.text.TextStyle origin=null
                              $composer: GET_VAR '$composer: androidx.compose.runtime.Composer? [assignable] declared in com.pc.fash_android_mobile.ui.explore.FeaturedSellersScreenKt.FeaturedSellerFullCard.<no name provided>.invoke$lambda$13$lambda$9$lambda$8' type=androidx.compose.runtime.Composer? origin=null
                              $changed: CONST Int type=kotlin.Int value=0
                              $changed1: CONST Int type=kotlin.Int value=3120
                              $default: CONST Int type=kotlin.Int value=55290
                          CALL 'public final fun Spacer (modifier: androidx.compose.ui.Modifier, $composer: androidx.compose.runtime.Composer?, $changed: kotlin.Int): kotlin.Unit declared in androidx.compose.foundation.layout.SpacerKt' type=kotlin.Unit origin=null
                            modifier: CALL 'public final fun height-3ABfNKs (height: androidx.compose.ui.unit.Dp): androidx.compose.ui.Modifier declared in androidx.compose.foundation.layout.SizeKt' type=androidx.compose.ui.Modifier origin=null
                              $receiver: GET_FIELD 'FIELD FIELD_FOR_OBJECT_INSTANCE name:Companion type:androidx.compose.ui.Modifier.Companion visibility:public [final,static] declared in androidx.compose.ui.Modifier' type=androidx.compose.ui.Modifier.Companion origin=null
                              height: CALL 'public final fun <get-dp> (): androidx.compose.ui.unit.Dp [inline] declared in androidx.compose.ui.unit.DpKt' type=androidx.compose.ui.unit.Dp origin=GET_PROPERTY
                                $receiver: CONST Int type=kotlin.Int value=8
                            $composer: GET_VAR '$composer: androidx.compose.runtime.Composer? [assignable] declared in com.pc.fash_android_mobile.ui.explore.FeaturedSellersScreenKt.FeaturedSellerFullCard.<no name provided>.invoke$lambda$13$lambda$9$lambda$8' type=androidx.compose.runtime.Composer? origin=null
                            $changed: CONST Int type=kotlin.Int value=6
                          CALL 'public final fun Row (modifier: androidx.compose.ui.Modifier?, horizontalArrangement: androidx.compose.foundation.layout.Arrangement.Horizontal?, verticalAlignment: androidx.compose.ui.Alignment.Vertical?, content: @[ExtensionFunctionType] kotlin.Function3<androidx.compose.foundation.layout.RowScope, androidx.compose.runtime.Composer, kotlin.Int, kotlin.Unit>, $composer: androidx.compose.runtime.Composer?, $changed: kotlin.Int, $default: kotlin.Int): kotlin.Unit [inline] declared in androidx.compose.foundation.layout.RowKt' type=kotlin.Unit origin=null
                            modifier: COMPOSITE type=kotlin.Nothing? origin=DEFAULT_VALUE
                              CONST Null type=kotlin.Nothing? value=null
                            horizontalArrangement: CALL 'public final fun spacedBy-0680j_4 (space: androidx.compose.ui.unit.Dp): androidx.compose.foundation.layout.Arrangement.HorizontalOrVertical declared in androidx.compose.foundation.layout.Arrangement' type=androidx.compose.foundation.layout.Arrangement.HorizontalOrVertical origin=null
                              $this: GET_FIELD 'FIELD FIELD_FOR_OBJECT_INSTANCE name:INSTANCE type:androidx.compose.foundation.layout.Arrangement visibility:public [final,static] declared in androidx.compose.foundation.layout.Arrangement' type=androidx.compose.foundation.layout.Arrangement origin=null
                              space: CALL 'public final fun <get-dp> (): androidx.compose.ui.unit.Dp [inline] declared in androidx.compose.ui.unit.DpKt' type=androidx.compose.ui.unit.Dp origin=GET_PROPERTY
                                $receiver: CONST Int type=kotlin.Int value=8
                            verticalAlignment: CALL 'public final fun <get-CenterVertically> (): androidx.compose.ui.Alignment.Vertical declared in androidx.compose.ui.Alignment.Companion' type=androidx.compose.ui.Alignment.Vertical origin=GET_PROPERTY
                              $this: GET_FIELD 'FIELD FIELD_FOR_OBJECT_INSTANCE name:Companion type:androidx.compose.ui.Alignment.Companion visibility:public [final,static] declared in androidx.compose.ui.Alignment' type=androidx.compose.ui.Alignment.Companion origin=null
                            content: BLOCK type=@[ExtensionFunctionType] kotlin.Function3<androidx.compose.foundation.layout.RowScope, androidx.compose.runtime.Composer, kotlin.Int, kotlin.Unit> origin=LAMBDA
                              COMPOSITE type=kotlin.Unit origin=null
                              FUNCTION_REFERENCE 'private final fun invoke$lambda$13$lambda$9$lambda$8$lambda$7 ($seller: com.pc.fash_android_mobile.data.search.FeaturedSellerItem, $scheme: androidx.compose.material3.ColorScheme, $composer: androidx.compose.runtime.Composer?, $changed: kotlin.Int): kotlin.Unit declared in com.pc.fash_android_mobile.ui.explore.FeaturedSellersScreenKt.FeaturedSellerFullCard.<no name provided>' type=@[ExtensionFunctionType] kotlin.Function3<androidx.compose.foundation.layout.RowScope, androidx.compose.runtime.Composer, kotlin.Int, kotlin.Unit> origin=INLINE_LAMBDA reflectionTarget=null
                                $seller: GET_VAR '$seller: com.pc.fash_android_mobile.data.search.FeaturedSellerItem declared in com.pc.fash_android_mobile.ui.explore.FeaturedSellersScreenKt.FeaturedSellerFullCard.<no name provided>.invoke$lambda$13$lambda$9$lambda$8' type=com.pc.fash_android_mobile.data.search.FeaturedSellerItem origin=null
                                $scheme: GET_VAR '$scheme: androidx.compose.material3.ColorScheme declared in com.pc.fash_android_mobile.ui.explore.FeaturedSellersScreenKt.FeaturedSellerFullCard.<no name provided>.invoke$lambda$13$lambda$9$lambda$8' type=androidx.compose.material3.ColorScheme origin=null
                            $composer: GET_VAR '$composer: androidx.compose.runtime.Composer? [assignable] declared in com.pc.fash_android_mobile.ui.explore.FeaturedSellersScreenKt.FeaturedSellerFullCard.<no name provided>.invoke$lambda$13$lambda$9$lambda$8' type=androidx.compose.runtime.Composer? origin=null
                            $changed: CONST Int type=kotlin.Int value=432
                            $default: CONST Int type=kotlin.Int value=1
                        CALL 'public final fun sourceInformationMarkerEnd (composer: androidx.compose.runtime.Composer): kotlin.Unit declared in androidx.compose.runtime.ComposerKt' type=kotlin.Unit origin=null
                          composer: GET_VAR '$composer: androidx.compose.runtime.Composer? [assignable] declared in com.pc.fash_android_mobile.ui.explore.FeaturedSellersScreenKt.FeaturedSellerFullCard.<no name provided>.invoke$lambda$13$lambda$9$lambda$8' type=androidx.compose.runtime.Composer? origin=null
                  FUN INLINE_LAMBDA name:invoke$lambda$13$lambda$9 visibility:private modality:FINAL <> ($receiver:androidx.compose.foundation.layout.RowScope, $seller:com.pc.fash_android_mobile.data.search.FeaturedSellerItem, $scheme:androidx.compose.material3.ColorScheme, $composer:androidx.compose.runtime.Composer?, $changed:kotlin.Int) returnType:kotlin.Unit
                    annotations:
                      Composable
                      ComposableTarget(applier = "androidx.compose.ui.UiComposable")
                    $receiver: VALUE_PARAMETER name:$this$Row type:androidx.compose.foundation.layout.RowScope
                    VALUE_PARAMETER BOUND_VALUE_PARAMETER name:$seller index:0 type:com.pc.fash_android_mobile.data.search.FeaturedSellerItem
                    VALUE_PARAMETER BOUND_VALUE_PARAMETER name:$scheme index:1 type:androidx.compose.material3.ColorScheme
                    VALUE_PARAMETER name:$composer index:2 type:androidx.compose.runtime.Composer? [assignable]
                    VALUE_PARAMETER name:$changed index:3 type:kotlin.Int
                    BLOCK_BODY
                      VAR name:$i$a$-Row-FeaturedSellersScreenKt$FeaturedSellerFullCard$1$1$1 type:kotlin.Int [val]
                        CONST Int type=kotlin.Int value=0
                      BLOCK type=kotlin.Unit origin=null
                        CALL 'public final fun sourceInformationMarkerStart (composer: androidx.compose.runtime.Composer, key: kotlin.Int, sourceInformation: kotlin.String): kotlin.Unit declared in androidx.compose.runtime.ComposerKt' type=kotlin.Unit origin=null
                          composer: GET_VAR '$composer: androidx.compose.runtime.Composer? [assignable] declared in com.pc.fash_android_mobile.ui.explore.FeaturedSellersScreenKt.FeaturedSellerFullCard.<no name provided>.invoke$lambda$13$lambda$9' type=androidx.compose.runtime.Composer? origin=null
                          key: CONST Int type=kotlin.Int value=1650264377
                          sourceInformation: CONST String type=kotlin.String value="C236@10564L158,241@10739L4255:FeaturedSellersScreen.kt#gwjw0c"
                        COMPOSITE type=kotlin.Unit origin=null
                          VAR name:avatarUrl type:kotlin.String? [val]
                            BLOCK type=kotlin.String? origin=FOLDED_SAFE_CALL
                              WHEN type=kotlin.String? origin=FOLDED_SAFE_CALL
                                BRANCH
                                  if: COMPOSITE type=kotlin.Boolean origin=null
                                    VAR IR_TEMPORARY_VARIABLE name:tmp0_safe_receiver type:kotlin.String? [val]
                                      CALL 'public final fun takeIf <T> (predicate: kotlin.Function1<T of kotlin.StandardKt.takeIf, kotlin.Boolean>): T of kotlin.StandardKt.takeIf? [inline] declared in kotlin.StandardKt' type=kotlin.String? origin=null
                                        <T>: kotlin.String
                                        $receiver: CALL 'public final fun <get-avatarUrl> (): kotlin.String declared in com.pc.fash_android_mobile.data.search.FeaturedSellerItem' type=kotlin.String origin=GET_PROPERTY
                                          $this: GET_VAR '$seller: com.pc.fash_android_mobile.data.search.FeaturedSellerItem declared in com.pc.fash_android_mobile.ui.explore.FeaturedSellersScreenKt.FeaturedSellerFullCard.<no name provided>.invoke$lambda$13$lambda$9' type=com.pc.fash_android_mobile.data.search.FeaturedSellerItem origin=null
                                        predicate: BLOCK type=kotlin.Function1<kotlin.String, kotlin.Boolean> origin=LAMBDA
                                          COMPOSITE type=kotlin.Unit origin=null
                                          FUNCTION_REFERENCE 'private final fun invoke$lambda$13$lambda$9$lambda$0 (it: kotlin.String): kotlin.Boolean declared in com.pc.fash_android_mobile.ui.explore.FeaturedSellersScreenKt.FeaturedSellerFullCard.<no name provided>' type=kotlin.Function1<kotlin.String, kotlin.Boolean> origin=INLINE_LAMBDA reflectionTarget=null
                                    CALL 'public final fun not (): kotlin.Boolean [operator] declared in kotlin.Boolean' type=kotlin.Boolean origin=null
                                      $this: CALL 'public final fun EQEQ (arg0: kotlin.Any?, arg1: kotlin.Any?): kotlin.Boolean declared in kotlin.internal.ir' type=kotlin.Boolean origin=null
                                        arg0: GET_VAR 'val tmp0_safe_receiver: kotlin.String? [val] declared in com.pc.fash_android_mobile.ui.explore.FeaturedSellersScreenKt.FeaturedSellerFullCard.<no name provided>.invoke$lambda$13$lambda$9' type=kotlin.String? origin=null
                                        arg1: CONST Null type=kotlin.Nothing? value=null
                                  then: CALL 'public final fun let <T, R> (block: kotlin.Function1<T of kotlin.StandardKt.let, R of kotlin.StandardKt.let>): R of kotlin.StandardKt.let [inline] declared in kotlin.StandardKt' type=kotlin.String origin=null
                                    <T>: kotlin.String
                                    <R>: kotlin.String
                                    $receiver: GET_VAR 'val tmp0_safe_receiver: kotlin.String? [val] declared in com.pc.fash_android_mobile.ui.explore.FeaturedSellersScreenKt.FeaturedSellerFullCard.<no name provided>.invoke$lambda$13$lambda$9' type=kotlin.String? origin=null
                                    block: BLOCK type=kotlin.Function1<kotlin.String, kotlin.String> origin=LAMBDA
                                      COMPOSITE type=kotlin.Unit origin=null
                                      FUNCTION_REFERENCE 'private final fun invoke$lambda$13$lambda$9$lambda$1 (it: kotlin.String): kotlin.String declared in com.pc.fash_android_mobile.ui.explore.FeaturedSellersScreenKt.FeaturedSellerFullCard.<no name provided>' type=kotlin.Function1<kotlin.String, kotlin.String> origin=INLINE_LAMBDA reflectionTarget=null
                                BRANCH
                                  if: CONST Boolean type=kotlin.Boolean value=true
                                  then: CONST Null type=kotlin.Nothing? value=null
                          CALL 'public final fun FashAvatarCircle--jt2gSs (imageUrl: kotlin.String?, contentDescription: kotlin.String?, modifier: androidx.compose.ui.Modifier?, size: androidx.compose.ui.unit.Dp, $composer: androidx.compose.runtime.Composer?, $changed: kotlin.Int, $default: kotlin.Int): kotlin.Unit declared in com.pc.fash_android_mobile.ui.components.FashImageKt' type=kotlin.Unit origin=null
                            imageUrl: GET_VAR 'val avatarUrl: kotlin.String? [val] declared in com.pc.fash_android_mobile.ui.explore.FeaturedSellersScreenKt.FeaturedSellerFullCard.<no name provided>.invoke$lambda$13$lambda$9' type=kotlin.String? origin=null
                            contentDescription: CONST Null type=kotlin.Nothing? value=null
                            modifier: COMPOSITE type=kotlin.Nothing? origin=DEFAULT_VALUE
                              CONST Null type=kotlin.Nothing? value=null
                            size: CALL 'public final fun <get-dp> (): androidx.compose.ui.unit.Dp [inline] declared in androidx.compose.ui.unit.DpKt' type=androidx.compose.ui.unit.Dp origin=GET_PROPERTY
                              $receiver: CONST Int type=kotlin.Int value=64
                            $composer: GET_VAR '$composer: androidx.compose.runtime.Composer? [assignable] declared in com.pc.fash_android_mobile.ui.explore.FeaturedSellersScreenKt.FeaturedSellerFullCard.<no name provided>.invoke$lambda$13$lambda$9' type=androidx.compose.runtime.Composer? origin=null
                            $changed: CONST Int type=kotlin.Int value=3120
                            $default: CONST Int type=kotlin.Int value=4
                          CALL 'public final fun Column (modifier: androidx.compose.ui.Modifier?, verticalArrangement: androidx.compose.foundation.layout.Arrangement.Vertical?, horizontalAlignment: androidx.compose.ui.Alignment.Horizontal?, content: @[ExtensionFunctionType] kotlin.Function3<androidx.compose.foundation.layout.ColumnScope, androidx.compose.runtime.Composer, kotlin.Int, kotlin.Unit>, $composer: androidx.compose.runtime.Composer?, $changed: kotlin.Int, $default: kotlin.Int): kotlin.Unit [inline] declared in androidx.compose.foundation.layout.ColumnKt' type=kotlin.Unit origin=null
                            modifier: CALL 'public final fun weight$default ($this: androidx.compose.foundation.layout.RowScope, $receiver: androidx.compose.ui.Modifier, weight: kotlin.Float, fill: kotlin.Boolean, $mask0: kotlin.Int, $handler: kotlin.Any?): androidx.compose.ui.Modifier declared in androidx.compose.foundation.layout.RowScope' type=androidx.compose.ui.Modifier origin=DEFAULT_DISPATCH_CALL
                              $this: GET_VAR '$this$Row: androidx.compose.foundation.layout.RowScope declared in com.pc.fash_android_mobile.ui.explore.FeaturedSellersScreenKt.FeaturedSellerFullCard.<no name provided>.invoke$lambda$13$lambda$9' type=androidx.compose.foundation.layout.RowScope origin=null
                              $receiver: CALL 'public final fun padding-qDBjuR0$default (start: androidx.compose.ui.unit.Dp, top: androidx.compose.ui.unit.Dp, end: androidx.compose.ui.unit.Dp, bottom: androidx.compose.ui.unit.Dp, $mask0: kotlin.Int, $handler: kotlin.Any?): androidx.compose.ui.Modifier declared in androidx.compose.foundation.layout.PaddingKt' type=androidx.compose.ui.Modifier origin=DEFAULT_DISPATCH_CALL
                                $receiver: GET_FIELD 'FIELD FIELD_FOR_OBJECT_INSTANCE name:Companion type:androidx.compose.ui.Modifier.Companion visibility:public [final,static] declared in androidx.compose.ui.Modifier' type=androidx.compose.ui.Modifier.Companion origin=null
                                start: CALL 'public final fun <get-dp> (): androidx.compose.ui.unit.Dp [inline] declared in androidx.compose.ui.unit.DpKt' type=androidx.compose.ui.unit.Dp origin=GET_PROPERTY
                                  $receiver: CONST Int type=kotlin.Int value=12
                                top: COMPOSITE type=androidx.compose.ui.unit.Dp origin=DEFAULT_VALUE
                                  CALL 'public final fun <unsafe-coerce> <T, R> (v: T of kotlin.jvm.internal.<unsafe-coerce>): R of kotlin.jvm.internal.<unsafe-coerce> declared in kotlin.jvm.internal' type=androidx.compose.ui.unit.Dp origin=null
                                    <T>: kotlin.Float
                                    <R>: androidx.compose.ui.unit.Dp
                                    v: CONST Float type=kotlin.Float value=0.0
                                end: COMPOSITE type=androidx.compose.ui.unit.Dp origin=DEFAULT_VALUE
                                  CALL 'public final fun <unsafe-coerce> <T, R> (v: T of kotlin.jvm.internal.<unsafe-coerce>): R of kotlin.jvm.internal.<unsafe-coerce> declared in kotlin.jvm.internal' type=androidx.compose.ui.unit.Dp origin=null
                                    <T>: kotlin.Float
                                    <R>: androidx.compose.ui.unit.Dp
                                    v: CONST Float type=kotlin.Float value=0.0
                                bottom: COMPOSITE type=androidx.compose.ui.unit.Dp origin=DEFAULT_VALUE
                                  CALL 'public final fun <unsafe-coerce> <T, R> (v: T of kotlin.jvm.internal.<unsafe-coerce>): R of kotlin.jvm.internal.<unsafe-coerce> declared in kotlin.jvm.internal' type=androidx.compose.ui.unit.Dp origin=null
                                    <T>: kotlin.Float
                                    <R>: androidx.compose.ui.unit.Dp
                                    v: CONST Float type=kotlin.Float value=0.0
                                $mask0: CONST Int type=kotlin.Int value=14
                                $handler: CONST Null type=kotlin.Any? value=null
                              weight: CONST Float type=kotlin.Float value=1.0
                              fill: COMPOSITE type=kotlin.Boolean origin=DEFAULT_VALUE
                                CONST Boolean type=kotlin.Boolean value=false
                              $mask0: CONST Int type=kotlin.Int value=2
                              $handler: CONST Null type=kotlin.Any? value=null
                            verticalArrangement: COMPOSITE type=kotlin.Nothing? origin=DEFAULT_VALUE
                              CONST Null type=kotlin.Nothing? value=null
                            horizontalAlignment: COMPOSITE type=kotlin.Nothing? origin=DEFAULT_VALUE
                              CONST Null type=kotlin.Nothing? value=null
                            content: BLOCK type=@[ExtensionFunctionType] kotlin.Function3<androidx.compose.foundation.layout.ColumnScope, androidx.compose.runtime.Composer, kotlin.Int, kotlin.Unit> origin=LAMBDA
                              COMPOSITE type=kotlin.Unit origin=null
                              FUNCTION_REFERENCE 'private final fun invoke$lambda$13$lambda$9$lambda$8 ($seller: com.pc.fash_android_mobile.data.search.FeaturedSellerItem, $scheme: androidx.compose.material3.ColorScheme, $composer: androidx.compose.runtime.Composer?, $changed: kotlin.Int): kotlin.Unit declared in com.pc.fash_android_mobile.ui.explore.FeaturedSellersScreenKt.FeaturedSellerFullCard.<no name provided>' type=@[ExtensionFunctionType] kotlin.Function3<androidx.compose.foundation.layout.ColumnScope, androidx.compose.runtime.Composer, kotlin.Int, kotlin.Unit> origin=INLINE_LAMBDA reflectionTarget=null
                                $seller: GET_VAR '$seller: com.pc.fash_android_mobile.data.search.FeaturedSellerItem declared in com.pc.fash_android_mobile.ui.explore.FeaturedSellersScreenKt.FeaturedSellerFullCard.<no name provided>.invoke$lambda$13$lambda$9' type=com.pc.fash_android_mobile.data.search.FeaturedSellerItem origin=null
                                $scheme: GET_VAR '$scheme: androidx.compose.material3.ColorScheme declared in com.pc.fash_android_mobile.ui.explore.FeaturedSellersScreenKt.FeaturedSellerFullCard.<no name provided>.invoke$lambda$13$lambda$9' type=androidx.compose.material3.ColorScheme origin=null
                            $composer: GET_VAR '$composer: androidx.compose.runtime.Composer? [assignable] declared in com.pc.fash_android_mobile.ui.explore.FeaturedSellersScreenKt.FeaturedSellerFullCard.<no name provided>.invoke$lambda$13$lambda$9' type=androidx.compose.runtime.Composer? origin=null
                            $changed: CONST Int type=kotlin.Int value=0
                            $default: CONST Int type=kotlin.Int value=6
                        CALL 'public final fun sourceInformationMarkerEnd (composer: androidx.compose.runtime.Composer): kotlin.Unit declared in androidx.compose.runtime.ComposerKt' type=kotlin.Unit origin=null
                          composer: GET_VAR '$composer: androidx.compose.runtime.Composer? [assignable] declared in com.pc.fash_android_mobile.ui.explore.FeaturedSellersScreenKt.FeaturedSellerFullCard.<no name provided>.invoke$lambda$13$lambda$9' type=androidx.compose.runtime.Composer? origin=null
                  FUN INLINE_LAMBDA name:invoke$lambda$13$lambda$10 visibility:private modality:FINAL <> (it:kotlin.String) returnType:kotlin.Boolean
                    VALUE_PARAMETER name:it index:0 type:kotlin.String
                    BLOCK_BODY
                      VAR name:$i$a$-count-FeaturedSellersScreenKt$FeaturedSellerFullCard$1$1$filledPreviewIds$1 type:kotlin.Int [val]
                        CONST Int type=kotlin.Int value=0
                      BLOCK type=kotlin.Nothing origin=null
                        VAR IR_TEMPORARY_VARIABLE name:tmp0_return type:kotlin.Boolean [val]
                          CALL 'public final fun isNotBlank (): kotlin.Boolean [inline] declared in kotlin.text.StringsKt' type=kotlin.Boolean origin=null
                            $receiver: GET_VAR 'it: kotlin.String declared in com.pc.fash_android_mobile.ui.explore.FeaturedSellersScreenKt.FeaturedSellerFullCard.<no name provided>.invoke$lambda$13$lambda$10' type=kotlin.String origin=null
                        COMPOSITE type=kotlin.Unit origin=null
                        RETURN type=kotlin.Nothing from='private final fun invoke$lambda$13$lambda$10 (it: kotlin.String): kotlin.Boolean declared in com.pc.fash_android_mobile.ui.explore.FeaturedSellersScreenKt.FeaturedSellerFullCard.<no name provided>'
                          GET_VAR 'val tmp0_return: kotlin.Boolean [val] declared in com.pc.fash_android_mobile.ui.explore.FeaturedSellersScreenKt.FeaturedSellerFullCard.<no name provided>.invoke$lambda$13$lambda$10' type=kotlin.Boolean origin=null
                  FUN INLINE_LAMBDA name:invoke$lambda$13$lambda$12$lambda$11 visibility:private modality:FINAL <> ($seller:com.pc.fash_android_mobile.data.search.FeaturedSellerItem, $previewCoverUrls:kotlin.collections.List<kotlin.String?>, $this_Row:androidx.compose.foundation.layout.RowScope, $onListingClick:kotlin.Function1<kotlin.String, kotlin.Unit>, $$composer:androidx.compose.runtime.Composer?, i:kotlin.Int) returnType:kotlin.Unit
                    VALUE_PARAMETER BOUND_VALUE_PARAMETER name:$seller index:0 type:com.pc.fash_android_mobile.data.search.FeaturedSellerItem
                    VALUE_PARAMETER BOUND_VALUE_PARAMETER name:$previewCoverUrls index:1 type:kotlin.collections.List<kotlin.String?>
                    VALUE_PARAMETER BOUND_VALUE_PARAMETER name:$this_Row index:2 type:androidx.compose.foundation.layout.RowScope
                    VALUE_PARAMETER BOUND_VALUE_PARAMETER name:$onListingClick index:3 type:kotlin.Function1<kotlin.String, kotlin.Unit>
                    VALUE_PARAMETER BOUND_VALUE_PARAMETER name:$$composer index:4 type:androidx.compose.runtime.Composer?
                    VALUE_PARAMETER name:i index:5 type:kotlin.Int
                    BLOCK_BODY
                      VAR name:$i$a$-repeat-FeaturedSellersScreenKt$FeaturedSellerFullCard$1$1$2$1 type:kotlin.Int [val]
                        CONST Int type=kotlin.Int value=0
                      VAR name:listingId type:kotlin.String [val]
                        CALL 'public final fun orEmpty (): kotlin.String [inline] declared in kotlin.text.StringsKt' type=kotlin.String origin=null
                          $receiver: BLOCK type=kotlin.String? origin=FOLDED_SAFE_CALL
                            WHEN type=kotlin.String? origin=FOLDED_SAFE_CALL
                              BRANCH
                                if: COMPOSITE type=kotlin.Boolean origin=null
                                  VAR IR_TEMPORARY_VARIABLE name:tmp0_safe_receiver type:kotlin.String? [val]
                                    CALL 'public final fun getOrNull <T> (index: kotlin.Int): T of kotlin.collections.CollectionsKt.getOrNull? declared in kotlin.collections.CollectionsKt' type=kotlin.String? origin=null
                                      <T>: kotlin.String
                                      $receiver: CALL 'public final fun <get-previewListingIds> (): kotlin.collections.List<kotlin.String> declared in com.pc.fash_android_mobile.data.search.FeaturedSellerItem' type=kotlin.collections.List<kotlin.String> origin=GET_PROPERTY
                                        $this: GET_VAR '$seller: com.pc.fash_android_mobile.data.search.FeaturedSellerItem declared in com.pc.fash_android_mobile.ui.explore.FeaturedSellersScreenKt.FeaturedSellerFullCard.<no name provided>.invoke$lambda$13$lambda$12$lambda$11' type=com.pc.fash_android_mobile.data.search.FeaturedSellerItem origin=null
                                      index: GET_VAR 'i: kotlin.Int declared in com.pc.fash_android_mobile.ui.explore.FeaturedSellersScreenKt.FeaturedSellerFullCard.<no name provided>.invoke$lambda$13$lambda$12$lambda$11' type=kotlin.Int origin=null
                                  CALL 'public final fun not (): kotlin.Boolean [operator] declared in kotlin.Boolean' type=kotlin.Boolean origin=null
                                    $this: CALL 'public final fun EQEQ (arg0: kotlin.Any?, arg1: kotlin.Any?): kotlin.Boolean declared in kotlin.internal.ir' type=kotlin.Boolean origin=null
                                      arg0: GET_VAR 'val tmp0_safe_receiver: kotlin.String? [val] declared in com.pc.fash_android_mobile.ui.explore.FeaturedSellersScreenKt.FeaturedSellerFullCard.<no name provided>.invoke$lambda$13$lambda$12$lambda$11' type=kotlin.String? origin=null
                                      arg1: CONST Null type=kotlin.Nothing? value=null
                                then: CALL 'public final fun trim (): kotlin.String [inline] declared in kotlin.text.StringsKt' type=kotlin.String origin=null
                                  $receiver: GET_VAR 'val tmp0_safe_receiver: kotlin.String? [val] declared in com.pc.fash_android_mobile.ui.explore.FeaturedSellersScreenKt.FeaturedSellerFullCard.<no name provided>.invoke$lambda$13$lambda$12$lambda$11' type=kotlin.String? origin=null
                              BRANCH
                                if: CONST Boolean type=kotlin.Boolean value=true
                                then: CONST Null type=kotlin.Nothing? value=null
                      VAR name:coverUrl type:kotlin.String? [val]
                        CALL 'public final fun getOrNull <T> (index: kotlin.Int): T of kotlin.collections.CollectionsKt.getOrNull? declared in kotlin.collections.CollectionsKt' type=kotlin.String? origin=null
                          <T>: kotlin.String?
                          $receiver: GET_VAR '$previewCoverUrls: kotlin.collections.List<kotlin.String?> declared in com.pc.fash_android_mobile.ui.explore.FeaturedSellersScreenKt.FeaturedSellerFullCard.<no name provided>.invoke$lambda$13$lambda$12$lambda$11' type=kotlin.collections.List<kotlin.String?> origin=null
                          index: GET_VAR 'i: kotlin.Int declared in com.pc.fash_android_mobile.ui.explore.FeaturedSellersScreenKt.FeaturedSellerFullCard.<no name provided>.invoke$lambda$13$lambda$12$lambda$11' type=kotlin.Int origin=null
                      CALL 'public final fun access$FeaturedSellerPreviewSlot (modifier: androidx.compose.ui.Modifier?, listingId: kotlin.String, coverUrl: kotlin.String?, onListingClick: kotlin.Function1<kotlin.String, kotlin.Unit>, $composer: androidx.compose.runtime.Composer?, $changed: kotlin.Int, $default: kotlin.Int): kotlin.Unit declared in com.pc.fash_android_mobile.ui.explore.FeaturedSellersScreenKt' type=kotlin.Unit origin=null
                        modifier: CALL 'public final fun weight$default ($this: androidx.compose.foundation.layout.RowScope, $receiver: androidx.compose.ui.Modifier, weight: kotlin.Float, fill: kotlin.Boolean, $mask0: kotlin.Int, $handler: kotlin.Any?): androidx.compose.ui.Modifier declared in androidx.compose.foundation.layout.RowScope' type=androidx.compose.ui.Modifier origin=DEFAULT_DISPATCH_CALL
                          $this: GET_VAR '$this_Row: androidx.compose.foundation.layout.RowScope declared in com.pc.fash_android_mobile.ui.explore.FeaturedSellersScreenKt.FeaturedSellerFullCard.<no name provided>.invoke$lambda$13$lambda$12$lambda$11' type=androidx.compose.foundation.layout.RowScope origin=null
                          $receiver: GET_FIELD 'FIELD FIELD_FOR_OBJECT_INSTANCE name:Companion type:androidx.compose.ui.Modifier.Companion visibility:public [final,static] declared in androidx.compose.ui.Modifier' type=androidx.compose.ui.Modifier.Companion origin=null
                          weight: CONST Float type=kotlin.Float value=1.0
                          fill: COMPOSITE type=kotlin.Boolean origin=DEFAULT_VALUE
                            CONST Boolean type=kotlin.Boolean value=false
                          $mask0: CONST Int type=kotlin.Int value=2
                          $handler: CONST Null type=kotlin.Any? value=null
                        listingId: GET_VAR 'val listingId: kotlin.String [val] declared in com.pc.fash_android_mobile.ui.explore.FeaturedSellersScreenKt.FeaturedSellerFullCard.<no name provided>.invoke$lambda$13$lambda$12$lambda$11' type=kotlin.String origin=null
                        coverUrl: GET_VAR 'val coverUrl: kotlin.String? [val] declared in com.pc.fash_android_mobile.ui.explore.FeaturedSellersScreenKt.FeaturedSellerFullCard.<no name provided>.invoke$lambda$13$lambda$12$lambda$11' type=kotlin.String? origin=null
                        onListingClick: GET_VAR '$onListingClick: kotlin.Function1<kotlin.String, kotlin.Unit> declared in com.pc.fash_android_mobile.ui.explore.FeaturedSellersScreenKt.FeaturedSellerFullCard.<no name provided>.invoke$lambda$13$lambda$12$lambda$11' type=kotlin.Function1<kotlin.String, kotlin.Unit> origin=null
                        $composer: GET_VAR '$$composer: androidx.compose.runtime.Composer? declared in com.pc.fash_android_mobile.ui.explore.FeaturedSellersScreenKt.FeaturedSellerFullCard.<no name provided>.invoke$lambda$13$lambda$12$lambda$11' type=androidx.compose.runtime.Composer? origin=null
                        $changed: CONST Int type=kotlin.Int value=0
                        $default: CONST Int type=kotlin.Int value=0
                  FUN INLINE_LAMBDA name:invoke$lambda$13$lambda$12 visibility:private modality:FINAL <> ($receiver:androidx.compose.foundation.layout.RowScope, $seller:com.pc.fash_android_mobile.data.search.FeaturedSellerItem, $previewCoverUrls:kotlin.collections.List<kotlin.String?>, $onListingClick:kotlin.Function1<kotlin.String, kotlin.Unit>, $composer:androidx.compose.runtime.Composer?, $changed:kotlin.Int) returnType:kotlin.Unit
                    annotations:
                      Composable
                      ComposableTarget(applier = "androidx.compose.ui.UiComposable")
                    $receiver: VALUE_PARAMETER name:$this$Row type:androidx.compose.foundation.layout.RowScope
                    VALUE_PARAMETER BOUND_VALUE_PARAMETER name:$seller index:0 type:com.pc.fash_android_mobile.data.search.FeaturedSellerItem
                    VALUE_PARAMETER BOUND_VALUE_PARAMETER name:$previewCoverUrls index:1 type:kotlin.collections.List<kotlin.String?>
                    VALUE_PARAMETER BOUND_VALUE_PARAMETER name:$onListingClick index:2 type:kotlin.Function1<kotlin.String, kotlin.Unit>
                    VALUE_PARAMETER name:$composer index:3 type:androidx.compose.runtime.Composer? [assignable]
                    VALUE_PARAMETER name:$changed index:4 type:kotlin.Int
                    BLOCK_BODY
                      VAR name:$i$a$-Row-FeaturedSellersScreenKt$FeaturedSellerFullCard$1$1$2 type:kotlin.Int [val]
                        CONST Int type=kotlin.Int value=0
                      BLOCK type=kotlin.Unit origin=null
                        CALL 'public final fun sourceInformationMarkerStart (composer: androidx.compose.runtime.Composer, key: kotlin.Int, sourceInformation: kotlin.String): kotlin.Unit declared in androidx.compose.runtime.ComposerKt' type=kotlin.Unit origin=null
                          composer: GET_VAR '$composer: androidx.compose.runtime.Composer? [assignable] declared in com.pc.fash_android_mobile.ui.explore.FeaturedSellersScreenKt.FeaturedSellerFullCard.<no name provided>.invoke$lambda$13$lambda$12' type=androidx.compose.runtime.Composer? origin=null
                          key: CONST Int type=kotlin.Int value=1655771279
                          sourceInformation: CONST String type=kotlin.String value="C:FeaturedSellersScreen.kt#gwjw0c"
                        COMPOSITE type=kotlin.Unit origin=null
                          BLOCK type=kotlin.Unit origin=null
                            COMPOSITE type=kotlin.Unit origin=null
                              BLOCK type=kotlin.Unit origin=null
                                CALL 'public abstract fun startReplaceGroup (key: kotlin.Int): kotlin.Unit declared in androidx.compose.runtime.Composer' type=kotlin.Unit origin=null
                                  $this: GET_VAR '$composer: androidx.compose.runtime.Composer? [assignable] declared in com.pc.fash_android_mobile.ui.explore.FeaturedSellersScreenKt.FeaturedSellerFullCard.<no name provided>.invoke$lambda$13$lambda$12' type=androidx.compose.runtime.Composer? origin=null
                                  key: CONST Int type=kotlin.Int value=-639324684
                                CALL 'public final fun sourceInformation (composer: androidx.compose.runtime.Composer, sourceInformation: kotlin.String): kotlin.Unit declared in androidx.compose.runtime.ComposerKt' type=kotlin.Unit origin=null
                                  composer: GET_VAR '$composer: androidx.compose.runtime.Composer? [assignable] declared in com.pc.fash_android_mobile.ui.explore.FeaturedSellersScreenKt.FeaturedSellerFullCard.<no name provided>.invoke$lambda$13$lambda$12' type=androidx.compose.runtime.Composer? origin=null
                                  sourceInformation: CONST String type=kotlin.String value="*351@16285L253"
                            CALL 'public final fun repeat (times: kotlin.Int, action: kotlin.Function1<kotlin.Int, kotlin.Unit>): kotlin.Unit [inline] declared in kotlin.StandardKt' type=kotlin.Unit origin=null
                              times: CONST Int type=kotlin.Int value=3
                              action: BLOCK type=kotlin.Function1<kotlin.Int, kotlin.Unit> origin=LAMBDA
                                COMPOSITE type=kotlin.Unit origin=null
                                FUNCTION_REFERENCE 'private final fun invoke$lambda$13$lambda$12$lambda$11 ($seller: com.pc.fash_android_mobile.data.search.FeaturedSellerItem, $previewCoverUrls: kotlin.collections.List<kotlin.String?>, $this_Row: androidx.compose.foundation.layout.RowScope, $onListingClick: kotlin.Function1<kotlin.String, kotlin.Unit>, $$composer: androidx.compose.runtime.Composer?, i: kotlin.Int): kotlin.Unit declared in com.pc.fash_android_mobile.ui.explore.FeaturedSellersScreenKt.FeaturedSellerFullCard.<no name provided>' type=kotlin.Function1<kotlin.Int, kotlin.Unit> origin=INLINE_LAMBDA reflectionTarget=null
                                  $seller: GET_VAR '$seller: com.pc.fash_android_mobile.data.search.FeaturedSellerItem declared in com.pc.fash_android_mobile.ui.explore.FeaturedSellersScreenKt.FeaturedSellerFullCard.<no name provided>.invoke$lambda$13$lambda$12' type=com.pc.fash_android_mobile.data.search.FeaturedSellerItem origin=null
                                  $previewCoverUrls: GET_VAR '$previewCoverUrls: kotlin.collections.List<kotlin.String?> declared in com.pc.fash_android_mobile.ui.explore.FeaturedSellersScreenKt.FeaturedSellerFullCard.<no name provided>.invoke$lambda$13$lambda$12' type=kotlin.collections.List<kotlin.String?> origin=null
                                  $this_Row: GET_VAR '$this$Row: androidx.compose.foundation.layout.RowScope declared in com.pc.fash_android_mobile.ui.explore.FeaturedSellersScreenKt.FeaturedSellerFullCard.<no name provided>.invoke$lambda$13$lambda$12' type=androidx.compose.foundation.layout.RowScope origin=null
                                  $onListingClick: GET_VAR '$onListingClick: kotlin.Function1<kotlin.String, kotlin.Unit> declared in com.pc.fash_android_mobile.ui.explore.FeaturedSellersScreenKt.FeaturedSellerFullCard.<no name provided>.invoke$lambda$13$lambda$12' type=kotlin.Function1<kotlin.String, kotlin.Unit> origin=null
                                  $$composer: GET_VAR '$composer: androidx.compose.runtime.Composer? [assignable] declared in com.pc.fash_android_mobile.ui.explore.FeaturedSellersScreenKt.FeaturedSellerFullCard.<no name provided>.invoke$lambda$13$lambda$12' type=androidx.compose.runtime.Composer? origin=null
                            COMPOSITE type=kotlin.Unit origin=null
                              CALL 'public abstract fun endReplaceGroup (): kotlin.Unit declared in androidx.compose.runtime.Composer' type=kotlin.Unit origin=null
                                $this: GET_VAR '$composer: androidx.compose.runtime.Composer? [assignable] declared in com.pc.fash_android_mobile.ui.explore.FeaturedSellersScreenKt.FeaturedSellerFullCard.<no name provided>.invoke$lambda$13$lambda$12' type=androidx.compose.runtime.Composer? origin=null
                        CALL 'public final fun sourceInformationMarkerEnd (composer: androidx.compose.runtime.Composer): kotlin.Unit declared in androidx.compose.runtime.ComposerKt' type=kotlin.Unit origin=null
                          composer: GET_VAR '$composer: androidx.compose.runtime.Composer? [assignable] declared in com.pc.fash_android_mobile.ui.explore.FeaturedSellersScreenKt.FeaturedSellerFullCard.<no name provided>.invoke$lambda$13$lambda$12' type=androidx.compose.runtime.Composer? origin=null
                  FUN INLINE_LAMBDA name:invoke$lambda$13 visibility:private modality:FINAL <> ($receiver:androidx.compose.foundation.layout.ColumnScope, $cardShape:androidx.compose.foundation.shape.RoundedCornerShape, $onSellerClick:kotlin.Function0<kotlin.Unit>, $scheme:androidx.compose.material3.ColorScheme, $seller:com.pc.fash_android_mobile.data.search.FeaturedSellerItem, $previewCoverUrls:kotlin.collections.List<kotlin.String?>, $onListingClick:kotlin.Function1<kotlin.String, kotlin.Unit>, $composer:androidx.compose.runtime.Composer?, $changed:kotlin.Int) returnType:kotlin.Unit
                    annotations:
                      Composable
                      ComposableTarget(applier = "androidx.compose.ui.UiComposable")
                    $receiver: VALUE_PARAMETER name:$this$Column type:androidx.compose.foundation.layout.ColumnScope
                    VALUE_PARAMETER BOUND_VALUE_PARAMETER name:$cardShape index:0 type:androidx.compose.foundation.shape.RoundedCornerShape
                    VALUE_PARAMETER BOUND_VALUE_PARAMETER name:$onSellerClick index:1 type:kotlin.Function0<kotlin.Unit>
                    VALUE_PARAMETER BOUND_VALUE_PARAMETER name:$scheme index:2 type:androidx.compose.material3.ColorScheme
                    VALUE_PARAMETER BOUND_VALUE_PARAMETER name:$seller index:3 type:com.pc.fash_android_mobile.data.search.FeaturedSellerItem
                    VALUE_PARAMETER BOUND_VALUE_PARAMETER name:$previewCoverUrls index:4 type:kotlin.collections.List<kotlin.String?>
                    VALUE_PARAMETER BOUND_VALUE_PARAMETER name:$onListingClick index:5 type:kotlin.Function1<kotlin.String, kotlin.Unit>
                    VALUE_PARAMETER name:$composer index:6 type:androidx.compose.runtime.Composer? [assignable]
                    VALUE_PARAMETER name:$changed index:7 type:kotlin.Int
                    BLOCK_BODY
                      VAR name:$i$a$-Column-FeaturedSellersScreenKt$FeaturedSellerFullCard$1$1 type:kotlin.Int [val]
                        CONST Int type=kotlin.Int value=0
                      BLOCK type=kotlin.Unit origin=null
                        CALL 'public final fun sourceInformationMarkerStart (composer: androidx.compose.runtime.Composer, key: kotlin.Int, sourceInformation: kotlin.String): kotlin.Unit declared in androidx.compose.runtime.ComposerKt' type=kotlin.Unit origin=null
                          composer: GET_VAR '$composer: androidx.compose.runtime.Composer? [assignable] declared in com.pc.fash_android_mobile.ui.explore.FeaturedSellersScreenKt.FeaturedSellerFullCard.<no name provided>.invoke$lambda$13' type=androidx.compose.runtime.Composer? origin=null
                          key: CONST Int type=kotlin.Int value=349096626
                          sourceInformation: CONST String type=kotlin.String value="C228@10157L4851,327@15021L41,328@15075L68,329@15156L41,331@15239L57,332@15336L10,330@15210L310,344@15934L636:FeaturedSellersScreen.kt#gwjw0c"
                        COMPOSITE type=kotlin.Unit origin=null
                          CALL 'public final fun Row (modifier: androidx.compose.ui.Modifier?, horizontalArrangement: androidx.compose.foundation.layout.Arrangement.Horizontal?, verticalAlignment: androidx.compose.ui.Alignment.Vertical?, content: @[ExtensionFunctionType] kotlin.Function3<androidx.compose.foundation.layout.RowScope, androidx.compose.runtime.Composer, kotlin.Int, kotlin.Unit>, $composer: androidx.compose.runtime.Composer?, $changed: kotlin.Int, $default: kotlin.Int): kotlin.Unit [inline] declared in androidx.compose.foundation.layout.RowKt' type=kotlin.Unit origin=null
                            modifier: CALL 'public final fun clickable-oSLSa3U$default (enabled: kotlin.Boolean, onClickLabel: kotlin.String?, role: androidx.compose.ui.semantics.Role?, interactionSource: androidx.compose.foundation.interaction.MutableInteractionSource?, onClick: kotlin.Function0<kotlin.Unit>, $mask0: kotlin.Int, $handler: kotlin.Any?): androidx.compose.ui.Modifier declared in androidx.compose.foundation.ClickableKt' type=androidx.compose.ui.Modifier origin=DEFAULT_DISPATCH_CALL
                              $receiver: CALL 'public final fun clip (shape: androidx.compose.ui.graphics.Shape): androidx.compose.ui.Modifier declared in androidx.compose.ui.draw.ClipKt' type=androidx.compose.ui.Modifier origin=null
                                $receiver: CALL 'public final fun fillMaxWidth$default (fraction: kotlin.Float, $mask0: kotlin.Int, $handler: kotlin.Any?): androidx.compose.ui.Modifier declared in androidx.compose.foundation.layout.SizeKt' type=androidx.compose.ui.Modifier origin=DEFAULT_DISPATCH_CALL
                                  $receiver: GET_FIELD 'FIELD FIELD_FOR_OBJECT_INSTANCE name:Companion type:androidx.compose.ui.Modifier.Companion visibility:public [final,static] declared in androidx.compose.ui.Modifier' type=androidx.compose.ui.Modifier.Companion origin=null
                                  fraction: COMPOSITE type=kotlin.Float origin=DEFAULT_VALUE
                                    CONST Float type=kotlin.Float value=0.0
                                  $mask0: CONST Int type=kotlin.Int value=1
                                  $handler: CONST Null type=kotlin.Any? value=null
                                shape: GET_VAR '$cardShape: androidx.compose.foundation.shape.RoundedCornerShape declared in com.pc.fash_android_mobile.ui.explore.FeaturedSellersScreenKt.FeaturedSellerFullCard.<no name provided>.invoke$lambda$13' type=androidx.compose.foundation.shape.RoundedCornerShape origin=null
                              enabled: COMPOSITE type=kotlin.Boolean origin=DEFAULT_VALUE
                                CONST Boolean type=kotlin.Boolean value=false
                              onClickLabel: COMPOSITE type=kotlin.String? origin=DEFAULT_VALUE
                                CONST Null type=kotlin.String? value=null
                              role: COMPOSITE type=androidx.compose.ui.semantics.Role? origin=DEFAULT_VALUE
                                CONST Null type=androidx.compose.ui.semantics.Role? value=null
                              interactionSource: COMPOSITE type=androidx.compose.foundation.interaction.MutableInteractionSource? origin=DEFAULT_VALUE
                                CONST Null type=androidx.compose.foundation.interaction.MutableInteractionSource? value=null
                              onClick: GET_VAR '$onSellerClick: kotlin.Function0<kotlin.Unit> declared in com.pc.fash_android_mobile.ui.explore.FeaturedSellersScreenKt.FeaturedSellerFullCard.<no name provided>.invoke$lambda$13' type=kotlin.Function0<kotlin.Unit> origin=null
                              $mask0: CONST Int type=kotlin.Int value=15
                              $handler: CONST Null type=kotlin.Any? value=null
                            horizontalArrangement: COMPOSITE type=kotlin.Nothing? origin=DEFAULT_VALUE
                              CONST Null type=kotlin.Nothing? value=null
                            verticalAlignment: CALL 'public final fun <get-Top> (): androidx.compose.ui.Alignment.Vertical declared in androidx.compose.ui.Alignment.Companion' type=androidx.compose.ui.Alignment.Vertical origin=GET_PROPERTY
                              $this: GET_FIELD 'FIELD FIELD_FOR_OBJECT_INSTANCE name:Companion type:androidx.compose.ui.Alignment.Companion visibility:public [final,static] declared in androidx.compose.ui.Alignment' type=androidx.compose.ui.Alignment.Companion origin=null
                            content: BLOCK type=@[ExtensionFunctionType] kotlin.Function3<androidx.compose.foundation.layout.RowScope, androidx.compose.runtime.Composer, kotlin.Int, kotlin.Unit> origin=LAMBDA
                              COMPOSITE type=kotlin.Unit origin=null
                              FUNCTION_REFERENCE 'private final fun invoke$lambda$13$lambda$9 ($seller: com.pc.fash_android_mobile.data.search.FeaturedSellerItem, $scheme: androidx.compose.material3.ColorScheme, $composer: androidx.compose.runtime.Composer?, $changed: kotlin.Int): kotlin.Unit declared in com.pc.fash_android_mobile.ui.explore.FeaturedSellersScreenKt.FeaturedSellerFullCard.<no name provided>' type=@[ExtensionFunctionType] kotlin.Function3<androidx.compose.foundation.layout.RowScope, androidx.compose.runtime.Composer, kotlin.Int, kotlin.Unit> origin=INLINE_LAMBDA reflectionTarget=null
                                $seller: GET_VAR '$seller: com.pc.fash_android_mobile.data.search.FeaturedSellerItem declared in com.pc.fash_android_mobile.ui.explore.FeaturedSellersScreenKt.FeaturedSellerFullCard.<no name provided>.invoke$lambda$13' type=com.pc.fash_android_mobile.data.search.FeaturedSellerItem origin=null
                                $scheme: GET_VAR '$scheme: androidx.compose.material3.ColorScheme declared in com.pc.fash_android_mobile.ui.explore.FeaturedSellersScreenKt.FeaturedSellerFullCard.<no name provided>.invoke$lambda$13' type=androidx.compose.material3.ColorScheme origin=null
                            $composer: GET_VAR '$composer: androidx.compose.runtime.Composer? [assignable] declared in com.pc.fash_android_mobile.ui.explore.FeaturedSellersScreenKt.FeaturedSellerFullCard.<no name provided>.invoke$lambda$13' type=androidx.compose.runtime.Composer? origin=null
                            $changed: CONST Int type=kotlin.Int value=384
                            $default: CONST Int type=kotlin.Int value=2
                          CALL 'public final fun Spacer (modifier: androidx.compose.ui.Modifier, $composer: androidx.compose.runtime.Composer?, $changed: kotlin.Int): kotlin.Unit declared in androidx.compose.foundation.layout.SpacerKt' type=kotlin.Unit origin=null
                            modifier: CALL 'public final fun height-3ABfNKs (height: androidx.compose.ui.unit.Dp): androidx.compose.ui.Modifier declared in androidx.compose.foundation.layout.SizeKt' type=androidx.compose.ui.Modifier origin=null
                              $receiver: GET_FIELD 'FIELD FIELD_FOR_OBJECT_INSTANCE name:Companion type:androidx.compose.ui.Modifier.Companion visibility:public [final,static] declared in androidx.compose.ui.Modifier' type=androidx.compose.ui.Modifier.Companion origin=null
                              height: CALL 'public final fun <get-dp> (): androidx.compose.ui.unit.Dp [inline] declared in androidx.compose.ui.unit.DpKt' type=androidx.compose.ui.unit.Dp origin=GET_PROPERTY
                                $receiver: CONST Int type=kotlin.Int value=12
                            $composer: GET_VAR '$composer: androidx.compose.runtime.Composer? [assignable] declared in com.pc.fash_android_mobile.ui.explore.FeaturedSellersScreenKt.FeaturedSellerFullCard.<no name provided>.invoke$lambda$13' type=androidx.compose.runtime.Composer? origin=null
                            $changed: CONST Int type=kotlin.Int value=6
                          CALL 'public final fun HorizontalDivider-9IZ8Weo (modifier: androidx.compose.ui.Modifier?, thickness: androidx.compose.ui.unit.Dp, color: androidx.compose.ui.graphics.Color, $composer: androidx.compose.runtime.Composer?, $changed: kotlin.Int, $default: kotlin.Int): kotlin.Unit declared in androidx.compose.material3.DividerKt' type=kotlin.Unit origin=null
                            modifier: COMPOSITE type=kotlin.Nothing? origin=DEFAULT_VALUE
                              CONST Null type=kotlin.Nothing? value=null
                            thickness: COMPOSITE type=androidx.compose.ui.unit.Dp origin=DEFAULT_VALUE
                              CALL 'public final fun <unsafe-coerce> <T, R> (v: T of kotlin.jvm.internal.<unsafe-coerce>): R of kotlin.jvm.internal.<unsafe-coerce> declared in kotlin.jvm.internal' type=androidx.compose.ui.unit.Dp origin=null
                                <T>: kotlin.Float
                                <R>: androidx.compose.ui.unit.Dp
                                v: CONST Float type=kotlin.Float value=0.0
                            color: CALL 'public final fun copy-wmQWz5c$default (arg0: androidx.compose.ui.graphics.Color, alpha: kotlin.Float, red: kotlin.Float, green: kotlin.Float, blue: kotlin.Float, $mask0: kotlin.Int, $handler: kotlin.Any?): androidx.compose.ui.graphics.Color declared in androidx.compose.ui.graphics.Color' type=androidx.compose.ui.graphics.Color origin=DEFAULT_DISPATCH_CALL
                              arg0: CALL 'public final fun getOutlineVariant-0d7_KjU (): androidx.compose.ui.graphics.Color declared in androidx.compose.material3.ColorScheme' type=androidx.compose.ui.graphics.Color origin=GET_PROPERTY
                                $this: GET_VAR '$scheme: androidx.compose.material3.ColorScheme declared in com.pc.fash_android_mobile.ui.explore.FeaturedSellersScreenKt.FeaturedSellerFullCard.<no name provided>.invoke$lambda$13' type=androidx.compose.material3.ColorScheme origin=null
                              alpha: CONST Float type=kotlin.Float value=0.35
                              red: COMPOSITE type=kotlin.Float origin=DEFAULT_VALUE
                                CONST Float type=kotlin.Float value=0.0
                              green: COMPOSITE type=kotlin.Float origin=DEFAULT_VALUE
                                CONST Float type=kotlin.Float value=0.0
                              blue: COMPOSITE type=kotlin.Float origin=DEFAULT_VALUE
                                CONST Float type=kotlin.Float value=0.0
                              $mask0: CONST Int type=kotlin.Int value=14
                              $handler: CONST Null type=kotlin.Any? value=null
                            $composer: GET_VAR '$composer: androidx.compose.runtime.Composer? [assignable] declared in com.pc.fash_android_mobile.ui.explore.FeaturedSellersScreenKt.FeaturedSellerFullCard.<no name provided>.invoke$lambda$13' type=androidx.compose.runtime.Composer? origin=null
                            $changed: CONST Int type=kotlin.Int value=0
                            $default: CONST Int type=kotlin.Int value=3
                          CALL 'public final fun Spacer (modifier: androidx.compose.ui.Modifier, $composer: androidx.compose.runtime.Composer?, $changed: kotlin.Int): kotlin.Unit declared in androidx.compose.foundation.layout.SpacerKt' type=kotlin.Unit origin=null
                            modifier: CALL 'public final fun height-3ABfNKs (height: androidx.compose.ui.unit.Dp): androidx.compose.ui.Modifier declared in androidx.compose.foundation.layout.SizeKt' type=androidx.compose.ui.Modifier origin=null
                              $receiver: GET_FIELD 'FIELD FIELD_FOR_OBJECT_INSTANCE name:Companion type:androidx.compose.ui.Modifier.Companion visibility:public [final,static] declared in androidx.compose.ui.Modifier' type=androidx.compose.ui.Modifier.Companion origin=null
                              height: CALL 'public final fun <get-dp> (): androidx.compose.ui.unit.Dp [inline] declared in androidx.compose.ui.unit.DpKt' type=androidx.compose.ui.unit.Dp origin=GET_PROPERTY
                                $receiver: CONST Int type=kotlin.Int value=10
                            $composer: GET_VAR '$composer: androidx.compose.runtime.Composer? [assignable] declared in com.pc.fash_android_mobile.ui.explore.FeaturedSellersScreenKt.FeaturedSellerFullCard.<no name provided>.invoke$lambda$13' type=androidx.compose.runtime.Composer? origin=null
                            $changed: CONST Int type=kotlin.Int value=6
                          BLOCK type=kotlin.Unit origin=ARGUMENTS_REORDERING_FOR_CALL
                            VAR IR_TEMPORARY_VARIABLE name:tmp0_text type:kotlin.String [val]
                              CALL 'public final fun stringResource (id: kotlin.Int, $composer: androidx.compose.runtime.Composer?, $changed: kotlin.Int): kotlin.String declared in androidx.compose.ui.res.StringResources_androidKt' type=kotlin.String origin=null
                                id: GET_FIELD 'FIELD IR_EXTERNAL_JAVA_DECLARATION_STUB name:featured_sellers_preview_heading type:kotlin.Int visibility:public [static] declared in com.pc.fash_android_mobile.R.string' type=kotlin.Int superQualifierSymbol=com.pc.fash_android_mobile.R.string origin=null
                                $composer: GET_VAR '$composer: androidx.compose.runtime.Composer? [assignable] declared in com.pc.fash_android_mobile.ui.explore.FeaturedSellersScreenKt.FeaturedSellerFullCard.<no name provided>.invoke$lambda$13' type=androidx.compose.runtime.Composer? origin=null
                                $changed: CONST Int type=kotlin.Int value=0
                            VAR IR_TEMPORARY_VARIABLE name:tmp1_style type:androidx.compose.ui.text.TextStyle [val]
                              CALL 'public final fun copy-p1EtxEg$default ($this: androidx.compose.ui.text.TextStyle, color: androidx.compose.ui.graphics.Color, fontSize: androidx.compose.ui.unit.TextUnit, fontWeight: androidx.compose.ui.text.font.FontWeight?, fontStyle: androidx.compose.ui.text.font.FontStyle?, fontSynthesis: androidx.compose.ui.text.font.FontSynthesis?, fontFamily: androidx.compose.ui.text.font.FontFamily?, fontFeatureSettings: kotlin.String?, letterSpacing: androidx.compose.ui.unit.TextUnit, baselineShift: androidx.compose.ui.text.style.BaselineShift?, textGeometricTransform: androidx.compose.ui.text.style.TextGeometricTransform?, localeList: androidx.compose.ui.text.intl.LocaleList?, background: androidx.compose.ui.graphics.Color, textDecoration: androidx.compose.ui.text.style.TextDecoration?, shadow: androidx.compose.ui.graphics.Shadow?, drawStyle: androidx.compose.ui.graphics.drawscope.DrawStyle?, textAlign: androidx.compose.ui.text.style.TextAlign, textDirection: androidx.compose.ui.text.style.TextDirection, lineHeight: androidx.compose.ui.unit.TextUnit, textIndent: androidx.compose.ui.text.style.TextIndent?, platformStyle: androidx.compose.ui.text.PlatformTextStyle?, lineHeightStyle: androidx.compose.ui.text.style.LineHeightStyle?, lineBreak: androidx.compose.ui.text.style.LineBreak, hyphens: androidx.compose.ui.text.style.Hyphens, textMotion: androidx.compose.ui.text.style.TextMotion?, $mask0: kotlin.Int, $handler: kotlin.Any?): androidx.compose.ui.text.TextStyle declared in androidx.compose.ui.text.TextStyle' type=androidx.compose.ui.text.TextStyle origin=DEFAULT_DISPATCH_CALL
                                $this: CALL 'public final fun <get-labelLarge> (): androidx.compose.ui.text.TextStyle declared in androidx.compose.material3.Typography' type=androidx.compose.ui.text.TextStyle origin=GET_PROPERTY
                                  $this: CALL 'public final fun <get-typography> ($composer: androidx.compose.runtime.Composer?, $changed: kotlin.Int): androidx.compose.material3.Typography declared in androidx.compose.material3.MaterialTheme' type=androidx.compose.material3.Typography origin=GET_PROPERTY
                                    $this: GET_FIELD 'FIELD FIELD_FOR_OBJECT_INSTANCE name:INSTANCE type:androidx.compose.material3.MaterialTheme visibility:public [final,static] declared in androidx.compose.material3.MaterialTheme' type=androidx.compose.material3.MaterialTheme origin=null
                                    $composer: GET_VAR '$composer: androidx.compose.runtime.Composer? [assignable] declared in com.pc.fash_android_mobile.ui.explore.FeaturedSellersScreenKt.FeaturedSellerFullCard.<no name provided>.invoke$lambda$13' type=androidx.compose.runtime.Composer? origin=null
                                    $changed: GET_FIELD 'FIELD name:$stable type:kotlin.Int visibility:public [final,static] declared in androidx.compose.material3.MaterialTheme' type=kotlin.Int origin=null
                                color: COMPOSITE type=androidx.compose.ui.graphics.Color origin=DEFAULT_VALUE
                                  CALL 'public final fun <unsafe-coerce> <T, R> (v: T of kotlin.jvm.internal.<unsafe-coerce>): R of kotlin.jvm.internal.<unsafe-coerce> declared in kotlin.jvm.internal' type=androidx.compose.ui.graphics.Color origin=null
                                    <T>: kotlin.Long
                                    <R>: androidx.compose.ui.graphics.Color
                                    v: CONST Long type=kotlin.Long value=0
                                fontSize: COMPOSITE type=androidx.compose.ui.unit.TextUnit origin=DEFAULT_VALUE
                                  CALL 'public final fun <unsafe-coerce> <T, R> (v: T of kotlin.jvm.internal.<unsafe-coerce>): R of kotlin.jvm.internal.<unsafe-coerce> declared in kotlin.jvm.internal' type=androidx.compose.ui.unit.TextUnit origin=null
                                    <T>: kotlin.Long
                                    <R>: androidx.compose.ui.unit.TextUnit
                                    v: CONST Long type=kotlin.Long value=0
                                fontWeight: CALL 'public final fun <get-SemiBold> (): androidx.compose.ui.text.font.FontWeight declared in androidx.compose.ui.text.font.FontWeight.Companion' type=androidx.compose.ui.text.font.FontWeight origin=GET_PROPERTY
                                  $this: GET_FIELD 'FIELD FIELD_FOR_OBJECT_INSTANCE name:Companion type:androidx.compose.ui.text.font.FontWeight.Companion visibility:public [final,static] declared in androidx.compose.ui.text.font.FontWeight' type=androidx.compose.ui.text.font.FontWeight.Companion origin=null
                                fontStyle: COMPOSITE type=androidx.compose.ui.text.font.FontStyle? origin=DEFAULT_VALUE
                                  CONST Null type=androidx.compose.ui.text.font.FontStyle? value=null
                                fontSynthesis: COMPOSITE type=androidx.compose.ui.text.font.FontSynthesis? origin=DEFAULT_VALUE
                                  CONST Null type=androidx.compose.ui.text.font.FontSynthesis? value=null
                                fontFamily: COMPOSITE type=androidx.compose.ui.text.font.FontFamily? origin=DEFAULT_VALUE
                                  CONST Null type=androidx.compose.ui.text.font.FontFamily? value=null
                                fontFeatureSettings: COMPOSITE type=kotlin.String? origin=DEFAULT_VALUE
                                  CONST Null type=kotlin.String? value=null
                                letterSpacing: COMPOSITE type=androidx.compose.ui.unit.TextUnit origin=DEFAULT_VALUE
                                  CALL 'public final fun <unsafe-coerce> <T, R> (v: T of kotlin.jvm.internal.<unsafe-coerce>): R of kotlin.jvm.internal.<unsafe-coerce> declared in kotlin.jvm.internal' type=androidx.compose.ui.unit.TextUnit origin=null
                                    <T>: kotlin.Long
                                    <R>: androidx.compose.ui.unit.TextUnit
                                    v: CONST Long type=kotlin.Long value=0
                                baselineShift: COMPOSITE type=androidx.compose.ui.text.style.BaselineShift? origin=DEFAULT_VALUE
                                  CONST Null type=androidx.compose.ui.text.style.BaselineShift? value=null
                                textGeometricTransform: COMPOSITE type=androidx.compose.ui.text.style.TextGeometricTransform? origin=DEFAULT_VALUE
                                  CONST Null type=androidx.compose.ui.text.style.TextGeometricTransform? value=null
                                localeList: COMPOSITE type=androidx.compose.ui.text.intl.LocaleList? origin=DEFAULT_VALUE
                                  CONST Null type=androidx.compose.ui.text.intl.LocaleList? value=null
                                background: COMPOSITE type=androidx.compose.ui.graphics.Color origin=DEFAULT_VALUE
                                  CALL 'public final fun <unsafe-coerce> <T, R> (v: T of kotlin.jvm.internal.<unsafe-coerce>): R of kotlin.jvm.internal.<unsafe-coerce> declared in kotlin.jvm.internal' type=androidx.compose.ui.graphics.Color origin=null
                                    <T>: kotlin.Long
                                    <R>: androidx.compose.ui.graphics.Color
                                    v: CONST Long type=kotlin.Long value=0
                                textDecoration: COMPOSITE type=androidx.compose.ui.text.style.TextDecoration? origin=DEFAULT_VALUE
                                  CONST Null type=androidx.compose.ui.text.style.TextDecoration? value=null
                                shadow: COMPOSITE type=androidx.compose.ui.graphics.Shadow? origin=DEFAULT_VALUE
                                  CONST Null type=androidx.compose.ui.graphics.Shadow? value=null
                                drawStyle: COMPOSITE type=androidx.compose.ui.graphics.drawscope.DrawStyle? origin=DEFAULT_VALUE
                                  CONST Null type=androidx.compose.ui.graphics.drawscope.DrawStyle? value=null
                                textAlign: COMPOSITE type=androidx.compose.ui.text.style.TextAlign origin=DEFAULT_VALUE
                                  CALL 'public final fun <unsafe-coerce> <T, R> (v: T of kotlin.jvm.internal.<unsafe-coerce>): R of kotlin.jvm.internal.<unsafe-coerce> declared in kotlin.jvm.internal' type=androidx.compose.ui.text.style.TextAlign origin=null
                                    <T>: kotlin.Int
                                    <R>: androidx.compose.ui.text.style.TextAlign
                                    v: CONST Int type=kotlin.Int value=0
                                textDirection: COMPOSITE type=androidx.compose.ui.text.style.TextDirection origin=DEFAULT_VALUE
                                  CALL 'public final fun <unsafe-coerce> <T, R> (v: T of kotlin.jvm.internal.<unsafe-coerce>): R of kotlin.jvm.internal.<unsafe-coerce> declared in kotlin.jvm.internal' type=androidx.compose.ui.text.style.TextDirection origin=null
                                    <T>: kotlin.Int
                                    <R>: androidx.compose.ui.text.style.TextDirection
                                    v: CONST Int type=kotlin.Int value=0
                                lineHeight: COMPOSITE type=androidx.compose.ui.unit.TextUnit origin=DEFAULT_VALUE
                                  CALL 'public final fun <unsafe-coerce> <T, R> (v: T of kotlin.jvm.internal.<unsafe-coerce>): R of kotlin.jvm.internal.<unsafe-coerce> declared in kotlin.jvm.internal' type=androidx.compose.ui.unit.TextUnit origin=null
                                    <T>: kotlin.Long
                                    <R>: androidx.compose.ui.unit.TextUnit
                                    v: CONST Long type=kotlin.Long value=0
                                textIndent: COMPOSITE type=androidx.compose.ui.text.style.TextIndent? origin=DEFAULT_VALUE
                                  CONST Null type=androidx.compose.ui.text.style.TextIndent? value=null
                                platformStyle: COMPOSITE type=androidx.compose.ui.text.PlatformTextStyle? origin=DEFAULT_VALUE
                                  CONST Null type=androidx.compose.ui.text.PlatformTextStyle? value=null
                                lineHeightStyle: COMPOSITE type=androidx.compose.ui.text.style.LineHeightStyle? origin=DEFAULT_VALUE
                                  CONST Null type=androidx.compose.ui.text.style.LineHeightStyle? value=null
                                lineBreak: COMPOSITE type=androidx.compose.ui.text.style.LineBreak origin=DEFAULT_VALUE
                                  CALL 'public final fun <unsafe-coerce> <T, R> (v: T of kotlin.jvm.internal.<unsafe-coerce>): R of kotlin.jvm.internal.<unsafe-coerce> declared in kotlin.jvm.internal' type=androidx.compose.ui.text.style.LineBreak origin=null
                                    <T>: kotlin.Int
                                    <R>: androidx.compose.ui.text.style.LineBreak
                                    v: CONST Int type=kotlin.Int value=0
                                hyphens: COMPOSITE type=androidx.compose.ui.text.style.Hyphens origin=DEFAULT_VALUE
                                  CALL 'public final fun <unsafe-coerce> <T, R> (v: T of kotlin.jvm.internal.<unsafe-coerce>): R of kotlin.jvm.internal.<unsafe-coerce> declared in kotlin.jvm.internal' type=androidx.compose.ui.text.style.Hyphens origin=null
                                    <T>: kotlin.Int
                                    <R>: androidx.compose.ui.text.style.Hyphens
                                    v: CONST Int type=kotlin.Int value=0
                                textMotion: COMPOSITE type=androidx.compose.ui.text.style.TextMotion? origin=DEFAULT_VALUE
                                  CONST Null type=androidx.compose.ui.text.style.TextMotion? value=null
                                $mask0: CONST Int type=kotlin.Int value=16777211
                                $handler: CONST Null type=kotlin.Any? value=null
                            VAR IR_TEMPORARY_VARIABLE name:tmp2_color type:androidx.compose.ui.graphics.Color [val]
                              CALL 'public final fun getOnSurfaceVariant-0d7_KjU (): androidx.compose.ui.graphics.Color declared in androidx.compose.material3.ColorScheme' type=androidx.compose.ui.graphics.Color origin=GET_PROPERTY
                                $this: GET_VAR '$scheme: androidx.compose.material3.ColorScheme declared in com.pc.fash_android_mobile.ui.explore.FeaturedSellersScreenKt.FeaturedSellerFullCard.<no name provided>.invoke$lambda$13' type=androidx.compose.material3.ColorScheme origin=null
                            VAR IR_TEMPORARY_VARIABLE name:tmp3_modifier type:androidx.compose.ui.Modifier [val]
                              CALL 'public final fun padding-qDBjuR0$default (start: androidx.compose.ui.unit.Dp, top: androidx.compose.ui.unit.Dp, end: androidx.compose.ui.unit.Dp, bottom: androidx.compose.ui.unit.Dp, $mask0: kotlin.Int, $handler: kotlin.Any?): androidx.compose.ui.Modifier declared in androidx.compose.foundation.layout.PaddingKt' type=androidx.compose.ui.Modifier origin=DEFAULT_DISPATCH_CALL
                                $receiver: GET_FIELD 'FIELD FIELD_FOR_OBJECT_INSTANCE name:Companion type:androidx.compose.ui.Modifier.Companion visibility:public [final,static] declared in androidx.compose.ui.Modifier' type=androidx.compose.ui.Modifier.Companion origin=null
                                start: COMPOSITE type=androidx.compose.ui.unit.Dp origin=DEFAULT_VALUE
                                  CALL 'public final fun <unsafe-coerce> <T, R> (v: T of kotlin.jvm.internal.<unsafe-coerce>): R of kotlin.jvm.internal.<unsafe-coerce> declared in kotlin.jvm.internal' type=androidx.compose.ui.unit.Dp origin=null
                                    <T>: kotlin.Float
                                    <R>: androidx.compose.ui.unit.Dp
                                    v: CONST Float type=kotlin.Float value=0.0
                                top: COMPOSITE type=androidx.compose.ui.unit.Dp origin=DEFAULT_VALUE
                                  CALL 'public final fun <unsafe-coerce> <T, R> (v: T of kotlin.jvm.internal.<unsafe-coerce>): R of kotlin.jvm.internal.<unsafe-coerce> declared in kotlin.jvm.internal' type=androidx.compose.ui.unit.Dp origin=null
                                    <T>: kotlin.Float
                                    <R>: androidx.compose.ui.unit.Dp
                                    v: CONST Float type=kotlin.Float value=0.0
                                end: COMPOSITE type=androidx.compose.ui.unit.Dp origin=DEFAULT_VALUE
                                  CALL 'public final fun <unsafe-coerce> <T, R> (v: T of kotlin.jvm.internal.<unsafe-coerce>): R of kotlin.jvm.internal.<unsafe-coerce> declared in kotlin.jvm.internal' type=androidx.compose.ui.unit.Dp origin=null
                                    <T>: kotlin.Float
                                    <R>: androidx.compose.ui.unit.Dp
                                    v: CONST Float type=kotlin.Float value=0.0
                                bottom: CALL 'public final fun <get-dp> (): androidx.compose.ui.unit.Dp [inline] declared in androidx.compose.ui.unit.DpKt' type=androidx.compose.ui.unit.Dp origin=GET_PROPERTY
                                  $receiver: CONST Int type=kotlin.Int value=8
                                $mask0: CONST Int type=kotlin.Int value=7
                                $handler: CONST Null type=kotlin.Any? value=null
                            CALL 'public final fun Text--4IGK_g (text: kotlin.String, modifier: androidx.compose.ui.Modifier?, color: androidx.compose.ui.graphics.Color, fontSize: androidx.compose.ui.unit.TextUnit, fontStyle: androidx.compose.ui.text.font.FontStyle?, fontWeight: androidx.compose.ui.text.font.FontWeight?, fontFamily: androidx.compose.ui.text.font.FontFamily?, letterSpacing: androidx.compose.ui.unit.TextUnit, textDecoration: androidx.compose.ui.text.style.TextDecoration?, textAlign: androidx.compose.ui.text.style.TextAlign?, lineHeight: androidx.compose.ui.unit.TextUnit, overflow: androidx.compose.ui.text.style.TextOverflow, softWrap: kotlin.Boolean, maxLines: kotlin.Int, minLines: kotlin.Int, onTextLayout: kotlin.Function1<androidx.compose.ui.text.TextLayoutResult, kotlin.Unit>?, style: androidx.compose.ui.text.TextStyle?, $composer: androidx.compose.runtime.Composer?, $changed: kotlin.Int, $changed1: kotlin.Int, $default: kotlin.Int): kotlin.Unit declared in androidx.compose.material3.TextKt' type=kotlin.Unit origin=null
                              text: GET_VAR 'val tmp0_text: kotlin.String [val] declared in com.pc.fash_android_mobile.ui.explore.FeaturedSellersScreenKt.FeaturedSellerFullCard.<no name provided>.invoke$lambda$13' type=kotlin.String origin=null
                              modifier: GET_VAR 'val tmp3_modifier: androidx.compose.ui.Modifier [val] declared in com.pc.fash_android_mobile.ui.explore.FeaturedSellersScreenKt.FeaturedSellerFullCard.<no name provided>.invoke$lambda$13' type=androidx.compose.ui.Modifier origin=null
                              color: GET_VAR 'val tmp2_color: androidx.compose.ui.graphics.Color [val] declared in com.pc.fash_android_mobile.ui.explore.FeaturedSellersScreenKt.FeaturedSellerFullCard.<no name provided>.invoke$lambda$13' type=androidx.compose.ui.graphics.Color origin=null
                              fontSize: COMPOSITE type=androidx.compose.ui.unit.TextUnit origin=DEFAULT_VALUE
                                CALL 'public final fun <unsafe-coerce> <T, R> (v: T of kotlin.jvm.internal.<unsafe-coerce>): R of kotlin.jvm.internal.<unsafe-coerce> declared in kotlin.jvm.internal' type=androidx.compose.ui.unit.TextUnit origin=null
                                  <T>: kotlin.Long
                                  <R>: androidx.compose.ui.unit.TextUnit
                                  v: CONST Long type=kotlin.Long value=0
                              fontStyle: COMPOSITE type=kotlin.Nothing? origin=DEFAULT_VALUE
                                CONST Null type=kotlin.Nothing? value=null
                              fontWeight: COMPOSITE type=kotlin.Nothing? origin=DEFAULT_VALUE
                                CONST Null type=kotlin.Nothing? value=null
                              fontFamily: COMPOSITE type=kotlin.Nothing? origin=DEFAULT_VALUE
                                CONST Null type=kotlin.Nothing? value=null
                              letterSpacing: COMPOSITE type=androidx.compose.ui.unit.TextUnit origin=DEFAULT_VALUE
                                CALL 'public final fun <unsafe-coerce> <T, R> (v: T of kotlin.jvm.internal.<unsafe-coerce>): R of kotlin.jvm.internal.<unsafe-coerce> declared in kotlin.jvm.internal' type=androidx.compose.ui.unit.TextUnit origin=null
                                  <T>: kotlin.Long
                                  <R>: androidx.compose.ui.unit.TextUnit
                                  v: CONST Long type=kotlin.Long value=0
                              textDecoration: COMPOSITE type=kotlin.Nothing? origin=DEFAULT_VALUE
                                CONST Null type=kotlin.Nothing? value=null
                              textAlign: COMPOSITE type=kotlin.Nothing? origin=DEFAULT_VALUE
                                CONST Null type=kotlin.Nothing? value=null
                              lineHeight: COMPOSITE type=androidx.compose.ui.unit.TextUnit origin=DEFAULT_VALUE
                                CALL 'public final fun <unsafe-coerce> <T, R> (v: T of kotlin.jvm.internal.<unsafe-coerce>): R of kotlin.jvm.internal.<unsafe-coerce> declared in kotlin.jvm.internal' type=androidx.compose.ui.unit.TextUnit origin=null
                                  <T>: kotlin.Long
                                  <R>: androidx.compose.ui.unit.TextUnit
                                  v: CONST Long type=kotlin.Long value=0
                              overflow: COMPOSITE type=androidx.compose.ui.text.style.TextOverflow origin=DEFAULT_VALUE
                                CALL 'public final fun <unsafe-coerce> <T, R> (v: T of kotlin.jvm.internal.<unsafe-coerce>): R of kotlin.jvm.internal.<unsafe-coerce> declared in kotlin.jvm.internal' type=androidx.compose.ui.text.style.TextOverflow origin=null
                                  <T>: kotlin.Int
                                  <R>: androidx.compose.ui.text.style.TextOverflow
                                  v: CONST Int type=kotlin.Int value=0
                              softWrap: COMPOSITE type=kotlin.Boolean origin=DEFAULT_VALUE
                                CONST Boolean type=kotlin.Boolean value=false
                              maxLines: COMPOSITE type=kotlin.Int origin=DEFAULT_VALUE
                                CONST Int type=kotlin.Int value=0
                              minLines: COMPOSITE type=kotlin.Int origin=DEFAULT_VALUE
                                CONST Int type=kotlin.Int value=0
                              onTextLayout: COMPOSITE type=kotlin.Nothing? origin=DEFAULT_VALUE
                                CONST Null type=kotlin.Nothing? value=null
                              style: GET_VAR 'val tmp1_style: androidx.compose.ui.text.TextStyle [val] declared in com.pc.fash_android_mobile.ui.explore.FeaturedSellersScreenKt.FeaturedSellerFullCard.<no name provided>.invoke$lambda$13' type=androidx.compose.ui.text.TextStyle origin=null
                              $composer: GET_VAR '$composer: androidx.compose.runtime.Composer? [assignable] declared in com.pc.fash_android_mobile.ui.explore.FeaturedSellersScreenKt.FeaturedSellerFullCard.<no name provided>.invoke$lambda$13' type=androidx.compose.runtime.Composer? origin=null
                              $changed: CONST Int type=kotlin.Int value=48
                              $changed1: CONST Int type=kotlin.Int value=0
                              $default: CONST Int type=kotlin.Int value=65528
                          VAR name:filledPreviewIds type:kotlin.Int [val]
                            CALL 'public final fun count <T> (predicate: kotlin.Function1<T of kotlin.collections.CollectionsKt.count, kotlin.Boolean>): kotlin.Int [inline] declared in kotlin.collections.CollectionsKt' type=kotlin.Int origin=null
                              <T>: kotlin.String
                              $receiver: CALL 'public final fun <get-previewListingIds> (): kotlin.collections.List<kotlin.String> declared in com.pc.fash_android_mobile.data.search.FeaturedSellerItem' type=kotlin.collections.List<kotlin.String> origin=GET_PROPERTY
                                $this: GET_VAR '$seller: com.pc.fash_android_mobile.data.search.FeaturedSellerItem declared in com.pc.fash_android_mobile.ui.explore.FeaturedSellersScreenKt.FeaturedSellerFullCard.<no name provided>.invoke$lambda$13' type=com.pc.fash_android_mobile.data.search.FeaturedSellerItem origin=null
                              predicate: BLOCK type=kotlin.Function1<kotlin.String, kotlin.Boolean> origin=LAMBDA
                                COMPOSITE type=kotlin.Unit origin=null
                                FUNCTION_REFERENCE 'private final fun invoke$lambda$13$lambda$10 (it: kotlin.String): kotlin.Boolean declared in com.pc.fash_android_mobile.ui.explore.FeaturedSellersScreenKt.FeaturedSellerFullCard.<no name provided>' type=kotlin.Function1<kotlin.String, kotlin.Boolean> origin=INLINE_LAMBDA reflectionTarget=null
                          BLOCK type=kotlin.Unit origin=null
                            COMPOSITE type=kotlin.Unit origin=null
                              BLOCK type=kotlin.Unit origin=null
                                CALL 'public abstract fun startReplaceGroup (key: kotlin.Int): kotlin.Unit declared in androidx.compose.runtime.Composer' type=kotlin.Unit origin=null
                                  $this: GET_VAR '$composer: androidx.compose.runtime.Composer? [assignable] declared in com.pc.fash_android_mobile.ui.explore.FeaturedSellersScreenKt.FeaturedSellerFullCard.<no name provided>.invoke$lambda$13' type=androidx.compose.runtime.Composer? origin=null
                                  key: CONST Int type=kotlin.Int value=-404212142
                                CALL 'public final fun sourceInformation (composer: androidx.compose.runtime.Composer, sourceInformation: kotlin.String): kotlin.Unit declared in androidx.compose.runtime.ComposerKt' type=kotlin.Unit origin=null
                                  composer: GET_VAR '$composer: androidx.compose.runtime.Composer? [assignable] declared in com.pc.fash_android_mobile.ui.explore.FeaturedSellersScreenKt.FeaturedSellerFullCard.<no name provided>.invoke$lambda$13' type=androidx.compose.runtime.Composer? origin=null
                                  sourceInformation: CONST String type=kotlin.String value="338@15694L213"
                            WHEN type=kotlin.Unit origin=IF
                              BRANCH
                                if: CALL 'public final fun ANDAND (arg0: kotlin.Boolean, arg1: kotlin.Boolean): kotlin.Boolean declared in kotlin.internal.ir' type=kotlin.Boolean origin=null
                                  arg0: WHEN type=kotlin.Boolean origin=IN
                                    BRANCH
                                      if: CALL 'public final fun lessOrEqual (arg0: kotlin.Int, arg1: kotlin.Int): kotlin.Boolean declared in kotlin.internal.ir' type=kotlin.Boolean origin=null
                                        arg0: CONST Int type=kotlin.Int value=1
                                        arg1: GET_VAR 'val filledPreviewIds: kotlin.Int [val] declared in com.pc.fash_android_mobile.ui.explore.FeaturedSellersScreenKt.FeaturedSellerFullCard.<no name provided>.invoke$lambda$13' type=kotlin.Int origin=null
                                      then: CALL 'public final fun less (arg0: kotlin.Int, arg1: kotlin.Int): kotlin.Boolean declared in kotlin.internal.ir' type=kotlin.Boolean origin=null
                                        arg0: GET_VAR 'val filledPreviewIds: kotlin.Int [val] declared in com.pc.fash_android_mobile.ui.explore.FeaturedSellersScreenKt.FeaturedSellerFullCard.<no name provided>.invoke$lambda$13' type=kotlin.Int origin=null
                                        arg1: CONST Int type=kotlin.Int value=3
                                    BRANCH
                                      if: CONST Boolean type=kotlin.Boolean value=true
                                      then: CONST Boolean type=kotlin.Boolean value=false
                                  arg1: CALL 'public final fun greater (arg0: kotlin.Int, arg1: kotlin.Int): kotlin.Boolean declared in kotlin.internal.ir' type=kotlin.Boolean origin=GT
                                    arg0: CALL 'public final fun <get-listingCount> (): kotlin.Int declared in com.pc.fash_android_mobile.data.search.FeaturedSellerItem' type=kotlin.Int origin=GET_PROPERTY
                                      $this: GET_VAR '$seller: com.pc.fash_android_mobile.data.search.FeaturedSellerItem declared in com.pc.fash_android_mobile.ui.explore.FeaturedSellersScreenKt.FeaturedSellerFullCard.<no name provided>.invoke$lambda$13' type=com.pc.fash_android_mobile.data.search.FeaturedSellerItem origin=null
                                    arg1: CONST Int type=kotlin.Int value=0
                                then: BLOCK type=kotlin.Unit origin=null
                                  CALL 'public final fun ProfilePreviewRowCaption (previewCount: kotlin.Int, totalListingCount: kotlin.Int, modifier: androidx.compose.ui.Modifier?, $composer: androidx.compose.runtime.Composer?, $changed: kotlin.Int, $default: kotlin.Int): kotlin.Unit declared in com.pc.fash_android_mobile.ui.components.ProfilePreviewPlaceholdersKt' type=kotlin.Unit origin=null
                                    previewCount: GET_VAR 'val filledPreviewIds: kotlin.Int [val] declared in com.pc.fash_android_mobile.ui.explore.FeaturedSellersScreenKt.FeaturedSellerFullCard.<no name provided>.invoke$lambda$13' type=kotlin.Int origin=null
                                    totalListingCount: CALL 'public final fun <get-listingCount> (): kotlin.Int declared in com.pc.fash_android_mobile.data.search.FeaturedSellerItem' type=kotlin.Int origin=GET_PROPERTY
                                      $this: GET_VAR '$seller: com.pc.fash_android_mobile.data.search.FeaturedSellerItem declared in com.pc.fash_android_mobile.ui.explore.FeaturedSellersScreenKt.FeaturedSellerFullCard.<no name provided>.invoke$lambda$13' type=com.pc.fash_android_mobile.data.search.FeaturedSellerItem origin=null
                                    modifier: CALL 'public final fun fillMaxWidth$default (fraction: kotlin.Float, $mask0: kotlin.Int, $handler: kotlin.Any?): androidx.compose.ui.Modifier declared in androidx.compose.foundation.layout.SizeKt' type=androidx.compose.ui.Modifier origin=DEFAULT_DISPATCH_CALL
                                      $receiver: GET_FIELD 'FIELD FIELD_FOR_OBJECT_INSTANCE name:Companion type:androidx.compose.ui.Modifier.Companion visibility:public [final,static] declared in androidx.compose.ui.Modifier' type=androidx.compose.ui.Modifier.Companion origin=null
                                      fraction: COMPOSITE type=kotlin.Float origin=DEFAULT_VALUE
                                        CONST Float type=kotlin.Float value=0.0
                                      $mask0: CONST Int type=kotlin.Int value=1
                                      $handler: CONST Null type=kotlin.Any? value=null
                                    $composer: GET_VAR '$composer: androidx.compose.runtime.Composer? [assignable] declared in com.pc.fash_android_mobile.ui.explore.FeaturedSellersScreenKt.FeaturedSellerFullCard.<no name provided>.invoke$lambda$13' type=androidx.compose.runtime.Composer? origin=null
                                    $changed: CONST Int type=kotlin.Int value=384
                                    $default: CONST Int type=kotlin.Int value=0
                            COMPOSITE type=kotlin.Unit origin=null
                              CALL 'public abstract fun endReplaceGroup (): kotlin.Unit declared in androidx.compose.runtime.Composer' type=kotlin.Unit origin=null
                                $this: GET_VAR '$composer: androidx.compose.runtime.Composer? [assignable] declared in com.pc.fash_android_mobile.ui.explore.FeaturedSellersScreenKt.FeaturedSellerFullCard.<no name provided>.invoke$lambda$13' type=androidx.compose.runtime.Composer? origin=null
                          CALL 'public final fun Row (modifier: androidx.compose.ui.Modifier?, horizontalArrangement: androidx.compose.foundation.layout.Arrangement.Horizontal?, verticalAlignment: androidx.compose.ui.Alignment.Vertical?, content: @[ExtensionFunctionType] kotlin.Function3<androidx.compose.foundation.layout.RowScope, androidx.compose.runtime.Composer, kotlin.Int, kotlin.Unit>, $composer: androidx.compose.runtime.Composer?, $changed: kotlin.Int, $default: kotlin.Int): kotlin.Unit [inline] declared in androidx.compose.foundation.layout.RowKt' type=kotlin.Unit origin=null
                            modifier: CALL 'public final fun fillMaxWidth$default (fraction: kotlin.Float, $mask0: kotlin.Int, $handler: kotlin.Any?): androidx.compose.ui.Modifier declared in androidx.compose.foundation.layout.SizeKt' type=androidx.compose.ui.Modifier origin=DEFAULT_DISPATCH_CALL
                              $receiver: GET_FIELD 'FIELD FIELD_FOR_OBJECT_INSTANCE name:Companion type:androidx.compose.ui.Modifier.Companion visibility:public [final,static] declared in androidx.compose.ui.Modifier' type=androidx.compose.ui.Modifier.Companion origin=null
                              fraction: COMPOSITE type=kotlin.Float origin=DEFAULT_VALUE
                                CONST Float type=kotlin.Float value=0.0
                              $mask0: CONST Int type=kotlin.Int value=1
                              $handler: CONST Null type=kotlin.Any? value=null
                            horizontalArrangement: CALL 'public final fun spacedBy-0680j_4 (space: androidx.compose.ui.unit.Dp): androidx.compose.foundation.layout.Arrangement.HorizontalOrVertical declared in androidx.compose.foundation.layout.Arrangement' type=androidx.compose.foundation.layout.Arrangement.HorizontalOrVertical origin=null
                              $this: GET_FIELD 'FIELD FIELD_FOR_OBJECT_INSTANCE name:INSTANCE type:androidx.compose.foundation.layout.Arrangement visibility:public [final,static] declared in androidx.compose.foundation.layout.Arrangement' type=androidx.compose.foundation.layout.Arrangement origin=null
                              space: CALL 'public final fun <get-dp> (): androidx.compose.ui.unit.Dp [inline] declared in androidx.compose.ui.unit.DpKt' type=androidx.compose.ui.unit.Dp origin=GET_PROPERTY
                                $receiver: CONST Int type=kotlin.Int value=6
                            verticalAlignment: COMPOSITE type=kotlin.Nothing? origin=DEFAULT_VALUE
                              CONST Null type=kotlin.Nothing? value=null
                            content: BLOCK type=@[ExtensionFunctionType] kotlin.Function3<androidx.compose.foundation.layout.RowScope, androidx.compose.runtime.Composer, kotlin.Int, kotlin.Unit> origin=LAMBDA
                              COMPOSITE type=kotlin.Unit origin=null
                              FUNCTION_REFERENCE 'private final fun invoke$lambda$13$lambda$12 ($seller: com.pc.fash_android_mobile.data.search.FeaturedSellerItem, $previewCoverUrls: kotlin.collections.List<kotlin.String?>, $onListingClick: kotlin.Function1<kotlin.String, kotlin.Unit>, $composer: androidx.compose.runtime.Composer?, $changed: kotlin.Int): kotlin.Unit declared in com.pc.fash_android_mobile.ui.explore.FeaturedSellersScreenKt.FeaturedSellerFullCard.<no name provided>' type=@[ExtensionFunctionType] kotlin.Function3<androidx.compose.foundation.layout.RowScope, androidx.compose.runtime.Composer, kotlin.Int, kotlin.Unit> origin=INLINE_LAMBDA reflectionTarget=null
                                $seller: GET_VAR '$seller: com.pc.fash_android_mobile.data.search.FeaturedSellerItem declared in com.pc.fash_android_mobile.ui.explore.FeaturedSellersScreenKt.FeaturedSellerFullCard.<no name provided>.invoke$lambda$13' type=com.pc.fash_android_mobile.data.search.FeaturedSellerItem origin=null
                                $previewCoverUrls: GET_VAR '$previewCoverUrls: kotlin.collections.List<kotlin.String?> declared in com.pc.fash_android_mobile.ui.explore.FeaturedSellersScreenKt.FeaturedSellerFullCard.<no name provided>.invoke$lambda$13' type=kotlin.collections.List<kotlin.String?> origin=null
                                $onListingClick: GET_VAR '$onListingClick: kotlin.Function1<kotlin.String, kotlin.Unit> declared in com.pc.fash_android_mobile.ui.explore.FeaturedSellersScreenKt.FeaturedSellerFullCard.<no name provided>.invoke$lambda$13' type=kotlin.Function1<kotlin.String, kotlin.Unit> origin=null
                            $composer: GET_VAR '$composer: androidx.compose.runtime.Composer? [assignable] declared in com.pc.fash_android_mobile.ui.explore.FeaturedSellersScreenKt.FeaturedSellerFullCard.<no name provided>.invoke$lambda$13' type=androidx.compose.runtime.Composer? origin=null
                            $changed: CONST Int type=kotlin.Int value=54
                            $default: CONST Int type=kotlin.Int value=4
                        CALL 'public final fun sourceInformationMarkerEnd (composer: androidx.compose.runtime.Composer): kotlin.Unit declared in androidx.compose.runtime.ComposerKt' type=kotlin.Unit origin=null
                          composer: GET_VAR '$composer: androidx.compose.runtime.Composer? [assignable] declared in com.pc.fash_android_mobile.ui.explore.FeaturedSellersScreenKt.FeaturedSellerFullCard.<no name provided>.invoke$lambda$13' type=androidx.compose.runtime.Composer? origin=null
                  FUN BRIDGE name:invoke visibility:public modality:OPEN <> ($this:com.pc.fash_android_mobile.ui.explore.FeaturedSellersScreenKt.FeaturedSellerFullCard.<no name provided>, p1:kotlin.Any?, p2:kotlin.Any?) returnType:kotlin.Any?
                    $this: VALUE_PARAMETER INSTANCE_RECEIVER name:<this> type:com.pc.fash_android_mobile.ui.explore.FeaturedSellersScreenKt.FeaturedSellerFullCard.<no name provided>
                    VALUE_PARAMETER BRIDGE name:p1 index:0 type:kotlin.Any?
                    VALUE_PARAMETER BRIDGE name:p2 index:1 type:kotlin.Any?
                    EXPRESSION_BODY
                      RETURN type=kotlin.Nothing from='public open fun invoke (p1: kotlin.Any?, p2: kotlin.Any?): kotlin.Any? declared in com.pc.fash_android_mobile.ui.explore.FeaturedSellersScreenKt.FeaturedSellerFullCard.<no name provided>'
                        CALL 'public final fun invoke ($composer: androidx.compose.runtime.Composer?, $changed: kotlin.Int): kotlin.Unit declared in com.pc.fash_android_mobile.ui.explore.FeaturedSellersScreenKt.FeaturedSellerFullCard.<no name provided>' type=kotlin.Unit origin=BRIDGE_DELEGATION
                          $this: GET_VAR '<this>: com.pc.fash_android_mobile.ui.explore.FeaturedSellersScreenKt.FeaturedSellerFullCard.<no name provided> declared in com.pc.fash_android_mobile.ui.explore.FeaturedSellersScreenKt.FeaturedSellerFullCard.<no name provided>.invoke' type=com.pc.fash_android_mobile.ui.explore.FeaturedSellersScreenKt.FeaturedSellerFullCard.<no name provided> origin=null
                          $composer: TYPE_OP type=androidx.compose.runtime.Composer origin=IMPLICIT_CAST typeOperand=androidx.compose.runtime.Composer
                            GET_VAR 'p1: kotlin.Any? declared in com.pc.fash_android_mobile.ui.explore.FeaturedSellersScreenKt.FeaturedSellerFullCard.<no name provided>.invoke' type=kotlin.Any? origin=null
                          $changed: TYPE_OP type=kotlin.Int origin=IMPLICIT_CAST typeOperand=kotlin.Int
                            GET_VAR 'p2: kotlin.Any? declared in com.pc.fash_android_mobile.ui.explore.FeaturedSellersScreenKt.FeaturedSellerFullCard.<no name provided>.invoke' type=kotlin.Any? origin=null
                CONSTRUCTOR_CALL 'public/*package*/ constructor <init> ($cardShape: androidx.compose.foundation.shape.RoundedCornerShape, $onSellerClick: kotlin.Function0<kotlin.Unit>, $scheme: androidx.compose.material3.ColorScheme, $seller: com.pc.fash_android_mobile.data.search.FeaturedSellerItem, $previewCoverUrls: kotlin.collections.List<kotlin.String?>, $onListingClick: kotlin.Function1<kotlin.String, kotlin.Unit>) [primary] declared in com.pc.fash_android_mobile.ui.explore.FeaturedSellersScreenKt.FeaturedSellerFullCard.<no name provided>' type=com.pc.fash_android_mobile.ui.explore.FeaturedSellersScreenKt.FeaturedSellerFullCard.<no name provided> origin=null
                  $cardShape: GET_VAR 'val cardShape: androidx.compose.foundation.shape.RoundedCornerShape [val] declared in com.pc.fash_android_mobile.ui.explore.FeaturedSellersScreenKt.FeaturedSellerFullCard' type=androidx.compose.foundation.shape.RoundedCornerShape origin=null
                  $onSellerClick: GET_VAR 'onSellerClick: kotlin.Function0<kotlin.Unit> declared in com.pc.fash_android_mobile.ui.explore.FeaturedSellersScreenKt.FeaturedSellerFullCard' type=kotlin.Function0<kotlin.Unit> origin=null
                  $scheme: GET_VAR 'val scheme: androidx.compose.material3.ColorScheme [val] declared in com.pc.fash_android_mobile.ui.explore.FeaturedSellersScreenKt.FeaturedSellerFullCard' type=androidx.compose.material3.ColorScheme origin=null
                  $seller: GET_VAR 'seller: com.pc.fash_android_mobile.data.search.FeaturedSellerItem declared in com.pc.fash_android_mobile.ui.explore.FeaturedSellersScreenKt.FeaturedSellerFullCard' type=com.pc.fash_android_mobile.data.search.FeaturedSellerItem origin=null
                  $previewCoverUrls: GET_VAR 'previewCoverUrls: kotlin.collections.List<kotlin.String?> declared in com.pc.fash_android_mobile.ui.explore.FeaturedSellersScreenKt.FeaturedSellerFullCard' type=kotlin.collections.List<kotlin.String?> origin=null
                  $onListingClick: GET_VAR 'onListingClick: kotlin.Function1<kotlin.String, kotlin.Unit> declared in com.pc.fash_android_mobile.ui.explore.FeaturedSellersScreenKt.FeaturedSellerFullCard' type=kotlin.Function1<kotlin.String, kotlin.Unit> origin=null
              $composer: GET_VAR '$composer: androidx.compose.runtime.Composer? [assignable] declared in com.pc.fash_android_mobile.ui.explore.FeaturedSellersScreenKt.FeaturedSellerFullCard' type=androidx.compose.runtime.Composer? origin=null
              $changed: CONST Int type=kotlin.Int value=54
            $composer: GET_VAR '$composer: androidx.compose.runtime.Composer? [assignable] declared in com.pc.fash_android_mobile.ui.explore.FeaturedSellersScreenKt.FeaturedSellerFullCard' type=androidx.compose.runtime.Composer? origin=null
            $changed: CONST Int type=kotlin.Int value=12804102
            $default: CONST Int type=kotlin.Int value=72
          WHEN type=kotlin.Unit origin=IF
            BRANCH
              if: CALL 'public final fun isTraceInProgress (): kotlin.Boolean declared in androidx.compose.runtime.ComposerKt' type=kotlin.Boolean origin=null
              then: CALL 'public final fun traceEventEnd (): kotlin.Unit declared in androidx.compose.runtime.ComposerKt' type=kotlin.Unit origin=null
      BRANCH
        if: CONST Boolean type=kotlin.Boolean value=true
        then: CALL 'public abstract fun skipToGroupEnd (): kotlin.Unit declared in androidx.compose.runtime.Composer' type=kotlin.Unit origin=null
          $this: GET_VAR '$composer: androidx.compose.runtime.Composer? [assignable] declared in com.pc.fash_android_mobile.ui.explore.FeaturedSellersScreenKt.FeaturedSellerFullCard' type=androidx.compose.runtime.Composer? origin=null
    BLOCK type=kotlin.Unit origin=null
      BLOCK type=kotlin.Unit origin=FOLDED_SAFE_CALL
        WHEN type=kotlin.Unit origin=FOLDED_SAFE_CALL
          BRANCH
            if: COMPOSITE type=kotlin.Boolean origin=null
              VAR IR_TEMPORARY_VARIABLE name:tmp0_safe_receiver type:androidx.compose.runtime.ScopeUpdateScope? [val]
                CALL 'public abstract fun endRestartGroup (): androidx.compose.runtime.ScopeUpdateScope? declared in androidx.compose.runtime.Composer' type=androidx.compose.runtime.ScopeUpdateScope? origin=null
                  $this: GET_VAR '$composer: androidx.compose.runtime.Composer? [assignable] declared in com.pc.fash_android_mobile.ui.explore.FeaturedSellersScreenKt.FeaturedSellerFullCard' type=androidx.compose.runtime.Composer? origin=null
              CALL 'public final fun not (): kotlin.Boolean [operator] declared in kotlin.Boolean' type=kotlin.Boolean origin=null
                $this: CALL 'public final fun EQEQ (arg0: kotlin.Any?, arg1: kotlin.Any?): kotlin.Boolean declared in kotlin.internal.ir' type=kotlin.Boolean origin=null
                  arg0: GET_VAR 'val tmp0_safe_receiver: androidx.compose.runtime.ScopeUpdateScope? [val] declared in com.pc.fash_android_mobile.ui.explore.FeaturedSellersScreenKt.FeaturedSellerFullCard' type=androidx.compose.runtime.ScopeUpdateScope? origin=null
                  arg1: CONST Null type=kotlin.Nothing? value=null
            then: CALL 'public abstract fun updateScope (block: kotlin.Function2<androidx.compose.runtime.Composer, kotlin.Int, kotlin.Unit>): kotlin.Unit declared in androidx.compose.runtime.ScopeUpdateScope' type=kotlin.Unit origin=null
              $this: GET_VAR 'val tmp0_safe_receiver: androidx.compose.runtime.ScopeUpdateScope? [val] declared in com.pc.fash_android_mobile.ui.explore.FeaturedSellersScreenKt.FeaturedSellerFullCard' type=androidx.compose.runtime.ScopeUpdateScope? origin=null
              block: BLOCK type=kotlin.Function2<androidx.compose.runtime.Composer?, kotlin.Int, kotlin.Unit> origin=LAMBDA
                COMPOSITE type=kotlin.Unit origin=null
                CALL 'public final fun <jvm-indy> <T> (dynamicCall: T of kotlin.jvm.internal.<jvm-indy>, bootstrapMethodHandle: kotlin.Any, vararg bootstrapMethodArguments: kotlin.Any): T of kotlin.jvm.internal.<jvm-indy> declared in kotlin.jvm.internal' type=kotlin.Function2<androidx.compose.runtime.Composer?, kotlin.Int, kotlin.Unit> origin=null
                  <T>: kotlin.Function2<androidx.compose.runtime.Composer?, kotlin.Int, kotlin.Unit>
                  dynamicCall: CALL 'public final fun invoke (p0: com.pc.fash_android_mobile.data.search.FeaturedSellerItem, p1: kotlin.collections.List<kotlin.String?>, p2: kotlin.Function0<kotlin.Unit>, p3: kotlin.Function1<kotlin.String, kotlin.Unit>, p4: kotlin.Int): kotlin.Function2<androidx.compose.runtime.Composer?, kotlin.Int, kotlin.Unit> declared in kotlin.jvm.internal.invokeDynamic' type=kotlin.Function2<androidx.compose.runtime.Composer?, kotlin.Int, kotlin.Unit> origin=null
                    p0: GET_VAR 'seller: com.pc.fash_android_mobile.data.search.FeaturedSellerItem declared in com.pc.fash_android_mobile.ui.explore.FeaturedSellersScreenKt.FeaturedSellerFullCard' type=com.pc.fash_android_mobile.data.search.FeaturedSellerItem origin=null
                    p1: GET_VAR 'previewCoverUrls: kotlin.collections.List<kotlin.String?> declared in com.pc.fash_android_mobile.ui.explore.FeaturedSellersScreenKt.FeaturedSellerFullCard' type=kotlin.collections.List<kotlin.String?> origin=null
                    p2: GET_VAR 'onSellerClick: kotlin.Function0<kotlin.Unit> declared in com.pc.fash_android_mobile.ui.explore.FeaturedSellersScreenKt.FeaturedSellerFullCard' type=kotlin.Function0<kotlin.Unit> origin=null
                    p3: GET_VAR 'onListingClick: kotlin.Function1<kotlin.String, kotlin.Unit> declared in com.pc.fash_android_mobile.ui.explore.FeaturedSellersScreenKt.FeaturedSellerFullCard' type=kotlin.Function1<kotlin.String, kotlin.Unit> origin=null
                    p4: GET_VAR '$changed: kotlin.Int declared in com.pc.fash_android_mobile.ui.explore.FeaturedSellersScreenKt.FeaturedSellerFullCard' type=kotlin.Int origin=null
                  bootstrapMethodHandle: CALL 'public final fun <jvm-method-handle> (tag: kotlin.Int, owner: kotlin.String, name: kotlin.String, descriptor: kotlin.String, isInterface: kotlin.Boolean): kotlin.Any declared in kotlin.jvm.internal' type=kotlin.Any origin=null
                    tag: CONST Int type=kotlin.Int value=6
                    owner: CONST String type=kotlin.String value="java/lang/invoke/LambdaMetafactory"
                    name: CONST String type=kotlin.String value="metafactory"
                    descriptor: CONST String type=kotlin.String value="(Ljava/lang/invoke/MethodHandles$Lookup;Ljava/lang/String;Ljava/lang/invoke/MethodType;Ljava/lang/invoke/MethodType;Ljava/lang/invoke/MethodHandle;Ljava/lang/invoke/MethodType;)Ljava/lang/invoke/CallSite;"
                    isInterface: CONST Boolean type=kotlin.Boolean value=false
                  bootstrapMethodArguments: VARARG type=kotlin.Array<kotlin.Any> varargElementType=kotlin.Any
                    CALL 'public final fun <jvm-original-method-type> (method: kotlin.Any): kotlin.Any declared in kotlin.jvm.internal' type=kotlin.Any origin=null
                      method: RAW_FUNCTION_REFERENCE 'public abstract fun invoke (p1: P1 of kotlin.Function2, p2: P2 of kotlin.Function2): R of kotlin.Function2 [operator] declared in kotlin.Function2' type=kotlin.Any
                    RAW_FUNCTION_REFERENCE 'private final fun FeaturedSellerFullCard$lambda$8 ($seller: com.pc.fash_android_mobile.data.search.FeaturedSellerItem, $previewCoverUrls: kotlin.collections.List<kotlin.String?>, $onSellerClick: kotlin.Function0<kotlin.Unit>, $onListingClick: kotlin.Function1<kotlin.String, kotlin.Unit>, $$changed: kotlin.Int, $composer: androidx.compose.runtime.Composer?, $force: kotlin.Int): kotlin.Unit? declared in com.pc.fash_android_mobile.ui.explore.FeaturedSellersScreenKt' type=kotlin.Any
                    CALL 'public final fun <jvm-original-method-type> (method: kotlin.Any): kotlin.Any declared in kotlin.jvm.internal' type=kotlin.Any origin=null
                      method: RAW_FUNCTION_REFERENCE 'public abstract fun invoke (p1: androidx.compose.runtime.Composer?, p2: kotlin.Int?): kotlin.Unit? [fake_override,operator] declared in kotlin.jvm.internal.invokeDynamic.<fake>' type=kotlin.Any
          BRANCH
            if: CONST Boolean type=kotlin.Boolean value=true
            then: CONST Null type=kotlin.Any? value=null

	at org.jetbrains.kotlin.backend.jvm.codegen.FunctionCodegen.generate(FunctionCodegen.kt:47)
	at org.jetbrains.kotlin.backend.jvm.codegen.FunctionCodegen.generate$default(FunctionCodegen.kt:40)
	at org.jetbrains.kotlin.backend.jvm.codegen.ClassCodegen.generateMethodNode(ClassCodegen.kt:406)
	at org.jetbrains.kotlin.backend.jvm.codegen.ClassCodegen.generateMethod(ClassCodegen.kt:423)
	at org.jetbrains.kotlin.backend.jvm.codegen.ClassCodegen.generate(ClassCodegen.kt:168)
	at org.jetbrains.kotlin.backend.jvm.FileCodegen.lower(JvmPhases.kt:39)
	at org.jetbrains.kotlin.backend.common.phaser.PhaseFactoriesKt.createFilePhase$lambda$4(PhaseFactories.kt:71)
	at org.jetbrains.kotlin.backend.common.phaser.PhaseBuildersKt$createSimpleNamedCompilerPhase$1.phaseBody(PhaseBuilders.kt:69)
	at org.jetbrains.kotlin.backend.common.phaser.SimpleNamedCompilerPhase.phaseBody(CompilerPhase.kt:226)
	at org.jetbrains.kotlin.backend.common.phaser.AbstractNamedCompilerPhase.invoke(CompilerPhase.kt:113)
	at org.jetbrains.kotlin.backend.common.phaser.PerformByIrFilePhase.invokeSequential(performByIrFile.kt:62)
	... 43 more
Caused by: java.lang.RuntimeException: Exception while generating code for:
FUN name:invoke visibility:public modality:FINAL <> ($this:com.pc.fash_android_mobile.ui.explore.FeaturedSellersScreenKt.FeaturedSellerFullCard.<no name provided>, $composer:androidx.compose.runtime.Composer?, $changed:kotlin.Int) returnType:kotlin.Unit
  annotations:
    Composable
    ComposableTarget(applier = "androidx.compose.ui.UiComposable")
  overridden:
    public abstract fun invoke (p1: P1 of kotlin.Function2, p2: P2 of kotlin.Function2): R of kotlin.Function2 [operator] declared in kotlin.Function2
  $this: VALUE_PARAMETER INSTANCE_RECEIVER name:<this> type:com.pc.fash_android_mobile.ui.explore.FeaturedSellersScreenKt.FeaturedSellerFullCard.<no name provided>
  VALUE_PARAMETER name:$composer index:0 type:androidx.compose.runtime.Composer? [assignable]
  VALUE_PARAMETER name:$changed index:1 type:kotlin.Int
  BLOCK_BODY
    CALL 'public final fun sourceInformation (composer: androidx.compose.runtime.Composer, sourceInformation: kotlin.String): kotlin.Unit declared in androidx.compose.runtime.ComposerKt' type=kotlin.Unit origin=null
      composer: GET_VAR '$composer: androidx.compose.runtime.Composer? [assignable] declared in com.pc.fash_android_mobile.ui.explore.FeaturedSellersScreenKt.FeaturedSellerFullCard.<no name provided>.invoke' type=androidx.compose.runtime.Composer? origin=null
      sourceInformation: CONST String type=kotlin.String value="C223@10028L6552:FeaturedSellersScreen.kt#gwjw0c"
    WHEN type=kotlin.Unit origin=IF
      BRANCH
        if: CALL 'public final fun OROR (arg0: kotlin.Boolean, arg1: kotlin.Boolean): kotlin.Boolean declared in kotlin.internal.ir' type=kotlin.Boolean origin=null
          arg0: CALL 'public final fun not (): kotlin.Boolean [operator] declared in kotlin.Boolean' type=kotlin.Boolean origin=null
            $this: CALL 'public final fun EQEQ (arg0: kotlin.Any?, arg1: kotlin.Any?): kotlin.Boolean declared in kotlin.internal.ir' type=kotlin.Boolean origin=null
              arg0: CALL 'public final fun and (other: kotlin.Int): kotlin.Int [infix] declared in kotlin.Int' type=kotlin.Int origin=null
                $this: GET_VAR '$changed: kotlin.Int declared in com.pc.fash_android_mobile.ui.explore.FeaturedSellersScreenKt.FeaturedSellerFullCard.<no name provided>.invoke' type=kotlin.Int origin=null
                other: CONST Int type=kotlin.Int value=3
              arg1: CONST Int type=kotlin.Int value=2
          arg1: CALL 'public final fun not (): kotlin.Boolean [operator] declared in kotlin.Boolean' type=kotlin.Boolean origin=null
            $this: CALL 'public abstract fun <get-skipping> (): kotlin.Boolean declared in androidx.compose.runtime.Composer' type=kotlin.Boolean origin=null
              $this: GET_VAR '$composer: androidx.compose.runtime.Composer? [assignable] declared in com.pc.fash_android_mobile.ui.explore.FeaturedSellersScreenKt.FeaturedSellerFullCard.<no name provided>.invoke' type=androidx.compose.runtime.Composer? origin=null
        then: BLOCK type=kotlin.Unit origin=null
          WHEN type=kotlin.Unit origin=IF
            BRANCH
              if: CALL 'public final fun isTraceInProgress (): kotlin.Boolean declared in androidx.compose.runtime.ComposerKt' type=kotlin.Boolean origin=null
              then: CALL 'public final fun traceEventStart (key: kotlin.Int, dirty1: kotlin.Int, dirty2: kotlin.Int, info: kotlin.String): kotlin.Unit declared in androidx.compose.runtime.ComposerKt' type=kotlin.Unit origin=null
                key: CONST Int type=kotlin.Int value=2124958302
                dirty1: GET_VAR '$changed: kotlin.Int declared in com.pc.fash_android_mobile.ui.explore.FeaturedSellersScreenKt.FeaturedSellerFullCard.<no name provided>.invoke' type=kotlin.Int origin=null
                dirty2: CONST Int type=kotlin.Int value=-1
                info: CONST String type=kotlin.String value="com.pc.fash_android_mobile.ui.explore.FeaturedSellerFullCard.<anonymous> (FeaturedSellersScreen.kt:223)"
          CALL 'public final fun Column (modifier: androidx.compose.ui.Modifier?, verticalArrangement: androidx.compose.foundation.layout.Arrangement.Vertical?, horizontalAlignment: androidx.compose.ui.Alignment.Horizontal?, content: @[ExtensionFunctionType] kotlin.Function3<androidx.compose.foundation.layout.ColumnScope, androidx.compose.runtime.Composer, kotlin.Int, kotlin.Unit>, $composer: androidx.compose.runtime.Composer?, $changed: kotlin.Int, $default: kotlin.Int): kotlin.Unit [inline] declared in androidx.compose.foundation.layout.ColumnKt' type=kotlin.Unit origin=null
            modifier: CALL 'public final fun padding-3ABfNKs (all: androidx.compose.ui.unit.Dp): androidx.compose.ui.Modifier declared in androidx.compose.foundation.layout.PaddingKt' type=androidx.compose.ui.Modifier origin=null
              $receiver: CALL 'public final fun fillMaxWidth$default (fraction: kotlin.Float, $mask0: kotlin.Int, $handler: kotlin.Any?): androidx.compose.ui.Modifier declared in androidx.compose.foundation.layout.SizeKt' type=androidx.compose.ui.Modifier origin=DEFAULT_DISPATCH_CALL
                $receiver: GET_FIELD 'FIELD FIELD_FOR_OBJECT_INSTANCE name:Companion type:androidx.compose.ui.Modifier.Companion visibility:public [final,static] declared in androidx.compose.ui.Modifier' type=androidx.compose.ui.Modifier.Companion origin=null
                fraction: COMPOSITE type=kotlin.Float origin=DEFAULT_VALUE
                  CONST Float type=kotlin.Float value=0.0
                $mask0: CONST Int type=kotlin.Int value=1
                $handler: CONST Null type=kotlin.Any? value=null
              all: CALL 'public final fun <get-dp> (): androidx.compose.ui.unit.Dp [inline] declared in androidx.compose.ui.unit.DpKt' type=androidx.compose.ui.unit.Dp origin=GET_PROPERTY
                $receiver: CONST Int type=kotlin.Int value=14
            verticalArrangement: COMPOSITE type=kotlin.Nothing? origin=DEFAULT_VALUE
              CONST Null type=kotlin.Nothing? value=null
            horizontalAlignment: COMPOSITE type=kotlin.Nothing? origin=DEFAULT_VALUE
              CONST Null type=kotlin.Nothing? value=null
            content: BLOCK type=@[ExtensionFunctionType] kotlin.Function3<androidx.compose.foundation.layout.ColumnScope, androidx.compose.runtime.Composer, kotlin.Int, kotlin.Unit> origin=LAMBDA
              COMPOSITE type=kotlin.Unit origin=null
              FUNCTION_REFERENCE 'private final fun invoke$lambda$13 ($cardShape: androidx.compose.foundation.shape.RoundedCornerShape, $onSellerClick: kotlin.Function0<kotlin.Unit>, $scheme: androidx.compose.material3.ColorScheme, $seller: com.pc.fash_android_mobile.data.search.FeaturedSellerItem, $previewCoverUrls: kotlin.collections.List<kotlin.String?>, $onListingClick: kotlin.Function1<kotlin.String, kotlin.Unit>, $composer: androidx.compose.runtime.Composer?, $changed: kotlin.Int): kotlin.Unit declared in com.pc.fash_android_mobile.ui.explore.FeaturedSellersScreenKt.FeaturedSellerFullCard.<no name provided>' type=@[ExtensionFunctionType] kotlin.Function3<androidx.compose.foundation.layout.ColumnScope, androidx.compose.runtime.Composer, kotlin.Int, kotlin.Unit> origin=INLINE_LAMBDA reflectionTarget=null
                $cardShape: GET_FIELD 'FIELD FIELD_FOR_CAPTURED_VALUE name:$cardShape type:androidx.compose.foundation.shape.RoundedCornerShape visibility:public/*package*/ [final] declared in com.pc.fash_android_mobile.ui.explore.FeaturedSellersScreenKt.FeaturedSellerFullCard.<no name provided>' type=androidx.compose.foundation.shape.RoundedCornerShape origin=null
                  receiver: GET_VAR '<this>: com.pc.fash_android_mobile.ui.explore.FeaturedSellersScreenKt.FeaturedSellerFullCard.<no name provided> declared in com.pc.fash_android_mobile.ui.explore.FeaturedSellersScreenKt.FeaturedSellerFullCard.<no name provided>.invoke' type=com.pc.fash_android_mobile.ui.explore.FeaturedSellersScreenKt.FeaturedSellerFullCard.<no name provided> origin=null
                $onSellerClick: GET_FIELD 'FIELD FIELD_FOR_CAPTURED_VALUE name:$onSellerClick type:kotlin.Function0<kotlin.Unit> visibility:public/*package*/ [final] declared in com.pc.fash_android_mobile.ui.explore.FeaturedSellersScreenKt.FeaturedSellerFullCard.<no name provided>' type=kotlin.Function0<kotlin.Unit> origin=null
                  receiver: GET_VAR '<this>: com.pc.fash_android_mobile.ui.explore.FeaturedSellersScreenKt.FeaturedSellerFullCard.<no name provided> declared in com.pc.fash_android_mobile.ui.explore.FeaturedSellersScreenKt.FeaturedSellerFullCard.<no name provided>.invoke' type=com.pc.fash_android_mobile.ui.explore.FeaturedSellersScreenKt.FeaturedSellerFullCard.<no name provided> origin=null
                $scheme: GET_FIELD 'FIELD FIELD_FOR_CAPTURED_VALUE name:$scheme type:androidx.compose.material3.ColorScheme visibility:public/*package*/ [final] declared in com.pc.fash_android_mobile.ui.explore.FeaturedSellersScreenKt.FeaturedSellerFullCard.<no name provided>' type=androidx.compose.material3.ColorScheme origin=null
                  receiver: GET_VAR '<this>: com.pc.fash_android_mobile.ui.explore.FeaturedSellersScreenKt.FeaturedSellerFullCard.<no name provided> declared in com.pc.fash_android_mobile.ui.explore.FeaturedSellersScreenKt.FeaturedSellerFullCard.<no name provided>.invoke' type=com.pc.fash_android_mobile.ui.explore.FeaturedSellersScreenKt.FeaturedSellerFullCard.<no name provided> origin=null
                $seller: GET_FIELD 'FIELD FIELD_FOR_CAPTURED_VALUE name:$seller type:com.pc.fash_android_mobile.data.search.FeaturedSellerItem visibility:public/*package*/ [final] declared in com.pc.fash_android_mobile.ui.explore.FeaturedSellersScreenKt.FeaturedSellerFullCard.<no name provided>' type=com.pc.fash_android_mobile.data.search.FeaturedSellerItem origin=null
                  receiver: GET_VAR '<this>: com.pc.fash_android_mobile.ui.explore.FeaturedSellersScreenKt.FeaturedSellerFullCard.<no name provided> declared in com.pc.fash_android_mobile.ui.explore.FeaturedSellersScreenKt.FeaturedSellerFullCard.<no name provided>.invoke' type=com.pc.fash_android_mobile.ui.explore.FeaturedSellersScreenKt.FeaturedSellerFullCard.<no name provided> origin=null
                $previewCoverUrls: GET_FIELD 'FIELD FIELD_FOR_CAPTURED_VALUE name:$previewCoverUrls type:kotlin.collections.List<kotlin.String?> visibility:public/*package*/ [final] declared in com.pc.fash_android_mobile.ui.explore.FeaturedSellersScreenKt.FeaturedSellerFullCard.<no name provided>' type=kotlin.collections.List<kotlin.String?> origin=null
                  receiver: GET_VAR '<this>: com.pc.fash_android_mobile.ui.explore.FeaturedSellersScreenKt.FeaturedSellerFullCard.<no name provided> declared in com.pc.fash_android_mobile.ui.explore.FeaturedSellersScreenKt.FeaturedSellerFullCard.<no name provided>.invoke' type=com.pc.fash_android_mobile.ui.explore.FeaturedSellersScreenKt.FeaturedSellerFullCard.<no name provided> origin=null
                $onListingClick: GET_FIELD 'FIELD FIELD_FOR_CAPTURED_VALUE name:$onListingClick type:kotlin.Function1<kotlin.String, kotlin.Unit> visibility:public/*package*/ [final] declared in com.pc.fash_android_mobile.ui.explore.FeaturedSellersScreenKt.FeaturedSellerFullCard.<no name provided>' type=kotlin.Function1<kotlin.String, kotlin.Unit> origin=null
                  receiver: GET_VAR '<this>: com.pc.fash_android_mobile.ui.explore.FeaturedSellersScreenKt.FeaturedSellerFullCard.<no name provided> declared in com.pc.fash_android_mobile.ui.explore.FeaturedSellersScreenKt.FeaturedSellerFullCard.<no name provided>.invoke' type=com.pc.fash_android_mobile.ui.explore.FeaturedSellersScreenKt.FeaturedSellerFullCard.<no name provided> origin=null
            $composer: GET_VAR '$composer: androidx.compose.runtime.Composer? [assignable] declared in com.pc.fash_android_mobile.ui.explore.FeaturedSellersScreenKt.FeaturedSellerFullCard.<no name provided>.invoke' type=androidx.compose.runtime.Composer? origin=null
            $changed: CONST Int type=kotlin.Int value=6
            $default: CONST Int type=kotlin.Int value=6
          WHEN type=kotlin.Unit origin=IF
            BRANCH
              if: CALL 'public final fun isTraceInProgress (): kotlin.Boolean declared in androidx.compose.runtime.ComposerKt' type=kotlin.Boolean origin=null
              then: CALL 'public final fun traceEventEnd (): kotlin.Unit declared in androidx.compose.runtime.ComposerKt' type=kotlin.Unit origin=null
      BRANCH
        if: CONST Boolean type=kotlin.Boolean value=true
        then: CALL 'public abstract fun skipToGroupEnd (): kotlin.Unit declared in androidx.compose.runtime.Composer' type=kotlin.Unit origin=null
          $this: GET_VAR '$composer: androidx.compose.runtime.Composer? [assignable] declared in com.pc.fash_android_mobile.ui.explore.FeaturedSellersScreenKt.FeaturedSellerFullCard.<no name provided>.invoke' type=androidx.compose.runtime.Composer? origin=null

	at org.jetbrains.kotlin.backend.jvm.codegen.FunctionCodegen.generate(FunctionCodegen.kt:47)
	at org.jetbrains.kotlin.backend.jvm.codegen.FunctionCodegen.generate$default(FunctionCodegen.kt:40)
	at org.jetbrains.kotlin.backend.jvm.codegen.ClassCodegen.generateMethodNode(ClassCodegen.kt:406)
	at org.jetbrains.kotlin.backend.jvm.codegen.ClassCodegen.generateMethod(ClassCodegen.kt:423)
	at org.jetbrains.kotlin.backend.jvm.codegen.ClassCodegen.generate(ClassCodegen.kt:168)
	at org.jetbrains.kotlin.backend.jvm.codegen.ExpressionCodegen.visitClass(ExpressionCodegen.kt:1000)
	at org.jetbrains.kotlin.backend.jvm.codegen.ExpressionCodegen.visitClass(ExpressionCodegen.kt:138)
	at org.jetbrains.kotlin.ir.declarations.IrClass.accept(IrClass.kt:72)
	at org.jetbrains.kotlin.backend.jvm.codegen.ExpressionCodegen.visitStatementContainer(ExpressionCodegen.kt:579)
	at org.jetbrains.kotlin.backend.jvm.codegen.ExpressionCodegen.visitContainerExpression(ExpressionCodegen.kt:593)
	at org.jetbrains.kotlin.backend.jvm.codegen.ExpressionCodegen.visitContainerExpression(ExpressionCodegen.kt:138)
	at org.jetbrains.kotlin.ir.visitors.IrElementVisitor$DefaultImpls.visitBlock(IrElementVisitor.kt:122)
	at org.jetbrains.kotlin.backend.jvm.codegen.ExpressionCodegen.visitBlock(ExpressionCodegen.kt:413)
	at org.jetbrains.kotlin.backend.jvm.codegen.ExpressionCodegen.visitBlock(ExpressionCodegen.kt:138)
	at org.jetbrains.kotlin.ir.expressions.IrBlock.accept(IrBlock.kt:18)
	at org.jetbrains.kotlin.backend.jvm.codegen.ExpressionCodegen.gen(ExpressionCodegen.kt:217)
	at org.jetbrains.kotlin.backend.jvm.codegen.IrCallGenerator.genValueAndPut(IrCallGenerator.kt:48)
	at org.jetbrains.kotlin.backend.jvm.codegen.ExpressionCodegen.visitCall$handleParameter(ExpressionCodegen.kt:616)
	at org.jetbrains.kotlin.backend.jvm.codegen.ExpressionCodegen.visitCall(ExpressionCodegen.kt:644)
	at org.jetbrains.kotlin.backend.jvm.codegen.ExpressionCodegen.visitCall(ExpressionCodegen.kt:138)
	at org.jetbrains.kotlin.ir.expressions.IrCall.accept(IrCall.kt:24)
	at org.jetbrains.kotlin.backend.jvm.codegen.ExpressionCodegen.gen(ExpressionCodegen.kt:217)
	at org.jetbrains.kotlin.backend.jvm.codegen.IrCallGenerator.genValueAndPut(IrCallGenerator.kt:48)
	at org.jetbrains.kotlin.backend.jvm.codegen.ExpressionCodegen.visitCall$handleParameter(ExpressionCodegen.kt:616)
	at org.jetbrains.kotlin.backend.jvm.codegen.ExpressionCodegen.visitCall(ExpressionCodegen.kt:644)
	at org.jetbrains.kotlin.backend.jvm.codegen.ExpressionCodegen.visitCall(ExpressionCodegen.kt:138)
	at org.jetbrains.kotlin.ir.expressions.IrCall.accept(IrCall.kt:24)
	at org.jetbrains.kotlin.backend.jvm.codegen.ExpressionCodegen.visitStatementContainer(ExpressionCodegen.kt:579)
	at org.jetbrains.kotlin.backend.jvm.codegen.ExpressionCodegen.visitContainerExpression(ExpressionCodegen.kt:593)
	at org.jetbrains.kotlin.backend.jvm.codegen.ExpressionCodegen.visitContainerExpression(ExpressionCodegen.kt:138)
	at org.jetbrains.kotlin.ir.visitors.IrElementVisitor$DefaultImpls.visitBlock(IrElementVisitor.kt:122)
	at org.jetbrains.kotlin.backend.jvm.codegen.ExpressionCodegen.visitBlock(ExpressionCodegen.kt:413)
	at org.jetbrains.kotlin.backend.jvm.codegen.ExpressionCodegen.visitBlock(ExpressionCodegen.kt:138)
	at org.jetbrains.kotlin.ir.expressions.IrBlock.accept(IrBlock.kt:18)
	at org.jetbrains.kotlin.backend.jvm.codegen.ExpressionCodegen.visitWhen(ExpressionCodegen.kt:1101)
	at org.jetbrains.kotlin.backend.jvm.codegen.ExpressionCodegen.visitWhen(ExpressionCodegen.kt:138)
	at org.jetbrains.kotlin.ir.expressions.IrWhen.accept(IrWhen.kt:24)
	at org.jetbrains.kotlin.backend.jvm.codegen.ExpressionCodegen.visitStatementContainer(ExpressionCodegen.kt:579)
	at org.jetbrains.kotlin.backend.jvm.codegen.ExpressionCodegen.visitBlockBody(ExpressionCodegen.kt:584)
	at org.jetbrains.kotlin.backend.jvm.codegen.ExpressionCodegen.visitBlockBody(ExpressionCodegen.kt:138)
	at org.jetbrains.kotlin.ir.expressions.IrBlockBody.accept(IrBlockBody.kt:20)
	at org.jetbrains.kotlin.backend.jvm.codegen.ExpressionCodegen.generate(ExpressionCodegen.kt:240)
	at org.jetbrains.kotlin.backend.jvm.codegen.FunctionCodegen.doGenerate(FunctionCodegen.kt:123)
	at org.jetbrains.kotlin.backend.jvm.codegen.FunctionCodegen.generate(FunctionCodegen.kt:44)
	... 53 more
Caused by: java.lang.RuntimeException: Exception while generating code for:
FUN INLINE_LAMBDA name:invoke$lambda$13 visibility:private modality:FINAL <> ($receiver:androidx.compose.foundation.layout.ColumnScope, $cardShape:androidx.compose.foundation.shape.RoundedCornerShape, $onSellerClick:kotlin.Function0<kotlin.Unit>, $scheme:androidx.compose.material3.ColorScheme, $seller:com.pc.fash_android_mobile.data.search.FeaturedSellerItem, $previewCoverUrls:kotlin.collections.List<kotlin.String?>, $onListingClick:kotlin.Function1<kotlin.String, kotlin.Unit>, $composer:androidx.compose.runtime.Composer?, $changed:kotlin.Int) returnType:kotlin.Unit
  annotations:
    Composable
    ComposableTarget(applier = "androidx.compose.ui.UiComposable")
  $receiver: VALUE_PARAMETER name:$this$Column type:androidx.compose.foundation.layout.ColumnScope
  VALUE_PARAMETER BOUND_VALUE_PARAMETER name:$cardShape index:0 type:androidx.compose.foundation.shape.RoundedCornerShape
  VALUE_PARAMETER BOUND_VALUE_PARAMETER name:$onSellerClick index:1 type:kotlin.Function0<kotlin.Unit>
  VALUE_PARAMETER BOUND_VALUE_PARAMETER name:$scheme index:2 type:androidx.compose.material3.ColorScheme
  VALUE_PARAMETER BOUND_VALUE_PARAMETER name:$seller index:3 type:com.pc.fash_android_mobile.data.search.FeaturedSellerItem
  VALUE_PARAMETER BOUND_VALUE_PARAMETER name:$previewCoverUrls index:4 type:kotlin.collections.List<kotlin.String?>
  VALUE_PARAMETER BOUND_VALUE_PARAMETER name:$onListingClick index:5 type:kotlin.Function1<kotlin.String, kotlin.Unit>
  VALUE_PARAMETER name:$composer index:6 type:androidx.compose.runtime.Composer? [assignable]
  VALUE_PARAMETER name:$changed index:7 type:kotlin.Int
  BLOCK_BODY
    VAR name:$i$a$-Column-FeaturedSellersScreenKt$FeaturedSellerFullCard$1$1 type:kotlin.Int [val]
      CONST Int type=kotlin.Int value=0
    BLOCK type=kotlin.Unit origin=null
      CALL 'public final fun sourceInformationMarkerStart (composer: androidx.compose.runtime.Composer, key: kotlin.Int, sourceInformation: kotlin.String): kotlin.Unit declared in androidx.compose.runtime.ComposerKt' type=kotlin.Unit origin=null
        composer: GET_VAR '$composer: androidx.compose.runtime.Composer? [assignable] declared in com.pc.fash_android_mobile.ui.explore.FeaturedSellersScreenKt.FeaturedSellerFullCard.<no name provided>.invoke$lambda$13' type=androidx.compose.runtime.Composer? origin=null
        key: CONST Int type=kotlin.Int value=349096626
        sourceInformation: CONST String type=kotlin.String value="C228@10157L4851,327@15021L41,328@15075L68,329@15156L41,331@15239L57,332@15336L10,330@15210L310,344@15934L636:FeaturedSellersScreen.kt#gwjw0c"
      COMPOSITE type=kotlin.Unit origin=null
        CALL 'public final fun Row (modifier: androidx.compose.ui.Modifier?, horizontalArrangement: androidx.compose.foundation.layout.Arrangement.Horizontal?, verticalAlignment: androidx.compose.ui.Alignment.Vertical?, content: @[ExtensionFunctionType] kotlin.Function3<androidx.compose.foundation.layout.RowScope, androidx.compose.runtime.Composer, kotlin.Int, kotlin.Unit>, $composer: androidx.compose.runtime.Composer?, $changed: kotlin.Int, $default: kotlin.Int): kotlin.Unit [inline] declared in androidx.compose.foundation.layout.RowKt' type=kotlin.Unit origin=null
          modifier: CALL 'public final fun clickable-oSLSa3U$default (enabled: kotlin.Boolean, onClickLabel: kotlin.String?, role: androidx.compose.ui.semantics.Role?, interactionSource: androidx.compose.foundation.interaction.MutableInteractionSource?, onClick: kotlin.Function0<kotlin.Unit>, $mask0: kotlin.Int, $handler: kotlin.Any?): androidx.compose.ui.Modifier declared in androidx.compose.foundation.ClickableKt' type=androidx.compose.ui.Modifier origin=DEFAULT_DISPATCH_CALL
            $receiver: CALL 'public final fun clip (shape: androidx.compose.ui.graphics.Shape): androidx.compose.ui.Modifier declared in androidx.compose.ui.draw.ClipKt' type=androidx.compose.ui.Modifier origin=null
              $receiver: CALL 'public final fun fillMaxWidth$default (fraction: kotlin.Float, $mask0: kotlin.Int, $handler: kotlin.Any?): androidx.compose.ui.Modifier declared in androidx.compose.foundation.layout.SizeKt' type=androidx.compose.ui.Modifier origin=DEFAULT_DISPATCH_CALL
                $receiver: GET_FIELD 'FIELD FIELD_FOR_OBJECT_INSTANCE name:Companion type:androidx.compose.ui.Modifier.Companion visibility:public [final,static] declared in androidx.compose.ui.Modifier' type=androidx.compose.ui.Modifier.Companion origin=null
                fraction: COMPOSITE type=kotlin.Float origin=DEFAULT_VALUE
                  CONST Float type=kotlin.Float value=0.0
                $mask0: CONST Int type=kotlin.Int value=1
                $handler: CONST Null type=kotlin.Any? value=null
              shape: GET_VAR '$cardShape: androidx.compose.foundation.shape.RoundedCornerShape declared in com.pc.fash_android_mobile.ui.explore.FeaturedSellersScreenKt.FeaturedSellerFullCard.<no name provided>.invoke$lambda$13' type=androidx.compose.foundation.shape.RoundedCornerShape origin=null
            enabled: COMPOSITE type=kotlin.Boolean origin=DEFAULT_VALUE
              CONST Boolean type=kotlin.Boolean value=false
            onClickLabel: COMPOSITE type=kotlin.String? origin=DEFAULT_VALUE
              CONST Null type=kotlin.String? value=null
            role: COMPOSITE type=androidx.compose.ui.semantics.Role? origin=DEFAULT_VALUE
              CONST Null type=androidx.compose.ui.semantics.Role? value=null
            interactionSource: COMPOSITE type=androidx.compose.foundation.interaction.MutableInteractionSource? origin=DEFAULT_VALUE
              CONST Null type=androidx.compose.foundation.interaction.MutableInteractionSource? value=null
            onClick: GET_VAR '$onSellerClick: kotlin.Function0<kotlin.Unit> declared in com.pc.fash_android_mobile.ui.explore.FeaturedSellersScreenKt.FeaturedSellerFullCard.<no name provided>.invoke$lambda$13' type=kotlin.Function0<kotlin.Unit> origin=null
            $mask0: CONST Int type=kotlin.Int value=15
            $handler: CONST Null type=kotlin.Any? value=null
          horizontalArrangement: COMPOSITE type=kotlin.Nothing? origin=DEFAULT_VALUE
            CONST Null type=kotlin.Nothing? value=null
          verticalAlignment: CALL 'public final fun <get-Top> (): androidx.compose.ui.Alignment.Vertical declared in androidx.compose.ui.Alignment.Companion' type=androidx.compose.ui.Alignment.Vertical origin=GET_PROPERTY
            $this: GET_FIELD 'FIELD FIELD_FOR_OBJECT_INSTANCE name:Companion type:androidx.compose.ui.Alignment.Companion visibility:public [final,static] declared in androidx.compose.ui.Alignment' type=androidx.compose.ui.Alignment.Companion origin=null
          content: BLOCK type=@[ExtensionFunctionType] kotlin.Function3<androidx.compose.foundation.layout.RowScope, androidx.compose.runtime.Composer, kotlin.Int, kotlin.Unit> origin=LAMBDA
            COMPOSITE type=kotlin.Unit origin=null
            FUNCTION_REFERENCE 'private final fun invoke$lambda$13$lambda$9 ($seller: com.pc.fash_android_mobile.data.search.FeaturedSellerItem, $scheme: androidx.compose.material3.ColorScheme, $composer: androidx.compose.runtime.Composer?, $changed: kotlin.Int): kotlin.Unit declared in com.pc.fash_android_mobile.ui.explore.FeaturedSellersScreenKt.FeaturedSellerFullCard.<no name provided>' type=@[ExtensionFunctionType] kotlin.Function3<androidx.compose.foundation.layout.RowScope, androidx.compose.runtime.Composer, kotlin.Int, kotlin.Unit> origin=INLINE_LAMBDA reflectionTarget=null
              $seller: GET_VAR '$seller: com.pc.fash_android_mobile.data.search.FeaturedSellerItem declared in com.pc.fash_android_mobile.ui.explore.FeaturedSellersScreenKt.FeaturedSellerFullCard.<no name provided>.invoke$lambda$13' type=com.pc.fash_android_mobile.data.search.FeaturedSellerItem origin=null
              $scheme: GET_VAR '$scheme: androidx.compose.material3.ColorScheme declared in com.pc.fash_android_mobile.ui.explore.FeaturedSellersScreenKt.FeaturedSellerFullCard.<no name provided>.invoke$lambda$13' type=androidx.compose.material3.ColorScheme origin=null
          $composer: GET_VAR '$composer: androidx.compose.runtime.Composer? [assignable] declared in com.pc.fash_android_mobile.ui.explore.FeaturedSellersScreenKt.FeaturedSellerFullCard.<no name provided>.invoke$lambda$13' type=androidx.compose.runtime.Composer? origin=null
          $changed: CONST Int type=kotlin.Int value=384
          $default: CONST Int type=kotlin.Int value=2
        CALL 'public final fun Spacer (modifier: androidx.compose.ui.Modifier, $composer: androidx.compose.runtime.Composer?, $changed: kotlin.Int): kotlin.Unit declared in androidx.compose.foundation.layout.SpacerKt' type=kotlin.Unit origin=null
          modifier: CALL 'public final fun height-3ABfNKs (height: androidx.compose.ui.unit.Dp): androidx.compose.ui.Modifier declared in androidx.compose.foundation.layout.SizeKt' type=androidx.compose.ui.Modifier origin=null
            $receiver: GET_FIELD 'FIELD FIELD_FOR_OBJECT_INSTANCE name:Companion type:androidx.compose.ui.Modifier.Companion visibility:public [final,static] declared in androidx.compose.ui.Modifier' type=androidx.compose.ui.Modifier.Companion origin=null
            height: CALL 'public final fun <get-dp> (): androidx.compose.ui.unit.Dp [inline] declared in androidx.compose.ui.unit.DpKt' type=androidx.compose.ui.unit.Dp origin=GET_PROPERTY
              $receiver: CONST Int type=kotlin.Int value=12
          $composer: GET_VAR '$composer: androidx.compose.runtime.Composer? [assignable] declared in com.pc.fash_android_mobile.ui.explore.FeaturedSellersScreenKt.FeaturedSellerFullCard.<no name provided>.invoke$lambda$13' type=androidx.compose.runtime.Composer? origin=null
          $changed: CONST Int type=kotlin.Int value=6
        CALL 'public final fun HorizontalDivider-9IZ8Weo (modifier: androidx.compose.ui.Modifier?, thickness: androidx.compose.ui.unit.Dp, color: androidx.compose.ui.graphics.Color, $composer: androidx.compose.runtime.Composer?, $changed: kotlin.Int, $default: kotlin.Int): kotlin.Unit declared in androidx.compose.material3.DividerKt' type=kotlin.Unit origin=null
          modifier: COMPOSITE type=kotlin.Nothing? origin=DEFAULT_VALUE
            CONST Null type=kotlin.Nothing? value=null
          thickness: COMPOSITE type=androidx.compose.ui.unit.Dp origin=DEFAULT_VALUE
            CALL 'public final fun <unsafe-coerce> <T, R> (v: T of kotlin.jvm.internal.<unsafe-coerce>): R of kotlin.jvm.internal.<unsafe-coerce> declared in kotlin.jvm.internal' type=androidx.compose.ui.unit.Dp origin=null
              <T>: kotlin.Float
              <R>: androidx.compose.ui.unit.Dp
              v: CONST Float type=kotlin.Float value=0.0
          color: CALL 'public final fun copy-wmQWz5c$default (arg0: androidx.compose.ui.graphics.Color, alpha: kotlin.Float, red: kotlin.Float, green: kotlin.Float, blue: kotlin.Float, $mask0: kotlin.Int, $handler: kotlin.Any?): androidx.compose.ui.graphics.Color declared in androidx.compose.ui.graphics.Color' type=androidx.compose.ui.graphics.Color origin=DEFAULT_DISPATCH_CALL
            arg0: CALL 'public final fun getOutlineVariant-0d7_KjU (): androidx.compose.ui.graphics.Color declared in androidx.compose.material3.ColorScheme' type=androidx.compose.ui.graphics.Color origin=GET_PROPERTY
              $this: GET_VAR '$scheme: androidx.compose.material3.ColorScheme declared in com.pc.fash_android_mobile.ui.explore.FeaturedSellersScreenKt.FeaturedSellerFullCard.<no name provided>.invoke$lambda$13' type=androidx.compose.material3.ColorScheme origin=null
            alpha: CONST Float type=kotlin.Float value=0.35
            red: COMPOSITE type=kotlin.Float origin=DEFAULT_VALUE
              CONST Float type=kotlin.Float value=0.0
            green: COMPOSITE type=kotlin.Float origin=DEFAULT_VALUE
              CONST Float type=kotlin.Float value=0.0
            blue: COMPOSITE type=kotlin.Float origin=DEFAULT_VALUE
              CONST Float type=kotlin.Float value=0.0
            $mask0: CONST Int type=kotlin.Int value=14
            $handler: CONST Null type=kotlin.Any? value=null
          $composer: GET_VAR '$composer: androidx.compose.runtime.Composer? [assignable] declared in com.pc.fash_android_mobile.ui.explore.FeaturedSellersScreenKt.FeaturedSellerFullCard.<no name provided>.invoke$lambda$13' type=androidx.compose.runtime.Composer? origin=null
          $changed: CONST Int type=kotlin.Int value=0
          $default: CONST Int type=kotlin.Int value=3
        CALL 'public final fun Spacer (modifier: androidx.compose.ui.Modifier, $composer: androidx.compose.runtime.Composer?, $changed: kotlin.Int): kotlin.Unit declared in androidx.compose.foundation.layout.SpacerKt' type=kotlin.Unit origin=null
          modifier: CALL 'public final fun height-3ABfNKs (height: androidx.compose.ui.unit.Dp): androidx.compose.ui.Modifier declared in androidx.compose.foundation.layout.SizeKt' type=androidx.compose.ui.Modifier origin=null
            $receiver: GET_FIELD 'FIELD FIELD_FOR_OBJECT_INSTANCE name:Companion type:androidx.compose.ui.Modifier.Companion visibility:public [final,static] declared in androidx.compose.ui.Modifier' type=androidx.compose.ui.Modifier.Companion origin=null
            height: CALL 'public final fun <get-dp> (): androidx.compose.ui.unit.Dp [inline] declared in androidx.compose.ui.unit.DpKt' type=androidx.compose.ui.unit.Dp origin=GET_PROPERTY
              $receiver: CONST Int type=kotlin.Int value=10
          $composer: GET_VAR '$composer: androidx.compose.runtime.Composer? [assignable] declared in com.pc.fash_android_mobile.ui.explore.FeaturedSellersScreenKt.FeaturedSellerFullCard.<no name provided>.invoke$lambda$13' type=androidx.compose.runtime.Composer? origin=null
          $changed: CONST Int type=kotlin.Int value=6
        BLOCK type=kotlin.Unit origin=ARGUMENTS_REORDERING_FOR_CALL
          VAR IR_TEMPORARY_VARIABLE name:tmp0_text type:kotlin.String [val]
            CALL 'public final fun stringResource (id: kotlin.Int, $composer: androidx.compose.runtime.Composer?, $changed: kotlin.Int): kotlin.String declared in androidx.compose.ui.res.StringResources_androidKt' type=kotlin.String origin=null
              id: GET_FIELD 'FIELD IR_EXTERNAL_JAVA_DECLARATION_STUB name:featured_sellers_preview_heading type:kotlin.Int visibility:public [static] declared in com.pc.fash_android_mobile.R.string' type=kotlin.Int superQualifierSymbol=com.pc.fash_android_mobile.R.string origin=null
              $composer: GET_VAR '$composer: androidx.compose.runtime.Composer? [assignable] declared in com.pc.fash_android_mobile.ui.explore.FeaturedSellersScreenKt.FeaturedSellerFullCard.<no name provided>.invoke$lambda$13' type=androidx.compose.runtime.Composer? origin=null
              $changed: CONST Int type=kotlin.Int value=0
          VAR IR_TEMPORARY_VARIABLE name:tmp1_style type:androidx.compose.ui.text.TextStyle [val]
            CALL 'public final fun copy-p1EtxEg$default ($this: androidx.compose.ui.text.TextStyle, color: androidx.compose.ui.graphics.Color, fontSize: androidx.compose.ui.unit.TextUnit, fontWeight: androidx.compose.ui.text.font.FontWeight?, fontStyle: androidx.compose.ui.text.font.FontStyle?, fontSynthesis: androidx.compose.ui.text.font.FontSynthesis?, fontFamily: androidx.compose.ui.text.font.FontFamily?, fontFeatureSettings: kotlin.String?, letterSpacing: androidx.compose.ui.unit.TextUnit, baselineShift: androidx.compose.ui.text.style.BaselineShift?, textGeometricTransform: androidx.compose.ui.text.style.TextGeometricTransform?, localeList: androidx.compose.ui.text.intl.LocaleList?, background: androidx.compose.ui.graphics.Color, textDecoration: androidx.compose.ui.text.style.TextDecoration?, shadow: androidx.compose.ui.graphics.Shadow?, drawStyle: androidx.compose.ui.graphics.drawscope.DrawStyle?, textAlign: androidx.compose.ui.text.style.TextAlign, textDirection: androidx.compose.ui.text.style.TextDirection, lineHeight: androidx.compose.ui.unit.TextUnit, textIndent: androidx.compose.ui.text.style.TextIndent?, platformStyle: androidx.compose.ui.text.PlatformTextStyle?, lineHeightStyle: androidx.compose.ui.text.style.LineHeightStyle?, lineBreak: androidx.compose.ui.text.style.LineBreak, hyphens: androidx.compose.ui.text.style.Hyphens, textMotion: androidx.compose.ui.text.style.TextMotion?, $mask0: kotlin.Int, $handler: kotlin.Any?): androidx.compose.ui.text.TextStyle declared in androidx.compose.ui.text.TextStyle' type=androidx.compose.ui.text.TextStyle origin=DEFAULT_DISPATCH_CALL
              $this: CALL 'public final fun <get-labelLarge> (): androidx.compose.ui.text.TextStyle declared in androidx.compose.material3.Typography' type=androidx.compose.ui.text.TextStyle origin=GET_PROPERTY
                $this: CALL 'public final fun <get-typography> ($composer: androidx.compose.runtime.Composer?, $changed: kotlin.Int): androidx.compose.material3.Typography declared in androidx.compose.material3.MaterialTheme' type=androidx.compose.material3.Typography origin=GET_PROPERTY
                  $this: GET_FIELD 'FIELD FIELD_FOR_OBJECT_INSTANCE name:INSTANCE type:androidx.compose.material3.MaterialTheme visibility:public [final,static] declared in androidx.compose.material3.MaterialTheme' type=androidx.compose.material3.MaterialTheme origin=null
                  $composer: GET_VAR '$composer: androidx.compose.runtime.Composer? [assignable] declared in com.pc.fash_android_mobile.ui.explore.FeaturedSellersScreenKt.FeaturedSellerFullCard.<no name provided>.invoke$lambda$13' type=androidx.compose.runtime.Composer? origin=null
                  $changed: GET_FIELD 'FIELD name:$stable type:kotlin.Int visibility:public [final,static] declared in androidx.compose.material3.MaterialTheme' type=kotlin.Int origin=null
              color: COMPOSITE type=androidx.compose.ui.graphics.Color origin=DEFAULT_VALUE
                CALL 'public final fun <unsafe-coerce> <T, R> (v: T of kotlin.jvm.internal.<unsafe-coerce>): R of kotlin.jvm.internal.<unsafe-coerce> declared in kotlin.jvm.internal' type=androidx.compose.ui.graphics.Color origin=null
                  <T>: kotlin.Long
                  <R>: androidx.compose.ui.graphics.Color
                  v: CONST Long type=kotlin.Long value=0
              fontSize: COMPOSITE type=androidx.compose.ui.unit.TextUnit origin=DEFAULT_VALUE
                CALL 'public final fun <unsafe-coerce> <T, R> (v: T of kotlin.jvm.internal.<unsafe-coerce>): R of kotlin.jvm.internal.<unsafe-coerce> declared in kotlin.jvm.internal' type=androidx.compose.ui.unit.TextUnit origin=null
                  <T>: kotlin.Long
                  <R>: androidx.compose.ui.unit.TextUnit
                  v: CONST Long type=kotlin.Long value=0
              fontWeight: CALL 'public final fun <get-SemiBold> (): androidx.compose.ui.text.font.FontWeight declared in androidx.compose.ui.text.font.FontWeight.Companion' type=androidx.compose.ui.text.font.FontWeight origin=GET_PROPERTY
                $this: GET_FIELD 'FIELD FIELD_FOR_OBJECT_INSTANCE name:Companion type:androidx.compose.ui.text.font.FontWeight.Companion visibility:public [final,static] declared in androidx.compose.ui.text.font.FontWeight' type=androidx.compose.ui.text.font.FontWeight.Companion origin=null
              fontStyle: COMPOSITE type=androidx.compose.ui.text.font.FontStyle? origin=DEFAULT_VALUE
                CONST Null type=androidx.compose.ui.text.font.FontStyle? value=null
              fontSynthesis: COMPOSITE type=androidx.compose.ui.text.font.FontSynthesis? origin=DEFAULT_VALUE
                CONST Null type=androidx.compose.ui.text.font.FontSynthesis? value=null
              fontFamily: COMPOSITE type=androidx.compose.ui.text.font.FontFamily? origin=DEFAULT_VALUE
                CONST Null type=androidx.compose.ui.text.font.FontFamily? value=null
              fontFeatureSettings: COMPOSITE type=kotlin.String? origin=DEFAULT_VALUE
                CONST Null type=kotlin.String? value=null
              letterSpacing: COMPOSITE type=androidx.compose.ui.unit.TextUnit origin=DEFAULT_VALUE
                CALL 'public final fun <unsafe-coerce> <T, R> (v: T of kotlin.jvm.internal.<unsafe-coerce>): R of kotlin.jvm.internal.<unsafe-coerce> declared in kotlin.jvm.internal' type=androidx.compose.ui.unit.TextUnit origin=null
                  <T>: kotlin.Long
                  <R>: androidx.compose.ui.unit.TextUnit
                  v: CONST Long type=kotlin.Long value=0
              baselineShift: COMPOSITE type=androidx.compose.ui.text.style.BaselineShift? origin=DEFAULT_VALUE
                CONST Null type=androidx.compose.ui.text.style.BaselineShift? value=null
              textGeometricTransform: COMPOSITE type=androidx.compose.ui.text.style.TextGeometricTransform? origin=DEFAULT_VALUE
                CONST Null type=androidx.compose.ui.text.style.TextGeometricTransform? value=null
              localeList: COMPOSITE type=androidx.compose.ui.text.intl.LocaleList? origin=DEFAULT_VALUE
                CONST Null type=androidx.compose.ui.text.intl.LocaleList? value=null
              background: COMPOSITE type=androidx.compose.ui.graphics.Color origin=DEFAULT_VALUE
                CALL 'public final fun <unsafe-coerce> <T, R> (v: T of kotlin.jvm.internal.<unsafe-coerce>): R of kotlin.jvm.internal.<unsafe-coerce> declared in kotlin.jvm.internal' type=androidx.compose.ui.graphics.Color origin=null
                  <T>: kotlin.Long
                  <R>: androidx.compose.ui.graphics.Color
                  v: CONST Long type=kotlin.Long value=0
              textDecoration: COMPOSITE type=androidx.compose.ui.text.style.TextDecoration? origin=DEFAULT_VALUE
                CONST Null type=androidx.compose.ui.text.style.TextDecoration? value=null
              shadow: COMPOSITE type=androidx.compose.ui.graphics.Shadow? origin=DEFAULT_VALUE
                CONST Null type=androidx.compose.ui.graphics.Shadow? value=null
              drawStyle: COMPOSITE type=androidx.compose.ui.graphics.drawscope.DrawStyle? origin=DEFAULT_VALUE
                CONST Null type=androidx.compose.ui.graphics.drawscope.DrawStyle? value=null
              textAlign: COMPOSITE type=androidx.compose.ui.text.style.TextAlign origin=DEFAULT_VALUE
                CALL 'public final fun <unsafe-coerce> <T, R> (v: T of kotlin.jvm.internal.<unsafe-coerce>): R of kotlin.jvm.internal.<unsafe-coerce> declared in kotlin.jvm.internal' type=androidx.compose.ui.text.style.TextAlign origin=null
                  <T>: kotlin.Int
                  <R>: androidx.compose.ui.text.style.TextAlign
                  v: CONST Int type=kotlin.Int value=0
              textDirection: COMPOSITE type=androidx.compose.ui.text.style.TextDirection origin=DEFAULT_VALUE
                CALL 'public final fun <unsafe-coerce> <T, R> (v: T of kotlin.jvm.internal.<unsafe-coerce>): R of kotlin.jvm.internal.<unsafe-coerce> declared in kotlin.jvm.internal' type=androidx.compose.ui.text.style.TextDirection origin=null
                  <T>: kotlin.Int
                  <R>: androidx.compose.ui.text.style.TextDirection
                  v: CONST Int type=kotlin.Int value=0
              lineHeight: COMPOSITE type=androidx.compose.ui.unit.TextUnit origin=DEFAULT_VALUE
                CALL 'public final fun <unsafe-coerce> <T, R> (v: T of kotlin.jvm.internal.<unsafe-coerce>): R of kotlin.jvm.internal.<unsafe-coerce> declared in kotlin.jvm.internal' type=androidx.compose.ui.unit.TextUnit origin=null
                  <T>: kotlin.Long
                  <R>: androidx.compose.ui.unit.TextUnit
                  v: CONST Long type=kotlin.Long value=0
              textIndent: COMPOSITE type=androidx.compose.ui.text.style.TextIndent? origin=DEFAULT_VALUE
                CONST Null type=androidx.compose.ui.text.style.TextIndent? value=null
              platformStyle: COMPOSITE type=androidx.compose.ui.text.PlatformTextStyle? origin=DEFAULT_VALUE
                CONST Null type=androidx.compose.ui.text.PlatformTextStyle? value=null
              lineHeightStyle: COMPOSITE type=androidx.compose.ui.text.style.LineHeightStyle? origin=DEFAULT_VALUE
                CONST Null type=androidx.compose.ui.text.style.LineHeightStyle? value=null
              lineBreak: COMPOSITE type=androidx.compose.ui.text.style.LineBreak origin=DEFAULT_VALUE
                CALL 'public final fun <unsafe-coerce> <T, R> (v: T of kotlin.jvm.internal.<unsafe-coerce>): R of kotlin.jvm.internal.<unsafe-coerce> declared in kotlin.jvm.internal' type=androidx.compose.ui.text.style.LineBreak origin=null
                  <T>: kotlin.Int
                  <R>: androidx.compose.ui.text.style.LineBreak
                  v: CONST Int type=kotlin.Int value=0
              hyphens: COMPOSITE type=androidx.compose.ui.text.style.Hyphens origin=DEFAULT_VALUE
                CALL 'public final fun <unsafe-coerce> <T, R> (v: T of kotlin.jvm.internal.<unsafe-coerce>): R of kotlin.jvm.internal.<unsafe-coerce> declared in kotlin.jvm.internal' type=androidx.compose.ui.text.style.Hyphens origin=null
                  <T>: kotlin.Int
                  <R>: androidx.compose.ui.text.style.Hyphens
                  v: CONST Int type=kotlin.Int value=0
              textMotion: COMPOSITE type=androidx.compose.ui.text.style.TextMotion? origin=DEFAULT_VALUE
                CONST Null type=androidx.compose.ui.text.style.TextMotion? value=null
              $mask0: CONST Int type=kotlin.Int value=16777211
              $handler: CONST Null type=kotlin.Any? value=null
          VAR IR_TEMPORARY_VARIABLE name:tmp2_color type:androidx.compose.ui.graphics.Color [val]
            CALL 'public final fun getOnSurfaceVariant-0d7_KjU (): androidx.compose.ui.graphics.Color declared in androidx.compose.material3.ColorScheme' type=androidx.compose.ui.graphics.Color origin=GET_PROPERTY
              $this: GET_VAR '$scheme: androidx.compose.material3.ColorScheme declared in com.pc.fash_android_mobile.ui.explore.FeaturedSellersScreenKt.FeaturedSellerFullCard.<no name provided>.invoke$lambda$13' type=androidx.compose.material3.ColorScheme origin=null
          VAR IR_TEMPORARY_VARIABLE name:tmp3_modifier type:androidx.compose.ui.Modifier [val]
            CALL 'public final fun padding-qDBjuR0$default (start: androidx.compose.ui.unit.Dp, top: androidx.compose.ui.unit.Dp, end: androidx.compose.ui.unit.Dp, bottom: androidx.compose.ui.unit.Dp, $mask0: kotlin.Int, $handler: kotlin.Any?): androidx.compose.ui.Modifier declared in androidx.compose.foundation.layout.PaddingKt' type=androidx.compose.ui.Modifier origin=DEFAULT_DISPATCH_CALL
              $receiver: GET_FIELD 'FIELD FIELD_FOR_OBJECT_INSTANCE name:Companion type:androidx.compose.ui.Modifier.Companion visibility:public [final,static] declared in androidx.compose.ui.Modifier' type=androidx.compose.ui.Modifier.Companion origin=null
              start: COMPOSITE type=androidx.compose.ui.unit.Dp origin=DEFAULT_VALUE
                CALL 'public final fun <unsafe-coerce> <T, R> (v: T of kotlin.jvm.internal.<unsafe-coerce>): R of kotlin.jvm.internal.<unsafe-coerce> declared in kotlin.jvm.internal' type=androidx.compose.ui.unit.Dp origin=null
                  <T>: kotlin.Float
                  <R>: androidx.compose.ui.unit.Dp
                  v: CONST Float type=kotlin.Float value=0.0
              top: COMPOSITE type=androidx.compose.ui.unit.Dp origin=DEFAULT_VALUE
                CALL 'public final fun <unsafe-coerce> <T, R> (v: T of kotlin.jvm.internal.<unsafe-coerce>): R of kotlin.jvm.internal.<unsafe-coerce> declared in kotlin.jvm.internal' type=androidx.compose.ui.unit.Dp origin=null
                  <T>: kotlin.Float
                  <R>: androidx.compose.ui.unit.Dp
                  v: CONST Float type=kotlin.Float value=0.0
              end: COMPOSITE type=androidx.compose.ui.unit.Dp origin=DEFAULT_VALUE
                CALL 'public final fun <unsafe-coerce> <T, R> (v: T of kotlin.jvm.internal.<unsafe-coerce>): R of kotlin.jvm.internal.<unsafe-coerce> declared in kotlin.jvm.internal' type=androidx.compose.ui.unit.Dp origin=null
                  <T>: kotlin.Float
                  <R>: androidx.compose.ui.unit.Dp
                  v: CONST Float type=kotlin.Float value=0.0
              bottom: CALL 'public final fun <get-dp> (): androidx.compose.ui.unit.Dp [inline] declared in androidx.compose.ui.unit.DpKt' type=androidx.compose.ui.unit.Dp origin=GET_PROPERTY
                $receiver: CONST Int type=kotlin.Int value=8
              $mask0: CONST Int type=kotlin.Int value=7
              $handler: CONST Null type=kotlin.Any? value=null
          CALL 'public final fun Text--4IGK_g (text: kotlin.String, modifier: androidx.compose.ui.Modifier?, color: androidx.compose.ui.graphics.Color, fontSize: androidx.compose.ui.unit.TextUnit, fontStyle: androidx.compose.ui.text.font.FontStyle?, fontWeight: androidx.compose.ui.text.font.FontWeight?, fontFamily: androidx.compose.ui.text.font.FontFamily?, letterSpacing: androidx.compose.ui.unit.TextUnit, textDecoration: androidx.compose.ui.text.style.TextDecoration?, textAlign: androidx.compose.ui.text.style.TextAlign?, lineHeight: androidx.compose.ui.unit.TextUnit, overflow: androidx.compose.ui.text.style.TextOverflow, softWrap: kotlin.Boolean, maxLines: kotlin.Int, minLines: kotlin.Int, onTextLayout: kotlin.Function1<androidx.compose.ui.text.TextLayoutResult, kotlin.Unit>?, style: androidx.compose.ui.text.TextStyle?, $composer: androidx.compose.runtime.Composer?, $changed: kotlin.Int, $changed1: kotlin.Int, $default: kotlin.Int): kotlin.Unit declared in androidx.compose.material3.TextKt' type=kotlin.Unit origin=null
            text: GET_VAR 'val tmp0_text: kotlin.String [val] declared in com.pc.fash_android_mobile.ui.explore.FeaturedSellersScreenKt.FeaturedSellerFullCard.<no name provided>.invoke$lambda$13' type=kotlin.String origin=null
            modifier: GET_VAR 'val tmp3_modifier: androidx.compose.ui.Modifier [val] declared in com.pc.fash_android_mobile.ui.explore.FeaturedSellersScreenKt.FeaturedSellerFullCard.<no name provided>.invoke$lambda$13' type=androidx.compose.ui.Modifier origin=null
            color: GET_VAR 'val tmp2_color: androidx.compose.ui.graphics.Color [val] declared in com.pc.fash_android_mobile.ui.explore.FeaturedSellersScreenKt.FeaturedSellerFullCard.<no name provided>.invoke$lambda$13' type=androidx.compose.ui.graphics.Color origin=null
            fontSize: COMPOSITE type=androidx.compose.ui.unit.TextUnit origin=DEFAULT_VALUE
              CALL 'public final fun <unsafe-coerce> <T, R> (v: T of kotlin.jvm.internal.<unsafe-coerce>): R of kotlin.jvm.internal.<unsafe-coerce> declared in kotlin.jvm.internal' type=androidx.compose.ui.unit.TextUnit origin=null
                <T>: kotlin.Long
                <R>: androidx.compose.ui.unit.TextUnit
                v: CONST Long type=kotlin.Long value=0
            fontStyle: COMPOSITE type=kotlin.Nothing? origin=DEFAULT_VALUE
              CONST Null type=kotlin.Nothing? value=null
            fontWeight: COMPOSITE type=kotlin.Nothing? origin=DEFAULT_VALUE
              CONST Null type=kotlin.Nothing? value=null
            fontFamily: COMPOSITE type=kotlin.Nothing? origin=DEFAULT_VALUE
              CONST Null type=kotlin.Nothing? value=null
            letterSpacing: COMPOSITE type=androidx.compose.ui.unit.TextUnit origin=DEFAULT_VALUE
              CALL 'public final fun <unsafe-coerce> <T, R> (v: T of kotlin.jvm.internal.<unsafe-coerce>): R of kotlin.jvm.internal.<unsafe-coerce> declared in kotlin.jvm.internal' type=androidx.compose.ui.unit.TextUnit origin=null
                <T>: kotlin.Long
                <R>: androidx.compose.ui.unit.TextUnit
                v: CONST Long type=kotlin.Long value=0
            textDecoration: COMPOSITE type=kotlin.Nothing? origin=DEFAULT_VALUE
              CONST Null type=kotlin.Nothing? value=null
            textAlign: COMPOSITE type=kotlin.Nothing? origin=DEFAULT_VALUE
              CONST Null type=kotlin.Nothing? value=null
            lineHeight: COMPOSITE type=androidx.compose.ui.unit.TextUnit origin=DEFAULT_VALUE
              CALL 'public final fun <unsafe-coerce> <T, R> (v: T of kotlin.jvm.internal.<unsafe-coerce>): R of kotlin.jvm.internal.<unsafe-coerce> declared in kotlin.jvm.internal' type=androidx.compose.ui.unit.TextUnit origin=null
                <T>: kotlin.Long
                <R>: androidx.compose.ui.unit.TextUnit
                v: CONST Long type=kotlin.Long value=0
            overflow: COMPOSITE type=androidx.compose.ui.text.style.TextOverflow origin=DEFAULT_VALUE
              CALL 'public final fun <unsafe-coerce> <T, R> (v: T of kotlin.jvm.internal.<unsafe-coerce>): R of kotlin.jvm.internal.<unsafe-coerce> declared in kotlin.jvm.internal' type=androidx.compose.ui.text.style.TextOverflow origin=null
                <T>: kotlin.Int
                <R>: androidx.compose.ui.text.style.TextOverflow
                v: CONST Int type=kotlin.Int value=0
            softWrap: COMPOSITE type=kotlin.Boolean origin=DEFAULT_VALUE
              CONST Boolean type=kotlin.Boolean value=false
            maxLines: COMPOSITE type=kotlin.Int origin=DEFAULT_VALUE
              CONST Int type=kotlin.Int value=0
            minLines: COMPOSITE type=kotlin.Int origin=DEFAULT_VALUE
              CONST Int type=kotlin.Int value=0
            onTextLayout: COMPOSITE type=kotlin.Nothing? origin=DEFAULT_VALUE
              CONST Null type=kotlin.Nothing? value=null
            style: GET_VAR 'val tmp1_style: androidx.compose.ui.text.TextStyle [val] declared in com.pc.fash_android_mobile.ui.explore.FeaturedSellersScreenKt.FeaturedSellerFullCard.<no name provided>.invoke$lambda$13' type=androidx.compose.ui.text.TextStyle origin=null
            $composer: GET_VAR '$composer: androidx.compose.runtime.Composer? [assignable] declared in com.pc.fash_android_mobile.ui.explore.FeaturedSellersScreenKt.FeaturedSellerFullCard.<no name provided>.invoke$lambda$13' type=androidx.compose.runtime.Composer? origin=null
            $changed: CONST Int type=kotlin.Int value=48
            $changed1: CONST Int type=kotlin.Int value=0
            $default: CONST Int type=kotlin.Int value=65528
        VAR name:filledPreviewIds type:kotlin.Int [val]
          CALL 'public final fun count <T> (predicate: kotlin.Function1<T of kotlin.collections.CollectionsKt.count, kotlin.Boolean>): kotlin.Int [inline] declared in kotlin.collections.CollectionsKt' type=kotlin.Int origin=null
            <T>: kotlin.String
            $receiver: CALL 'public final fun <get-previewListingIds> (): kotlin.collections.List<kotlin.String> declared in com.pc.fash_android_mobile.data.search.FeaturedSellerItem' type=kotlin.collections.List<kotlin.String> origin=GET_PROPERTY
              $this: GET_VAR '$seller: com.pc.fash_android_mobile.data.search.FeaturedSellerItem declared in com.pc.fash_android_mobile.ui.explore.FeaturedSellersScreenKt.FeaturedSellerFullCard.<no name provided>.invoke$lambda$13' type=com.pc.fash_android_mobile.data.search.FeaturedSellerItem origin=null
            predicate: BLOCK type=kotlin.Function1<kotlin.String, kotlin.Boolean> origin=LAMBDA
              COMPOSITE type=kotlin.Unit origin=null
              FUNCTION_REFERENCE 'private final fun invoke$lambda$13$lambda$10 (it: kotlin.String): kotlin.Boolean declared in com.pc.fash_android_mobile.ui.explore.FeaturedSellersScreenKt.FeaturedSellerFullCard.<no name provided>' type=kotlin.Function1<kotlin.String, kotlin.Boolean> origin=INLINE_LAMBDA reflectionTarget=null
        BLOCK type=kotlin.Unit origin=null
          COMPOSITE type=kotlin.Unit origin=null
            BLOCK type=kotlin.Unit origin=null
              CALL 'public abstract fun startReplaceGroup (key: kotlin.Int): kotlin.Unit declared in androidx.compose.runtime.Composer' type=kotlin.Unit origin=null
                $this: GET_VAR '$composer: androidx.compose.runtime.Composer? [assignable] declared in com.pc.fash_android_mobile.ui.explore.FeaturedSellersScreenKt.FeaturedSellerFullCard.<no name provided>.invoke$lambda$13' type=androidx.compose.runtime.Composer? origin=null
                key: CONST Int type=kotlin.Int value=-404212142
              CALL 'public final fun sourceInformation (composer: androidx.compose.runtime.Composer, sourceInformation: kotlin.String): kotlin.Unit declared in androidx.compose.runtime.ComposerKt' type=kotlin.Unit origin=null
                composer: GET_VAR '$composer: androidx.compose.runtime.Composer? [assignable] declared in com.pc.fash_android_mobile.ui.explore.FeaturedSellersScreenKt.FeaturedSellerFullCard.<no name provided>.invoke$lambda$13' type=androidx.compose.runtime.Composer? origin=null
                sourceInformation: CONST String type=kotlin.String value="338@15694L213"
          WHEN type=kotlin.Unit origin=IF
            BRANCH
              if: CALL 'public final fun ANDAND (arg0: kotlin.Boolean, arg1: kotlin.Boolean): kotlin.Boolean declared in kotlin.internal.ir' type=kotlin.Boolean origin=null
                arg0: WHEN type=kotlin.Boolean origin=IN
                  BRANCH
                    if: CALL 'public final fun lessOrEqual (arg0: kotlin.Int, arg1: kotlin.Int): kotlin.Boolean declared in kotlin.internal.ir' type=kotlin.Boolean origin=null
                      arg0: CONST Int type=kotlin.Int value=1
                      arg1: GET_VAR 'val filledPreviewIds: kotlin.Int [val] declared in com.pc.fash_android_mobile.ui.explore.FeaturedSellersScreenKt.FeaturedSellerFullCard.<no name provided>.invoke$lambda$13' type=kotlin.Int origin=null
                    then: CALL 'public final fun less (arg0: kotlin.Int, arg1: kotlin.Int): kotlin.Boolean declared in kotlin.internal.ir' type=kotlin.Boolean origin=null
                      arg0: GET_VAR 'val filledPreviewIds: kotlin.Int [val] declared in com.pc.fash_android_mobile.ui.explore.FeaturedSellersScreenKt.FeaturedSellerFullCard.<no name provided>.invoke$lambda$13' type=kotlin.Int origin=null
                      arg1: CONST Int type=kotlin.Int value=3
                  BRANCH
                    if: CONST Boolean type=kotlin.Boolean value=true
                    then: CONST Boolean type=kotlin.Boolean value=false
                arg1: CALL 'public final fun greater (arg0: kotlin.Int, arg1: kotlin.Int): kotlin.Boolean declared in kotlin.internal.ir' type=kotlin.Boolean origin=GT
                  arg0: CALL 'public final fun <get-listingCount> (): kotlin.Int declared in com.pc.fash_android_mobile.data.search.FeaturedSellerItem' type=kotlin.Int origin=GET_PROPERTY
                    $this: GET_VAR '$seller: com.pc.fash_android_mobile.data.search.FeaturedSellerItem declared in com.pc.fash_android_mobile.ui.explore.FeaturedSellersScreenKt.FeaturedSellerFullCard.<no name provided>.invoke$lambda$13' type=com.pc.fash_android_mobile.data.search.FeaturedSellerItem origin=null
                  arg1: CONST Int type=kotlin.Int value=0
              then: BLOCK type=kotlin.Unit origin=null
                CALL 'public final fun ProfilePreviewRowCaption (previewCount: kotlin.Int, totalListingCount: kotlin.Int, modifier: androidx.compose.ui.Modifier?, $composer: androidx.compose.runtime.Composer?, $changed: kotlin.Int, $default: kotlin.Int): kotlin.Unit declared in com.pc.fash_android_mobile.ui.components.ProfilePreviewPlaceholdersKt' type=kotlin.Unit origin=null
                  previewCount: GET_VAR 'val filledPreviewIds: kotlin.Int [val] declared in com.pc.fash_android_mobile.ui.explore.FeaturedSellersScreenKt.FeaturedSellerFullCard.<no name provided>.invoke$lambda$13' type=kotlin.Int origin=null
                  totalListingCount: CALL 'public final fun <get-listingCount> (): kotlin.Int declared in com.pc.fash_android_mobile.data.search.FeaturedSellerItem' type=kotlin.Int origin=GET_PROPERTY
                    $this: GET_VAR '$seller: com.pc.fash_android_mobile.data.search.FeaturedSellerItem declared in com.pc.fash_android_mobile.ui.explore.FeaturedSellersScreenKt.FeaturedSellerFullCard.<no name provided>.invoke$lambda$13' type=com.pc.fash_android_mobile.data.search.FeaturedSellerItem origin=null
                  modifier: CALL 'public final fun fillMaxWidth$default (fraction: kotlin.Float, $mask0: kotlin.Int, $handler: kotlin.Any?): androidx.compose.ui.Modifier declared in androidx.compose.foundation.layout.SizeKt' type=androidx.compose.ui.Modifier origin=DEFAULT_DISPATCH_CALL
                    $receiver: GET_FIELD 'FIELD FIELD_FOR_OBJECT_INSTANCE name:Companion type:androidx.compose.ui.Modifier.Companion visibility:public [final,static] declared in androidx.compose.ui.Modifier' type=androidx.compose.ui.Modifier.Companion origin=null
                    fraction: COMPOSITE type=kotlin.Float origin=DEFAULT_VALUE
                      CONST Float type=kotlin.Float value=0.0
                    $mask0: CONST Int type=kotlin.Int value=1
                    $handler: CONST Null type=kotlin.Any? value=null
                  $composer: GET_VAR '$composer: androidx.compose.runtime.Composer? [assignable] declared in com.pc.fash_android_mobile.ui.explore.FeaturedSellersScreenKt.FeaturedSellerFullCard.<no name provided>.invoke$lambda$13' type=androidx.compose.runtime.Composer? origin=null
                  $changed: CONST Int type=kotlin.Int value=384
                  $default: CONST Int type=kotlin.Int value=0
          COMPOSITE type=kotlin.Unit origin=null
            CALL 'public abstract fun endReplaceGroup (): kotlin.Unit declared in androidx.compose.runtime.Composer' type=kotlin.Unit origin=null
              $this: GET_VAR '$composer: androidx.compose.runtime.Composer? [assignable] declared in com.pc.fash_android_mobile.ui.explore.FeaturedSellersScreenKt.FeaturedSellerFullCard.<no name provided>.invoke$lambda$13' type=androidx.compose.runtime.Composer? origin=null
        CALL 'public final fun Row (modifier: androidx.compose.ui.Modifier?, horizontalArrangement: androidx.compose.foundation.layout.Arrangement.Horizontal?, verticalAlignment: androidx.compose.ui.Alignment.Vertical?, content: @[ExtensionFunctionType] kotlin.Function3<androidx.compose.foundation.layout.RowScope, androidx.compose.runtime.Composer, kotlin.Int, kotlin.Unit>, $composer: androidx.compose.runtime.Composer?, $changed: kotlin.Int, $default: kotlin.Int): kotlin.Unit [inline] declared in androidx.compose.foundation.layout.RowKt' type=kotlin.Unit origin=null
          modifier: CALL 'public final fun fillMaxWidth$default (fraction: kotlin.Float, $mask0: kotlin.Int, $handler: kotlin.Any?): androidx.compose.ui.Modifier declared in androidx.compose.foundation.layout.SizeKt' type=androidx.compose.ui.Modifier origin=DEFAULT_DISPATCH_CALL
            $receiver: GET_FIELD 'FIELD FIELD_FOR_OBJECT_INSTANCE name:Companion type:androidx.compose.ui.Modifier.Companion visibility:public [final,static] declared in androidx.compose.ui.Modifier' type=androidx.compose.ui.Modifier.Companion origin=null
            fraction: COMPOSITE type=kotlin.Float origin=DEFAULT_VALUE
              CONST Float type=kotlin.Float value=0.0
            $mask0: CONST Int type=kotlin.Int value=1
            $handler: CONST Null type=kotlin.Any? value=null
          horizontalArrangement: CALL 'public final fun spacedBy-0680j_4 (space: androidx.compose.ui.unit.Dp): androidx.compose.foundation.layout.Arrangement.HorizontalOrVertical declared in androidx.compose.foundation.layout.Arrangement' type=androidx.compose.foundation.layout.Arrangement.HorizontalOrVertical origin=null
            $this: GET_FIELD 'FIELD FIELD_FOR_OBJECT_INSTANCE name:INSTANCE type:androidx.compose.foundation.layout.Arrangement visibility:public [final,static] declared in androidx.compose.foundation.layout.Arrangement' type=androidx.compose.foundation.layout.Arrangement origin=null
            space: CALL 'public final fun <get-dp> (): androidx.compose.ui.unit.Dp [inline] declared in androidx.compose.ui.unit.DpKt' type=androidx.compose.ui.unit.Dp origin=GET_PROPERTY
              $receiver: CONST Int type=kotlin.Int value=6
          verticalAlignment: COMPOSITE type=kotlin.Nothing? origin=DEFAULT_VALUE
            CONST Null type=kotlin.Nothing? value=null
          content: BLOCK type=@[ExtensionFunctionType] kotlin.Function3<androidx.compose.foundation.layout.RowScope, androidx.compose.runtime.Composer, kotlin.Int, kotlin.Unit> origin=LAMBDA
            COMPOSITE type=kotlin.Unit origin=null
            FUNCTION_REFERENCE 'private final fun invoke$lambda$13$lambda$12 ($seller: com.pc.fash_android_mobile.data.search.FeaturedSellerItem, $previewCoverUrls: kotlin.collections.List<kotlin.String?>, $onListingClick: kotlin.Function1<kotlin.String, kotlin.Unit>, $composer: androidx.compose.runtime.Composer?, $changed: kotlin.Int): kotlin.Unit declared in com.pc.fash_android_mobile.ui.explore.FeaturedSellersScreenKt.FeaturedSellerFullCard.<no name provided>' type=@[ExtensionFunctionType] kotlin.Function3<androidx.compose.foundation.layout.RowScope, androidx.compose.runtime.Composer, kotlin.Int, kotlin.Unit> origin=INLINE_LAMBDA reflectionTarget=null
              $seller: GET_VAR '$seller: com.pc.fash_android_mobile.data.search.FeaturedSellerItem declared in com.pc.fash_android_mobile.ui.explore.FeaturedSellersScreenKt.FeaturedSellerFullCard.<no name provided>.invoke$lambda$13' type=com.pc.fash_android_mobile.data.search.FeaturedSellerItem origin=null
              $previewCoverUrls: GET_VAR '$previewCoverUrls: kotlin.collections.List<kotlin.String?> declared in com.pc.fash_android_mobile.ui.explore.FeaturedSellersScreenKt.FeaturedSellerFullCard.<no name provided>.invoke$lambda$13' type=kotlin.collections.List<kotlin.String?> origin=null
              $onListingClick: GET_VAR '$onListingClick: kotlin.Function1<kotlin.String, kotlin.Unit> declared in com.pc.fash_android_mobile.ui.explore.FeaturedSellersScreenKt.FeaturedSellerFullCard.<no name provided>.invoke$lambda$13' type=kotlin.Function1<kotlin.String, kotlin.Unit> origin=null
          $composer: GET_VAR '$composer: androidx.compose.runtime.Composer? [assignable] declared in com.pc.fash_android_mobile.ui.explore.FeaturedSellersScreenKt.FeaturedSellerFullCard.<no name provided>.invoke$lambda$13' type=androidx.compose.runtime.Composer? origin=null
          $changed: CONST Int type=kotlin.Int value=54
          $default: CONST Int type=kotlin.Int value=4
      CALL 'public final fun sourceInformationMarkerEnd (composer: androidx.compose.runtime.Composer): kotlin.Unit declared in androidx.compose.runtime.ComposerKt' type=kotlin.Unit origin=null
        composer: GET_VAR '$composer: androidx.compose.runtime.Composer? [assignable] declared in com.pc.fash_android_mobile.ui.explore.FeaturedSellersScreenKt.FeaturedSellerFullCard.<no name provided>.invoke$lambda$13' type=androidx.compose.runtime.Composer? origin=null

	at org.jetbrains.kotlin.backend.jvm.codegen.FunctionCodegen.generate(FunctionCodegen.kt:47)
	at org.jetbrains.kotlin.backend.jvm.codegen.IrSourceCompilerForInline.generateLambdaBody(IrSourceCompilerForInline.kt:67)
	at org.jetbrains.kotlin.codegen.inline.ExpressionLambda.generateLambdaBody(LambdaInfo.kt:72)
	at org.jetbrains.kotlin.backend.jvm.codegen.IrInlineCodegen.genValueAndPut(IrInlineCodegen.kt:100)
	at org.jetbrains.kotlin.backend.jvm.codegen.ExpressionCodegen.visitCall$handleParameter(ExpressionCodegen.kt:616)
	at org.jetbrains.kotlin.backend.jvm.codegen.ExpressionCodegen.visitCall(ExpressionCodegen.kt:644)
	at org.jetbrains.kotlin.backend.jvm.codegen.ExpressionCodegen.visitCall(ExpressionCodegen.kt:138)
	at org.jetbrains.kotlin.ir.expressions.IrCall.accept(IrCall.kt:24)
	at org.jetbrains.kotlin.backend.jvm.codegen.ExpressionCodegen.visitStatementContainer(ExpressionCodegen.kt:579)
	at org.jetbrains.kotlin.backend.jvm.codegen.ExpressionCodegen.visitContainerExpression(ExpressionCodegen.kt:593)
	at org.jetbrains.kotlin.backend.jvm.codegen.ExpressionCodegen.visitContainerExpression(ExpressionCodegen.kt:138)
	at org.jetbrains.kotlin.ir.visitors.IrElementVisitor$DefaultImpls.visitBlock(IrElementVisitor.kt:122)
	at org.jetbrains.kotlin.backend.jvm.codegen.ExpressionCodegen.visitBlock(ExpressionCodegen.kt:413)
	at org.jetbrains.kotlin.backend.jvm.codegen.ExpressionCodegen.visitBlock(ExpressionCodegen.kt:138)
	at org.jetbrains.kotlin.ir.expressions.IrBlock.accept(IrBlock.kt:18)
	at org.jetbrains.kotlin.backend.jvm.codegen.ExpressionCodegen.visitWhen(ExpressionCodegen.kt:1101)
	at org.jetbrains.kotlin.backend.jvm.codegen.ExpressionCodegen.visitWhen(ExpressionCodegen.kt:138)
	at org.jetbrains.kotlin.ir.expressions.IrWhen.accept(IrWhen.kt:24)
	at org.jetbrains.kotlin.backend.jvm.codegen.ExpressionCodegen.visitStatementContainer(ExpressionCodegen.kt:579)
	at org.jetbrains.kotlin.backend.jvm.codegen.ExpressionCodegen.visitBlockBody(ExpressionCodegen.kt:584)
	at org.jetbrains.kotlin.backend.jvm.codegen.ExpressionCodegen.visitBlockBody(ExpressionCodegen.kt:138)
	at org.jetbrains.kotlin.ir.expressions.IrBlockBody.accept(IrBlockBody.kt:20)
	at org.jetbrains.kotlin.backend.jvm.codegen.ExpressionCodegen.generate(ExpressionCodegen.kt:240)
	at org.jetbrains.kotlin.backend.jvm.codegen.FunctionCodegen.doGenerate(FunctionCodegen.kt:123)
	at org.jetbrains.kotlin.backend.jvm.codegen.FunctionCodegen.generate(FunctionCodegen.kt:44)
	... 96 more
Caused by: java.lang.RuntimeException: Exception while generating code for:
FUN INLINE_LAMBDA name:invoke$lambda$13$lambda$9 visibility:private modality:FINAL <> ($receiver:androidx.compose.foundation.layout.RowScope, $seller:com.pc.fash_android_mobile.data.search.FeaturedSellerItem, $scheme:androidx.compose.material3.ColorScheme, $composer:androidx.compose.runtime.Composer?, $changed:kotlin.Int) returnType:kotlin.Unit
  annotations:
    Composable
    ComposableTarget(applier = "androidx.compose.ui.UiComposable")
  $receiver: VALUE_PARAMETER name:$this$Row type:androidx.compose.foundation.layout.RowScope
  VALUE_PARAMETER BOUND_VALUE_PARAMETER name:$seller index:0 type:com.pc.fash_android_mobile.data.search.FeaturedSellerItem
  VALUE_PARAMETER BOUND_VALUE_PARAMETER name:$scheme index:1 type:androidx.compose.material3.ColorScheme
  VALUE_PARAMETER name:$composer index:2 type:androidx.compose.runtime.Composer? [assignable]
  VALUE_PARAMETER name:$changed index:3 type:kotlin.Int
  BLOCK_BODY
    VAR name:$i$a$-Row-FeaturedSellersScreenKt$FeaturedSellerFullCard$1$1$1 type:kotlin.Int [val]
      CONST Int type=kotlin.Int value=0
    BLOCK type=kotlin.Unit origin=null
      CALL 'public final fun sourceInformationMarkerStart (composer: androidx.compose.runtime.Composer, key: kotlin.Int, sourceInformation: kotlin.String): kotlin.Unit declared in androidx.compose.runtime.ComposerKt' type=kotlin.Unit origin=null
        composer: GET_VAR '$composer: androidx.compose.runtime.Composer? [assignable] declared in com.pc.fash_android_mobile.ui.explore.FeaturedSellersScreenKt.FeaturedSellerFullCard.<no name provided>.invoke$lambda$13$lambda$9' type=androidx.compose.runtime.Composer? origin=null
        key: CONST Int type=kotlin.Int value=1650264377
        sourceInformation: CONST String type=kotlin.String value="C236@10564L158,241@10739L4255:FeaturedSellersScreen.kt#gwjw0c"
      COMPOSITE type=kotlin.Unit origin=null
        VAR name:avatarUrl type:kotlin.String? [val]
          BLOCK type=kotlin.String? origin=FOLDED_SAFE_CALL
            WHEN type=kotlin.String? origin=FOLDED_SAFE_CALL
              BRANCH
                if: COMPOSITE type=kotlin.Boolean origin=null
                  VAR IR_TEMPORARY_VARIABLE name:tmp0_safe_receiver type:kotlin.String? [val]
                    CALL 'public final fun takeIf <T> (predicate: kotlin.Function1<T of kotlin.StandardKt.takeIf, kotlin.Boolean>): T of kotlin.StandardKt.takeIf? [inline] declared in kotlin.StandardKt' type=kotlin.String? origin=null
                      <T>: kotlin.String
                      $receiver: CALL 'public final fun <get-avatarUrl> (): kotlin.String declared in com.pc.fash_android_mobile.data.search.FeaturedSellerItem' type=kotlin.String origin=GET_PROPERTY
                        $this: GET_VAR '$seller: com.pc.fash_android_mobile.data.search.FeaturedSellerItem declared in com.pc.fash_android_mobile.ui.explore.FeaturedSellersScreenKt.FeaturedSellerFullCard.<no name provided>.invoke$lambda$13$lambda$9' type=com.pc.fash_android_mobile.data.search.FeaturedSellerItem origin=null
                      predicate: BLOCK type=kotlin.Function1<kotlin.String, kotlin.Boolean> origin=LAMBDA
                        COMPOSITE type=kotlin.Unit origin=null
                        FUNCTION_REFERENCE 'private final fun invoke$lambda$13$lambda$9$lambda$0 (it: kotlin.String): kotlin.Boolean declared in com.pc.fash_android_mobile.ui.explore.FeaturedSellersScreenKt.FeaturedSellerFullCard.<no name provided>' type=kotlin.Function1<kotlin.String, kotlin.Boolean> origin=INLINE_LAMBDA reflectionTarget=null
                  CALL 'public final fun not (): kotlin.Boolean [operator] declared in kotlin.Boolean' type=kotlin.Boolean origin=null
                    $this: CALL 'public final fun EQEQ (arg0: kotlin.Any?, arg1: kotlin.Any?): kotlin.Boolean declared in kotlin.internal.ir' type=kotlin.Boolean origin=null
                      arg0: GET_VAR 'val tmp0_safe_receiver: kotlin.String? [val] declared in com.pc.fash_android_mobile.ui.explore.FeaturedSellersScreenKt.FeaturedSellerFullCard.<no name provided>.invoke$lambda$13$lambda$9' type=kotlin.String? origin=null
                      arg1: CONST Null type=kotlin.Nothing? value=null
                then: CALL 'public final fun let <T, R> (block: kotlin.Function1<T of kotlin.StandardKt.let, R of kotlin.StandardKt.let>): R of kotlin.StandardKt.let [inline] declared in kotlin.StandardKt' type=kotlin.String origin=null
                  <T>: kotlin.String
                  <R>: kotlin.String
                  $receiver: GET_VAR 'val tmp0_safe_receiver: kotlin.String? [val] declared in com.pc.fash_android_mobile.ui.explore.FeaturedSellersScreenKt.FeaturedSellerFullCard.<no name provided>.invoke$lambda$13$lambda$9' type=kotlin.String? origin=null
                  block: BLOCK type=kotlin.Function1<kotlin.String, kotlin.String> origin=LAMBDA
                    COMPOSITE type=kotlin.Unit origin=null
                    FUNCTION_REFERENCE 'private final fun invoke$lambda$13$lambda$9$lambda$1 (it: kotlin.String): kotlin.String declared in com.pc.fash_android_mobile.ui.explore.FeaturedSellersScreenKt.FeaturedSellerFullCard.<no name provided>' type=kotlin.Function1<kotlin.String, kotlin.String> origin=INLINE_LAMBDA reflectionTarget=null
              BRANCH
                if: CONST Boolean type=kotlin.Boolean value=true
                then: CONST Null type=kotlin.Nothing? value=null
        CALL 'public final fun FashAvatarCircle--jt2gSs (imageUrl: kotlin.String?, contentDescription: kotlin.String?, modifier: androidx.compose.ui.Modifier?, size: androidx.compose.ui.unit.Dp, $composer: androidx.compose.runtime.Composer?, $changed: kotlin.Int, $default: kotlin.Int): kotlin.Unit declared in com.pc.fash_android_mobile.ui.components.FashImageKt' type=kotlin.Unit origin=null
          imageUrl: GET_VAR 'val avatarUrl: kotlin.String? [val] declared in com.pc.fash_android_mobile.ui.explore.FeaturedSellersScreenKt.FeaturedSellerFullCard.<no name provided>.invoke$lambda$13$lambda$9' type=kotlin.String? origin=null
          contentDescription: CONST Null type=kotlin.Nothing? value=null
          modifier: COMPOSITE type=kotlin.Nothing? origin=DEFAULT_VALUE
            CONST Null type=kotlin.Nothing? value=null
          size: CALL 'public final fun <get-dp> (): androidx.compose.ui.unit.Dp [inline] declared in androidx.compose.ui.unit.DpKt' type=androidx.compose.ui.unit.Dp origin=GET_PROPERTY
            $receiver: CONST Int type=kotlin.Int value=64
          $composer: GET_VAR '$composer: androidx.compose.runtime.Composer? [assignable] declared in com.pc.fash_android_mobile.ui.explore.FeaturedSellersScreenKt.FeaturedSellerFullCard.<no name provided>.invoke$lambda$13$lambda$9' type=androidx.compose.runtime.Composer? origin=null
          $changed: CONST Int type=kotlin.Int value=3120
          $default: CONST Int type=kotlin.Int value=4
        CALL 'public final fun Column (modifier: androidx.compose.ui.Modifier?, verticalArrangement: androidx.compose.foundation.layout.Arrangement.Vertical?, horizontalAlignment: androidx.compose.ui.Alignment.Horizontal?, content: @[ExtensionFunctionType] kotlin.Function3<androidx.compose.foundation.layout.ColumnScope, androidx.compose.runtime.Composer, kotlin.Int, kotlin.Unit>, $composer: androidx.compose.runtime.Composer?, $changed: kotlin.Int, $default: kotlin.Int): kotlin.Unit [inline] declared in androidx.compose.foundation.layout.ColumnKt' type=kotlin.Unit origin=null
          modifier: CALL 'public final fun weight$default ($this: androidx.compose.foundation.layout.RowScope, $receiver: androidx.compose.ui.Modifier, weight: kotlin.Float, fill: kotlin.Boolean, $mask0: kotlin.Int, $handler: kotlin.Any?): androidx.compose.ui.Modifier declared in androidx.compose.foundation.layout.RowScope' type=androidx.compose.ui.Modifier origin=DEFAULT_DISPATCH_CALL
            $this: GET_VAR '$this$Row: androidx.compose.foundation.layout.RowScope declared in com.pc.fash_android_mobile.ui.explore.FeaturedSellersScreenKt.FeaturedSellerFullCard.<no name provided>.invoke$lambda$13$lambda$9' type=androidx.compose.foundation.layout.RowScope origin=null
            $receiver: CALL 'public final fun padding-qDBjuR0$default (start: androidx.compose.ui.unit.Dp, top: androidx.compose.ui.unit.Dp, end: androidx.compose.ui.unit.Dp, bottom: androidx.compose.ui.unit.Dp, $mask0: kotlin.Int, $handler: kotlin.Any?): androidx.compose.ui.Modifier declared in androidx.compose.foundation.layout.PaddingKt' type=androidx.compose.ui.Modifier origin=DEFAULT_DISPATCH_CALL
              $receiver: GET_FIELD 'FIELD FIELD_FOR_OBJECT_INSTANCE name:Companion type:androidx.compose.ui.Modifier.Companion visibility:public [final,static] declared in androidx.compose.ui.Modifier' type=androidx.compose.ui.Modifier.Companion origin=null
              start: CALL 'public final fun <get-dp> (): androidx.compose.ui.unit.Dp [inline] declared in androidx.compose.ui.unit.DpKt' type=androidx.compose.ui.unit.Dp origin=GET_PROPERTY
                $receiver: CONST Int type=kotlin.Int value=12
              top: COMPOSITE type=androidx.compose.ui.unit.Dp origin=DEFAULT_VALUE
                CALL 'public final fun <unsafe-coerce> <T, R> (v: T of kotlin.jvm.internal.<unsafe-coerce>): R of kotlin.jvm.internal.<unsafe-coerce> declared in kotlin.jvm.internal' type=androidx.compose.ui.unit.Dp origin=null
                  <T>: kotlin.Float
                  <R>: androidx.compose.ui.unit.Dp
                  v: CONST Float type=kotlin.Float value=0.0
              end: COMPOSITE type=androidx.compose.ui.unit.Dp origin=DEFAULT_VALUE
                CALL 'public final fun <unsafe-coerce> <T, R> (v: T of kotlin.jvm.internal.<unsafe-coerce>): R of kotlin.jvm.internal.<unsafe-coerce> declared in kotlin.jvm.internal' type=androidx.compose.ui.unit.Dp origin=null
                  <T>: kotlin.Float
                  <R>: androidx.compose.ui.unit.Dp
                  v: CONST Float type=kotlin.Float value=0.0
              bottom: COMPOSITE type=androidx.compose.ui.unit.Dp origin=DEFAULT_VALUE
                CALL 'public final fun <unsafe-coerce> <T, R> (v: T of kotlin.jvm.internal.<unsafe-coerce>): R of kotlin.jvm.internal.<unsafe-coerce> declared in kotlin.jvm.internal' type=androidx.compose.ui.unit.Dp origin=null
                  <T>: kotlin.Float
                  <R>: androidx.compose.ui.unit.Dp
                  v: CONST Float type=kotlin.Float value=0.0
              $mask0: CONST Int type=kotlin.Int value=14
              $handler: CONST Null type=kotlin.Any? value=null
            weight: CONST Float type=kotlin.Float value=1.0
            fill: COMPOSITE type=kotlin.Boolean origin=DEFAULT_VALUE
              CONST Boolean type=kotlin.Boolean value=false
            $mask0: CONST Int type=kotlin.Int value=2
            $handler: CONST Null type=kotlin.Any? value=null
          verticalArrangement: COMPOSITE type=kotlin.Nothing? origin=DEFAULT_VALUE
            CONST Null type=kotlin.Nothing? value=null
          horizontalAlignment: COMPOSITE type=kotlin.Nothing? origin=DEFAULT_VALUE
            CONST Null type=kotlin.Nothing? value=null
          content: BLOCK type=@[ExtensionFunctionType] kotlin.Function3<androidx.compose.foundation.layout.ColumnScope, androidx.compose.runtime.Composer, kotlin.Int, kotlin.Unit> origin=LAMBDA
            COMPOSITE type=kotlin.Unit origin=null
            FUNCTION_REFERENCE 'private final fun invoke$lambda$13$lambda$9$lambda$8 ($seller: com.pc.fash_android_mobile.data.search.FeaturedSellerItem, $scheme: androidx.compose.material3.ColorScheme, $composer: androidx.compose.runtime.Composer?, $changed: kotlin.Int): kotlin.Unit declared in com.pc.fash_android_mobile.ui.explore.FeaturedSellersScreenKt.FeaturedSellerFullCard.<no name provided>' type=@[ExtensionFunctionType] kotlin.Function3<androidx.compose.foundation.layout.ColumnScope, androidx.compose.runtime.Composer, kotlin.Int, kotlin.Unit> origin=INLINE_LAMBDA reflectionTarget=null
              $seller: GET_VAR '$seller: com.pc.fash_android_mobile.data.search.FeaturedSellerItem declared in com.pc.fash_android_mobile.ui.explore.FeaturedSellersScreenKt.FeaturedSellerFullCard.<no name provided>.invoke$lambda$13$lambda$9' type=com.pc.fash_android_mobile.data.search.FeaturedSellerItem origin=null
              $scheme: GET_VAR '$scheme: androidx.compose.material3.ColorScheme declared in com.pc.fash_android_mobile.ui.explore.FeaturedSellersScreenKt.FeaturedSellerFullCard.<no name provided>.invoke$lambda$13$lambda$9' type=androidx.compose.material3.ColorScheme origin=null
          $composer: GET_VAR '$composer: androidx.compose.runtime.Composer? [assignable] declared in com.pc.fash_android_mobile.ui.explore.FeaturedSellersScreenKt.FeaturedSellerFullCard.<no name provided>.invoke$lambda$13$lambda$9' type=androidx.compose.runtime.Composer? origin=null
          $changed: CONST Int type=kotlin.Int value=0
          $default: CONST Int type=kotlin.Int value=6
      CALL 'public final fun sourceInformationMarkerEnd (composer: androidx.compose.runtime.Composer): kotlin.Unit declared in androidx.compose.runtime.ComposerKt' type=kotlin.Unit origin=null
        composer: GET_VAR '$composer: androidx.compose.runtime.Composer? [assignable] declared in com.pc.fash_android_mobile.ui.explore.FeaturedSellersScreenKt.FeaturedSellerFullCard.<no name provided>.invoke$lambda$13$lambda$9' type=androidx.compose.runtime.Composer? origin=null

	at org.jetbrains.kotlin.backend.jvm.codegen.FunctionCodegen.generate(FunctionCodegen.kt:47)
	at org.jetbrains.kotlin.backend.jvm.codegen.IrSourceCompilerForInline.generateLambdaBody(IrSourceCompilerForInline.kt:67)
	at org.jetbrains.kotlin.codegen.inline.ExpressionLambda.generateLambdaBody(LambdaInfo.kt:72)
	at org.jetbrains.kotlin.backend.jvm.codegen.IrInlineCodegen.genValueAndPut(IrInlineCodegen.kt:100)
	at org.jetbrains.kotlin.backend.jvm.codegen.ExpressionCodegen.visitCall$handleParameter(ExpressionCodegen.kt:616)
	at org.jetbrains.kotlin.backend.jvm.codegen.ExpressionCodegen.visitCall(ExpressionCodegen.kt:644)
	at org.jetbrains.kotlin.backend.jvm.codegen.ExpressionCodegen.visitCall(ExpressionCodegen.kt:138)
	at org.jetbrains.kotlin.ir.expressions.IrCall.accept(IrCall.kt:24)
	at org.jetbrains.kotlin.backend.jvm.codegen.ExpressionCodegen.visitStatementContainer(ExpressionCodegen.kt:579)
	at org.jetbrains.kotlin.backend.jvm.codegen.ExpressionCodegen.visitContainerExpression(ExpressionCodegen.kt:593)
	at org.jetbrains.kotlin.backend.jvm.codegen.ExpressionCodegen.visitContainerExpression(ExpressionCodegen.kt:138)
	at org.jetbrains.kotlin.ir.visitors.IrElementVisitor$DefaultImpls.visitComposite(IrElementVisitor.kt:125)
	at org.jetbrains.kotlin.backend.jvm.codegen.ExpressionCodegen.visitComposite(ExpressionCodegen.kt:138)
	at org.jetbrains.kotlin.backend.jvm.codegen.ExpressionCodegen.visitComposite(ExpressionCodegen.kt:138)
	at org.jetbrains.kotlin.ir.expressions.IrComposite.accept(IrComposite.kt:18)
	at org.jetbrains.kotlin.backend.jvm.codegen.ExpressionCodegen.visitStatementContainer(ExpressionCodegen.kt:579)
	at org.jetbrains.kotlin.backend.jvm.codegen.ExpressionCodegen.visitContainerExpression(ExpressionCodegen.kt:593)
	at org.jetbrains.kotlin.backend.jvm.codegen.ExpressionCodegen.visitContainerExpression(ExpressionCodegen.kt:138)
	at org.jetbrains.kotlin.ir.visitors.IrElementVisitor$DefaultImpls.visitBlock(IrElementVisitor.kt:122)
	at org.jetbrains.kotlin.backend.jvm.codegen.ExpressionCodegen.visitBlock(ExpressionCodegen.kt:413)
	at org.jetbrains.kotlin.backend.jvm.codegen.ExpressionCodegen.visitBlock(ExpressionCodegen.kt:138)
	at org.jetbrains.kotlin.ir.expressions.IrBlock.accept(IrBlock.kt:18)
	at org.jetbrains.kotlin.backend.jvm.codegen.ExpressionCodegen.visitStatementContainer(ExpressionCodegen.kt:579)
	at org.jetbrains.kotlin.backend.jvm.codegen.ExpressionCodegen.visitBlockBody(ExpressionCodegen.kt:584)
	at org.jetbrains.kotlin.backend.jvm.codegen.ExpressionCodegen.visitBlockBody(ExpressionCodegen.kt:138)
	at org.jetbrains.kotlin.ir.expressions.IrBlockBody.accept(IrBlockBody.kt:20)
	at org.jetbrains.kotlin.backend.jvm.codegen.ExpressionCodegen.generate(ExpressionCodegen.kt:240)
	at org.jetbrains.kotlin.backend.jvm.codegen.FunctionCodegen.doGenerate(FunctionCodegen.kt:123)
	at org.jetbrains.kotlin.backend.jvm.codegen.FunctionCodegen.generate(FunctionCodegen.kt:44)
	... 120 more
Caused by: java.lang.RuntimeException: Exception while generating code for:
FUN INLINE_LAMBDA name:invoke$lambda$13$lambda$9$lambda$8 visibility:private modality:FINAL <> ($receiver:androidx.compose.foundation.layout.ColumnScope, $seller:com.pc.fash_android_mobile.data.search.FeaturedSellerItem, $scheme:androidx.compose.material3.ColorScheme, $composer:androidx.compose.runtime.Composer?, $changed:kotlin.Int) returnType:kotlin.Unit
  annotations:
    Composable
    ComposableTarget(applier = "androidx.compose.ui.UiComposable")
  $receiver: VALUE_PARAMETER name:$this$Column type:androidx.compose.foundation.layout.ColumnScope
  VALUE_PARAMETER BOUND_VALUE_PARAMETER name:$seller index:0 type:com.pc.fash_android_mobile.data.search.FeaturedSellerItem
  VALUE_PARAMETER BOUND_VALUE_PARAMETER name:$scheme index:1 type:androidx.compose.material3.ColorScheme
  VALUE_PARAMETER name:$composer index:2 type:androidx.compose.runtime.Composer? [assignable]
  VALUE_PARAMETER name:$changed index:3 type:kotlin.Int
  BLOCK_BODY
    VAR name:$i$a$-Column-FeaturedSellersScreenKt$FeaturedSellerFullCard$1$1$1$1 type:kotlin.Int [val]
      CONST Int type=kotlin.Int value=0
    BLOCK type=kotlin.Unit origin=null
      CALL 'public final fun sourceInformationMarkerStart (composer: androidx.compose.runtime.Composer, key: kotlin.Int, sourceInformation: kotlin.String): kotlin.Unit declared in androidx.compose.runtime.ComposerKt' type=kotlin.Unit origin=null
        composer: GET_VAR '$composer: androidx.compose.runtime.Composer? [assignable] declared in com.pc.fash_android_mobile.ui.explore.FeaturedSellersScreenKt.FeaturedSellerFullCard.<no name provided>.invoke$lambda$13$lambda$9$lambda$8' type=androidx.compose.runtime.Composer? origin=null
        key: CONST Int type=kotlin.Int value=-1555310047
        sourceInformation: CONST String type=kotlin.String value="C246@10912L1112,275@12481L40,280@12757L10,276@12542L598,289@13161L40,290@13222L1754:FeaturedSellersScreen.kt#gwjw0c"
      COMPOSITE type=kotlin.Unit origin=null
        CALL 'public final fun Row (modifier: androidx.compose.ui.Modifier?, horizontalArrangement: androidx.compose.foundation.layout.Arrangement.Horizontal?, verticalAlignment: androidx.compose.ui.Alignment.Vertical?, content: @[ExtensionFunctionType] kotlin.Function3<androidx.compose.foundation.layout.RowScope, androidx.compose.runtime.Composer, kotlin.Int, kotlin.Unit>, $composer: androidx.compose.runtime.Composer?, $changed: kotlin.Int, $default: kotlin.Int): kotlin.Unit [inline] declared in androidx.compose.foundation.layout.RowKt' type=kotlin.Unit origin=null
          modifier: COMPOSITE type=kotlin.Nothing? origin=DEFAULT_VALUE
            CONST Null type=kotlin.Nothing? value=null
          horizontalArrangement: COMPOSITE type=kotlin.Nothing? origin=DEFAULT_VALUE
            CONST Null type=kotlin.Nothing? value=null
          verticalAlignment: CALL 'public final fun <get-CenterVertically> (): androidx.compose.ui.Alignment.Vertical declared in androidx.compose.ui.Alignment.Companion' type=androidx.compose.ui.Alignment.Vertical origin=GET_PROPERTY
            $this: GET_FIELD 'FIELD FIELD_FOR_OBJECT_INSTANCE name:Companion type:androidx.compose.ui.Alignment.Companion visibility:public [final,static] declared in androidx.compose.ui.Alignment' type=androidx.compose.ui.Alignment.Companion origin=null
          content: BLOCK type=@[ExtensionFunctionType] kotlin.Function3<androidx.compose.foundation.layout.RowScope, androidx.compose.runtime.Composer, kotlin.Int, kotlin.Unit> origin=LAMBDA
            COMPOSITE type=kotlin.Unit origin=null
            FUNCTION_REFERENCE 'private final fun invoke$lambda$13$lambda$9$lambda$8$lambda$4 ($seller: com.pc.fash_android_mobile.data.search.FeaturedSellerItem, $scheme: androidx.compose.material3.ColorScheme, $composer: androidx.compose.runtime.Composer?, $changed: kotlin.Int): kotlin.Unit declared in com.pc.fash_android_mobile.ui.explore.FeaturedSellersScreenKt.FeaturedSellerFullCard.<no name provided>' type=@[ExtensionFunctionType] kotlin.Function3<androidx.compose.foundation.layout.RowScope, androidx.compose.runtime.Composer, kotlin.Int, kotlin.Unit> origin=INLINE_LAMBDA reflectionTarget=null
              $seller: GET_VAR '$seller: com.pc.fash_android_mobile.data.search.FeaturedSellerItem declared in com.pc.fash_android_mobile.ui.explore.FeaturedSellersScreenKt.FeaturedSellerFullCard.<no name provided>.invoke$lambda$13$lambda$9$lambda$8' type=com.pc.fash_android_mobile.data.search.FeaturedSellerItem origin=null
              $scheme: GET_VAR '$scheme: androidx.compose.material3.ColorScheme declared in com.pc.fash_android_mobile.ui.explore.FeaturedSellersScreenKt.FeaturedSellerFullCard.<no name provided>.invoke$lambda$13$lambda$9$lambda$8' type=androidx.compose.material3.ColorScheme origin=null
          $composer: GET_VAR '$composer: androidx.compose.runtime.Composer? [assignable] declared in com.pc.fash_android_mobile.ui.explore.FeaturedSellersScreenKt.FeaturedSellerFullCard.<no name provided>.invoke$lambda$13$lambda$9$lambda$8' type=androidx.compose.runtime.Composer? origin=null
          $changed: CONST Int type=kotlin.Int value=384
          $default: CONST Int type=kotlin.Int value=3
        BLOCK type=kotlin.Unit origin=null
          COMPOSITE type=kotlin.Unit origin=null
            BLOCK type=kotlin.Unit origin=null
              CALL 'public abstract fun startReplaceGroup (key: kotlin.Int): kotlin.Unit declared in androidx.compose.runtime.Composer' type=kotlin.Unit origin=null
                $this: GET_VAR '$composer: androidx.compose.runtime.Composer? [assignable] declared in com.pc.fash_android_mobile.ui.explore.FeaturedSellersScreenKt.FeaturedSellerFullCard.<no name provided>.invoke$lambda$13$lambda$9$lambda$8' type=androidx.compose.runtime.Composer? origin=null
                key: CONST Int type=kotlin.Int value=2028071297
              CALL 'public final fun sourceInformation (composer: androidx.compose.runtime.Composer, sourceInformation: kotlin.String): kotlin.Unit declared in androidx.compose.runtime.ComposerKt' type=kotlin.Unit origin=null
                composer: GET_VAR '$composer: androidx.compose.runtime.Composer? [assignable] declared in com.pc.fash_android_mobile.ui.explore.FeaturedSellersScreenKt.FeaturedSellerFullCard.<no name provided>.invoke$lambda$13$lambda$9$lambda$8' type=androidx.compose.runtime.Composer? origin=null
                sourceInformation: CONST String type=kotlin.String value="269@12226L10,267@12105L333"
          WHEN type=kotlin.Unit origin=IF
            BRANCH
              if: CALL 'public final fun isNotBlank (): kotlin.Boolean [inline] declared in kotlin.text.StringsKt' type=kotlin.Boolean origin=null
                $receiver: CALL 'public final fun <get-username> (): kotlin.String declared in com.pc.fash_android_mobile.data.search.FeaturedSellerItem' type=kotlin.String origin=GET_PROPERTY
                  $this: GET_VAR '$seller: com.pc.fash_android_mobile.data.search.FeaturedSellerItem declared in com.pc.fash_android_mobile.ui.explore.FeaturedSellersScreenKt.FeaturedSellerFullCard.<no name provided>.invoke$lambda$13$lambda$9$lambda$8' type=com.pc.fash_android_mobile.data.search.FeaturedSellerItem origin=null
              then: BLOCK type=kotlin.Unit origin=null
                BLOCK type=kotlin.Unit origin=ARGUMENTS_REORDERING_FOR_CALL
                  VAR IR_TEMPORARY_VARIABLE name:tmp0_text type:kotlin.String [val]
                    STRING_CONCATENATION type=kotlin.String
                      CONST String type=kotlin.String value="@"
                      CALL 'public final fun trim (): kotlin.String [inline] declared in kotlin.text.StringsKt' type=kotlin.String origin=null
                        $receiver: CALL 'public final fun <get-username> (): kotlin.String declared in com.pc.fash_android_mobile.data.search.FeaturedSellerItem' type=kotlin.String origin=GET_PROPERTY
                          $this: GET_VAR '$seller: com.pc.fash_android_mobile.data.search.FeaturedSellerItem declared in com.pc.fash_android_mobile.ui.explore.FeaturedSellersScreenKt.FeaturedSellerFullCard.<no name provided>.invoke$lambda$13$lambda$9$lambda$8' type=com.pc.fash_android_mobile.data.search.FeaturedSellerItem origin=null
                  VAR IR_TEMPORARY_VARIABLE name:tmp1_style type:androidx.compose.ui.text.TextStyle [val]
                    CALL 'public final fun <get-bodySmall> (): androidx.compose.ui.text.TextStyle declared in androidx.compose.material3.Typography' type=androidx.compose.ui.text.TextStyle origin=GET_PROPERTY
                      $this: CALL 'public final fun <get-typography> ($composer: androidx.compose.runtime.Composer?, $changed: kotlin.Int): androidx.compose.material3.Typography declared in androidx.compose.material3.MaterialTheme' type=androidx.compose.material3.Typography origin=GET_PROPERTY
                        $this: GET_FIELD 'FIELD FIELD_FOR_OBJECT_INSTANCE name:INSTANCE type:androidx.compose.material3.MaterialTheme visibility:public [final,static] declared in androidx.compose.material3.MaterialTheme' type=androidx.compose.material3.MaterialTheme origin=null
                        $composer: GET_VAR '$composer: androidx.compose.runtime.Composer? [assignable] declared in com.pc.fash_android_mobile.ui.explore.FeaturedSellersScreenKt.FeaturedSellerFullCard.<no name provided>.invoke$lambda$13$lambda$9$lambda$8' type=androidx.compose.runtime.Composer? origin=null
                        $changed: GET_FIELD 'FIELD name:$stable type:kotlin.Int visibility:public [final,static] declared in androidx.compose.material3.MaterialTheme' type=kotlin.Int origin=null
                  VAR IR_TEMPORARY_VARIABLE name:tmp2_color type:androidx.compose.ui.graphics.Color [val]
                    CALL 'public final fun getOnSurfaceVariant-0d7_KjU (): androidx.compose.ui.graphics.Color declared in androidx.compose.material3.ColorScheme' type=androidx.compose.ui.graphics.Color origin=GET_PROPERTY
                      $this: GET_VAR '$scheme: androidx.compose.material3.ColorScheme declared in com.pc.fash_android_mobile.ui.explore.FeaturedSellersScreenKt.FeaturedSellerFullCard.<no name provided>.invoke$lambda$13$lambda$9$lambda$8' type=androidx.compose.material3.ColorScheme origin=null
                  VAR IR_TEMPORARY_VARIABLE name:tmp3_overflow type:androidx.compose.ui.text.style.TextOverflow [val]
                    CALL 'public final fun getEllipsis-gIe3tQ8 (): androidx.compose.ui.text.style.TextOverflow declared in androidx.compose.ui.text.style.TextOverflow.Companion' type=androidx.compose.ui.text.style.TextOverflow origin=GET_PROPERTY
                      $this: GET_FIELD 'FIELD FIELD_FOR_OBJECT_INSTANCE name:Companion type:androidx.compose.ui.text.style.TextOverflow.Companion visibility:public [final,static] declared in androidx.compose.ui.text.style.TextOverflow' type=androidx.compose.ui.text.style.TextOverflow.Companion origin=null
                  CALL 'public final fun Text--4IGK_g (text: kotlin.String, modifier: androidx.compose.ui.Modifier?, color: androidx.compose.ui.graphics.Color, fontSize: androidx.compose.ui.unit.TextUnit, fontStyle: androidx.compose.ui.text.font.FontStyle?, fontWeight: androidx.compose.ui.text.font.FontWeight?, fontFamily: androidx.compose.ui.text.font.FontFamily?, letterSpacing: androidx.compose.ui.unit.TextUnit, textDecoration: androidx.compose.ui.text.style.TextDecoration?, textAlign: androidx.compose.ui.text.style.TextAlign?, lineHeight: androidx.compose.ui.unit.TextUnit, overflow: androidx.compose.ui.text.style.TextOverflow, softWrap: kotlin.Boolean, maxLines: kotlin.Int, minLines: kotlin.Int, onTextLayout: kotlin.Function1<androidx.compose.ui.text.TextLayoutResult, kotlin.Unit>?, style: androidx.compose.ui.text.TextStyle?, $composer: androidx.compose.runtime.Composer?, $changed: kotlin.Int, $changed1: kotlin.Int, $default: kotlin.Int): kotlin.Unit declared in androidx.compose.material3.TextKt' type=kotlin.Unit origin=null
                    text: GET_VAR 'val tmp0_text: kotlin.String [val] declared in com.pc.fash_android_mobile.ui.explore.FeaturedSellersScreenKt.FeaturedSellerFullCard.<no name provided>.invoke$lambda$13$lambda$9$lambda$8' type=kotlin.String origin=null
                    modifier: COMPOSITE type=kotlin.Nothing? origin=DEFAULT_VALUE
                      CONST Null type=kotlin.Nothing? value=null
                    color: GET_VAR 'val tmp2_color: androidx.compose.ui.graphics.Color [val] declared in com.pc.fash_android_mobile.ui.explore.FeaturedSellersScreenKt.FeaturedSellerFullCard.<no name provided>.invoke$lambda$13$lambda$9$lambda$8' type=androidx.compose.ui.graphics.Color origin=null
                    fontSize: COMPOSITE type=androidx.compose.ui.unit.TextUnit origin=DEFAULT_VALUE
                      CALL 'public final fun <unsafe-coerce> <T, R> (v: T of kotlin.jvm.internal.<unsafe-coerce>): R of kotlin.jvm.internal.<unsafe-coerce> declared in kotlin.jvm.internal' type=androidx.compose.ui.unit.TextUnit origin=null
                        <T>: kotlin.Long
                        <R>: androidx.compose.ui.unit.TextUnit
                        v: CONST Long type=kotlin.Long value=0
                    fontStyle: COMPOSITE type=kotlin.Nothing? origin=DEFAULT_VALUE
                      CONST Null type=kotlin.Nothing? value=null
                    fontWeight: COMPOSITE type=kotlin.Nothing? origin=DEFAULT_VALUE
                      CONST Null type=kotlin.Nothing? value=null
                    fontFamily: COMPOSITE type=kotlin.Nothing? origin=DEFAULT_VALUE
                      CONST Null type=kotlin.Nothing? value=null
                    letterSpacing: COMPOSITE type=androidx.compose.ui.unit.TextUnit origin=DEFAULT_VALUE
                      CALL 'public final fun <unsafe-coerce> <T, R> (v: T of kotlin.jvm.internal.<unsafe-coerce>): R of kotlin.jvm.internal.<unsafe-coerce> declared in kotlin.jvm.internal' type=androidx.compose.ui.unit.TextUnit origin=null
                        <T>: kotlin.Long
                        <R>: androidx.compose.ui.unit.TextUnit
                        v: CONST Long type=kotlin.Long value=0
                    textDecoration: COMPOSITE type=kotlin.Nothing? origin=DEFAULT_VALUE
                      CONST Null type=kotlin.Nothing? value=null
                    textAlign: COMPOSITE type=kotlin.Nothing? origin=DEFAULT_VALUE
                      CONST Null type=kotlin.Nothing? value=null
                    lineHeight: COMPOSITE type=androidx.compose.ui.unit.TextUnit origin=DEFAULT_VALUE
                      CALL 'public final fun <unsafe-coerce> <T, R> (v: T of kotlin.jvm.internal.<unsafe-coerce>): R of kotlin.jvm.internal.<unsafe-coerce> declared in kotlin.jvm.internal' type=androidx.compose.ui.unit.TextUnit origin=null
                        <T>: kotlin.Long
                        <R>: androidx.compose.ui.unit.TextUnit
                        v: CONST Long type=kotlin.Long value=0
                    overflow: GET_VAR 'val tmp3_overflow: androidx.compose.ui.text.style.TextOverflow [val] declared in com.pc.fash_android_mobile.ui.explore.FeaturedSellersScreenKt.FeaturedSellerFullCard.<no name provided>.invoke$lambda$13$lambda$9$lambda$8' type=androidx.compose.ui.text.style.TextOverflow origin=null
                    softWrap: COMPOSITE type=kotlin.Boolean origin=DEFAULT_VALUE
                      CONST Boolean type=kotlin.Boolean value=false
                    maxLines: CONST Int type=kotlin.Int value=1
                    minLines: COMPOSITE type=kotlin.Int origin=DEFAULT_VALUE
                      CONST Int type=kotlin.Int value=0
                    onTextLayout: COMPOSITE type=kotlin.Nothing? origin=DEFAULT_VALUE
                      CONST Null type=kotlin.Nothing? value=null
                    style: GET_VAR 'val tmp1_style: androidx.compose.ui.text.TextStyle [val] declared in com.pc.fash_android_mobile.ui.explore.FeaturedSellersScreenKt.FeaturedSellerFullCard.<no name provided>.invoke$lambda$13$lambda$9$lambda$8' type=androidx.compose.ui.text.TextStyle origin=null
                    $composer: GET_VAR '$composer: androidx.compose.runtime.Composer? [assignable] declared in com.pc.fash_android_mobile.ui.explore.FeaturedSellersScreenKt.FeaturedSellerFullCard.<no name provided>.invoke$lambda$13$lambda$9$lambda$8' type=androidx.compose.runtime.Composer? origin=null
                    $changed: CONST Int type=kotlin.Int value=0
                    $changed1: CONST Int type=kotlin.Int value=3120
                    $default: CONST Int type=kotlin.Int value=55290
          COMPOSITE type=kotlin.Unit origin=null
            CALL 'public abstract fun endReplaceGroup (): kotlin.Unit declared in androidx.compose.runtime.Composer' type=kotlin.Unit origin=null
              $this: GET_VAR '$composer: androidx.compose.runtime.Composer? [assignable] declared in com.pc.fash_android_mobile.ui.explore.FeaturedSellersScreenKt.FeaturedSellerFullCard.<no name provided>.invoke$lambda$13$lambda$9$lambda$8' type=androidx.compose.runtime.Composer? origin=null
        CALL 'public final fun Spacer (modifier: androidx.compose.ui.Modifier, $composer: androidx.compose.runtime.Composer?, $changed: kotlin.Int): kotlin.Unit declared in androidx.compose.foundation.layout.SpacerKt' type=kotlin.Unit origin=null
          modifier: CALL 'public final fun height-3ABfNKs (height: androidx.compose.ui.unit.Dp): androidx.compose.ui.Modifier declared in androidx.compose.foundation.layout.SizeKt' type=androidx.compose.ui.Modifier origin=null
            $receiver: GET_FIELD 'FIELD FIELD_FOR_OBJECT_INSTANCE name:Companion type:androidx.compose.ui.Modifier.Companion visibility:public [final,static] declared in androidx.compose.ui.Modifier' type=androidx.compose.ui.Modifier.Companion origin=null
            height: CALL 'public final fun <get-dp> (): androidx.compose.ui.unit.Dp [inline] declared in androidx.compose.ui.unit.DpKt' type=androidx.compose.ui.unit.Dp origin=GET_PROPERTY
              $receiver: CONST Int type=kotlin.Int value=6
          $composer: GET_VAR '$composer: androidx.compose.runtime.Composer? [assignable] declared in com.pc.fash_android_mobile.ui.explore.FeaturedSellersScreenKt.FeaturedSellerFullCard.<no name provided>.invoke$lambda$13$lambda$9$lambda$8' type=androidx.compose.runtime.Composer? origin=null
          $changed: CONST Int type=kotlin.Int value=6
        BLOCK type=kotlin.Unit origin=ARGUMENTS_REORDERING_FOR_CALL
          VAR IR_TEMPORARY_VARIABLE name:tmp4_text type:kotlin.String [val]
            BLOCK type=kotlin.String origin=null
              COMPOSITE type=kotlin.Unit origin=null
                BLOCK type=kotlin.Unit origin=null
                  CALL 'public abstract fun startReplaceGroup (key: kotlin.Int): kotlin.Unit declared in androidx.compose.runtime.Composer' type=kotlin.Unit origin=null
                    $this: GET_VAR '$composer: androidx.compose.runtime.Composer? [assignable] declared in com.pc.fash_android_mobile.ui.explore.FeaturedSellersScreenKt.FeaturedSellerFullCard.<no name provided>.invoke$lambda$13$lambda$9$lambda$8' type=androidx.compose.runtime.Composer? origin=null
                    key: CONST Int type=kotlin.Int value=2028088658
                  CALL 'public final fun sourceInformation (composer: androidx.compose.runtime.Composer, sourceInformation: kotlin.String): kotlin.Unit declared in androidx.compose.runtime.ComposerKt' type=kotlin.Unit origin=null
                    composer: GET_VAR '$composer: androidx.compose.runtime.Composer? [assignable] declared in com.pc.fash_android_mobile.ui.explore.FeaturedSellersScreenKt.FeaturedSellerFullCard.<no name provided>.invoke$lambda$13$lambda$9$lambda$8' type=androidx.compose.runtime.Composer? origin=null
                    sourceInformation: CONST String type=kotlin.String value="*278@12635L48"
              VAR IR_TEMPORARY_VARIABLE name:tmp0_group type:kotlin.String [val]
                CALL 'public final fun ifBlank <C, R> (defaultValue: kotlin.Function0<R of kotlin.text.StringsKt.ifBlank>): R of kotlin.text.StringsKt.ifBlank [inline] declared in kotlin.text.StringsKt' type=kotlin.String origin=null
                  <C>: kotlin.String
                  <R>: kotlin.String
                  $receiver: CALL 'public final fun trim (): kotlin.String [inline] declared in kotlin.text.StringsKt' type=kotlin.String origin=null
                    $receiver: CALL 'public final fun <get-bio> (): kotlin.String declared in com.pc.fash_android_mobile.data.search.FeaturedSellerItem' type=kotlin.String origin=GET_PROPERTY
                      $this: GET_VAR '$seller: com.pc.fash_android_mobile.data.search.FeaturedSellerItem declared in com.pc.fash_android_mobile.ui.explore.FeaturedSellersScreenKt.FeaturedSellerFullCard.<no name provided>.invoke$lambda$13$lambda$9$lambda$8' type=com.pc.fash_android_mobile.data.search.FeaturedSellerItem origin=null
                  defaultValue: BLOCK type=kotlin.Function0<kotlin.String> origin=LAMBDA
                    COMPOSITE type=kotlin.Unit origin=null
                    FUNCTION_REFERENCE 'private final fun invoke$lambda$13$lambda$9$lambda$8$lambda$5 ($$composer: androidx.compose.runtime.Composer?): kotlin.String declared in com.pc.fash_android_mobile.ui.explore.FeaturedSellersScreenKt.FeaturedSellerFullCard.<no name provided>' type=kotlin.Function0<kotlin.String> origin=INLINE_LAMBDA reflectionTarget=null
                      $$composer: GET_VAR '$composer: androidx.compose.runtime.Composer? [assignable] declared in com.pc.fash_android_mobile.ui.explore.FeaturedSellersScreenKt.FeaturedSellerFullCard.<no name provided>.invoke$lambda$13$lambda$9$lambda$8' type=androidx.compose.runtime.Composer? origin=null
              COMPOSITE type=kotlin.Unit origin=null
                CALL 'public abstract fun endReplaceGroup (): kotlin.Unit declared in androidx.compose.runtime.Composer' type=kotlin.Unit origin=null
                  $this: GET_VAR '$composer: androidx.compose.runtime.Composer? [assignable] declared in com.pc.fash_android_mobile.ui.explore.FeaturedSellersScreenKt.FeaturedSellerFullCard.<no name provided>.invoke$lambda$13$lambda$9$lambda$8' type=androidx.compose.runtime.Composer? origin=null
              GET_VAR 'val tmp0_group: kotlin.String [val] declared in com.pc.fash_android_mobile.ui.explore.FeaturedSellersScreenKt.FeaturedSellerFullCard.<no name provided>.invoke$lambda$13$lambda$9$lambda$8' type=kotlin.String origin=null
          VAR IR_TEMPORARY_VARIABLE name:tmp5_style type:androidx.compose.ui.text.TextStyle [val]
            CALL 'public final fun <get-bodySmall> (): androidx.compose.ui.text.TextStyle declared in androidx.compose.material3.Typography' type=androidx.compose.ui.text.TextStyle origin=GET_PROPERTY
              $this: CALL 'public final fun <get-typography> ($composer: androidx.compose.runtime.Composer?, $changed: kotlin.Int): androidx.compose.material3.Typography declared in androidx.compose.material3.MaterialTheme' type=androidx.compose.material3.Typography origin=GET_PROPERTY
                $this: GET_FIELD 'FIELD FIELD_FOR_OBJECT_INSTANCE name:INSTANCE type:androidx.compose.material3.MaterialTheme visibility:public [final,static] declared in androidx.compose.material3.MaterialTheme' type=androidx.compose.material3.MaterialTheme origin=null
                $composer: GET_VAR '$composer: androidx.compose.runtime.Composer? [assignable] declared in com.pc.fash_android_mobile.ui.explore.FeaturedSellersScreenKt.FeaturedSellerFullCard.<no name provided>.invoke$lambda$13$lambda$9$lambda$8' type=androidx.compose.runtime.Composer? origin=null
                $changed: GET_FIELD 'FIELD name:$stable type:kotlin.Int visibility:public [final,static] declared in androidx.compose.material3.MaterialTheme' type=kotlin.Int origin=null
          VAR IR_TEMPORARY_VARIABLE name:tmp6_color type:androidx.compose.ui.graphics.Color [val]
            WHEN type=androidx.compose.ui.graphics.Color origin=IF
              BRANCH
                if: CALL 'public final fun isBlank (): kotlin.Boolean declared in kotlin.text.StringsKt' type=kotlin.Boolean origin=null
                  $receiver: CALL 'public final fun <get-bio> (): kotlin.String declared in com.pc.fash_android_mobile.data.search.FeaturedSellerItem' type=kotlin.String origin=GET_PROPERTY
                    $this: GET_VAR '$seller: com.pc.fash_android_mobile.data.search.FeaturedSellerItem declared in com.pc.fash_android_mobile.ui.explore.FeaturedSellersScreenKt.FeaturedSellerFullCard.<no name provided>.invoke$lambda$13$lambda$9$lambda$8' type=com.pc.fash_android_mobile.data.search.FeaturedSellerItem origin=null
                then: BLOCK type=androidx.compose.ui.graphics.Color origin=null
                  CALL 'public final fun copy-wmQWz5c$default (arg0: androidx.compose.ui.graphics.Color, alpha: kotlin.Float, red: kotlin.Float, green: kotlin.Float, blue: kotlin.Float, $mask0: kotlin.Int, $handler: kotlin.Any?): androidx.compose.ui.graphics.Color declared in androidx.compose.ui.graphics.Color' type=androidx.compose.ui.graphics.Color origin=DEFAULT_DISPATCH_CALL
                    arg0: CALL 'public final fun getOnSurfaceVariant-0d7_KjU (): androidx.compose.ui.graphics.Color declared in androidx.compose.material3.ColorScheme' type=androidx.compose.ui.graphics.Color origin=GET_PROPERTY
                      $this: GET_VAR '$scheme: androidx.compose.material3.ColorScheme declared in com.pc.fash_android_mobile.ui.explore.FeaturedSellersScreenKt.FeaturedSellerFullCard.<no name provided>.invoke$lambda$13$lambda$9$lambda$8' type=androidx.compose.material3.ColorScheme origin=null
                    alpha: CONST Float type=kotlin.Float value=0.75
                    red: COMPOSITE type=kotlin.Float origin=DEFAULT_VALUE
                      CONST Float type=kotlin.Float value=0.0
                    green: COMPOSITE type=kotlin.Float origin=DEFAULT_VALUE
                      CONST Float type=kotlin.Float value=0.0
                    blue: COMPOSITE type=kotlin.Float origin=DEFAULT_VALUE
                      CONST Float type=kotlin.Float value=0.0
                    $mask0: CONST Int type=kotlin.Int value=14
                    $handler: CONST Null type=kotlin.Any? value=null
              BRANCH
                if: CONST Boolean type=kotlin.Boolean value=true
                then: BLOCK type=androidx.compose.ui.graphics.Color origin=null
                  CALL 'public final fun getOnSurfaceVariant-0d7_KjU (): androidx.compose.ui.graphics.Color declared in androidx.compose.material3.ColorScheme' type=androidx.compose.ui.graphics.Color origin=GET_PROPERTY
                    $this: GET_VAR '$scheme: androidx.compose.material3.ColorScheme declared in com.pc.fash_android_mobile.ui.explore.FeaturedSellersScreenKt.FeaturedSellerFullCard.<no name provided>.invoke$lambda$13$lambda$9$lambda$8' type=androidx.compose.material3.ColorScheme origin=null
          VAR IR_TEMPORARY_VARIABLE name:tmp7_overflow type:androidx.compose.ui.text.style.TextOverflow [val]
            CALL 'public final fun getEllipsis-gIe3tQ8 (): androidx.compose.ui.text.style.TextOverflow declared in androidx.compose.ui.text.style.TextOverflow.Companion' type=androidx.compose.ui.text.style.TextOverflow origin=GET_PROPERTY
              $this: GET_FIELD 'FIELD FIELD_FOR_OBJECT_INSTANCE name:Companion type:androidx.compose.ui.text.style.TextOverflow.Companion visibility:public [final,static] declared in androidx.compose.ui.text.style.TextOverflow' type=androidx.compose.ui.text.style.TextOverflow.Companion origin=null
          CALL 'public final fun Text--4IGK_g (text: kotlin.String, modifier: androidx.compose.ui.Modifier?, color: androidx.compose.ui.graphics.Color, fontSize: androidx.compose.ui.unit.TextUnit, fontStyle: androidx.compose.ui.text.font.FontStyle?, fontWeight: androidx.compose.ui.text.font.FontWeight?, fontFamily: androidx.compose.ui.text.font.FontFamily?, letterSpacing: androidx.compose.ui.unit.TextUnit, textDecoration: androidx.compose.ui.text.style.TextDecoration?, textAlign: androidx.compose.ui.text.style.TextAlign?, lineHeight: androidx.compose.ui.unit.TextUnit, overflow: androidx.compose.ui.text.style.TextOverflow, softWrap: kotlin.Boolean, maxLines: kotlin.Int, minLines: kotlin.Int, onTextLayout: kotlin.Function1<androidx.compose.ui.text.TextLayoutResult, kotlin.Unit>?, style: androidx.compose.ui.text.TextStyle?, $composer: androidx.compose.runtime.Composer?, $changed: kotlin.Int, $changed1: kotlin.Int, $default: kotlin.Int): kotlin.Unit declared in androidx.compose.material3.TextKt' type=kotlin.Unit origin=null
            text: GET_VAR 'val tmp4_text: kotlin.String [val] declared in com.pc.fash_android_mobile.ui.explore.FeaturedSellersScreenKt.FeaturedSellerFullCard.<no name provided>.invoke$lambda$13$lambda$9$lambda$8' type=kotlin.String origin=null
            modifier: COMPOSITE type=kotlin.Nothing? origin=DEFAULT_VALUE
              CONST Null type=kotlin.Nothing? value=null
            color: GET_VAR 'val tmp6_color: androidx.compose.ui.graphics.Color [val] declared in com.pc.fash_android_mobile.ui.explore.FeaturedSellersScreenKt.FeaturedSellerFullCard.<no name provided>.invoke$lambda$13$lambda$9$lambda$8' type=androidx.compose.ui.graphics.Color origin=null
            fontSize: COMPOSITE type=androidx.compose.ui.unit.TextUnit origin=DEFAULT_VALUE
              CALL 'public final fun <unsafe-coerce> <T, R> (v: T of kotlin.jvm.internal.<unsafe-coerce>): R of kotlin.jvm.internal.<unsafe-coerce> declared in kotlin.jvm.internal' type=androidx.compose.ui.unit.TextUnit origin=null
                <T>: kotlin.Long
                <R>: androidx.compose.ui.unit.TextUnit
                v: CONST Long type=kotlin.Long value=0
            fontStyle: COMPOSITE type=kotlin.Nothing? origin=DEFAULT_VALUE
              CONST Null type=kotlin.Nothing? value=null
            fontWeight: COMPOSITE type=kotlin.Nothing? origin=DEFAULT_VALUE
              CONST Null type=kotlin.Nothing? value=null
            fontFamily: COMPOSITE type=kotlin.Nothing? origin=DEFAULT_VALUE
              CONST Null type=kotlin.Nothing? value=null
            letterSpacing: COMPOSITE type=androidx.compose.ui.unit.TextUnit origin=DEFAULT_VALUE
              CALL 'public final fun <unsafe-coerce> <T, R> (v: T of kotlin.jvm.internal.<unsafe-coerce>): R of kotlin.jvm.internal.<unsafe-coerce> declared in kotlin.jvm.internal' type=androidx.compose.ui.unit.TextUnit origin=null
                <T>: kotlin.Long
                <R>: androidx.compose.ui.unit.TextUnit
                v: CONST Long type=kotlin.Long value=0
            textDecoration: COMPOSITE type=kotlin.Nothing? origin=DEFAULT_VALUE
              CONST Null type=kotlin.Nothing? value=null
            textAlign: COMPOSITE type=kotlin.Nothing? origin=DEFAULT_VALUE
              CONST Null type=kotlin.Nothing? value=null
            lineHeight: COMPOSITE type=androidx.compose.ui.unit.TextUnit origin=DEFAULT_VALUE
              CALL 'public final fun <unsafe-coerce> <T, R> (v: T of kotlin.jvm.internal.<unsafe-coerce>): R of kotlin.jvm.internal.<unsafe-coerce> declared in kotlin.jvm.internal' type=androidx.compose.ui.unit.TextUnit origin=null
                <T>: kotlin.Long
                <R>: androidx.compose.ui.unit.TextUnit
                v: CONST Long type=kotlin.Long value=0
            overflow: GET_VAR 'val tmp7_overflow: androidx.compose.ui.text.style.TextOverflow [val] declared in com.pc.fash_android_mobile.ui.explore.FeaturedSellersScreenKt.FeaturedSellerFullCard.<no name provided>.invoke$lambda$13$lambda$9$lambda$8' type=androidx.compose.ui.text.style.TextOverflow origin=null
            softWrap: COMPOSITE type=kotlin.Boolean origin=DEFAULT_VALUE
              CONST Boolean type=kotlin.Boolean value=false
            maxLines: CONST Int type=kotlin.Int value=3
            minLines: COMPOSITE type=kotlin.Int origin=DEFAULT_VALUE
              CONST Int type=kotlin.Int value=0
            onTextLayout: COMPOSITE type=kotlin.Nothing? origin=DEFAULT_VALUE
              CONST Null type=kotlin.Nothing? value=null
            style: GET_VAR 'val tmp5_style: androidx.compose.ui.text.TextStyle [val] declared in com.pc.fash_android_mobile.ui.explore.FeaturedSellersScreenKt.FeaturedSellerFullCard.<no name provided>.invoke$lambda$13$lambda$9$lambda$8' type=androidx.compose.ui.text.TextStyle origin=null
            $composer: GET_VAR '$composer: androidx.compose.runtime.Composer? [assignable] declared in com.pc.fash_android_mobile.ui.explore.FeaturedSellersScreenKt.FeaturedSellerFullCard.<no name provided>.invoke$lambda$13$lambda$9$lambda$8' type=androidx.compose.runtime.Composer? origin=null
            $changed: CONST Int type=kotlin.Int value=0
            $changed1: CONST Int type=kotlin.Int value=3120
            $default: CONST Int type=kotlin.Int value=55290
        CALL 'public final fun Spacer (modifier: androidx.compose.ui.Modifier, $composer: androidx.compose.runtime.Composer?, $changed: kotlin.Int): kotlin.Unit declared in androidx.compose.foundation.layout.SpacerKt' type=kotlin.Unit origin=null
          modifier: CALL 'public final fun height-3ABfNKs (height: androidx.compose.ui.unit.Dp): androidx.compose.ui.Modifier declared in androidx.compose.foundation.layout.SizeKt' type=androidx.compose.ui.Modifier origin=null
            $receiver: GET_FIELD 'FIELD FIELD_FOR_OBJECT_INSTANCE name:Companion type:androidx.compose.ui.Modifier.Companion visibility:public [final,static] declared in androidx.compose.ui.Modifier' type=androidx.compose.ui.Modifier.Companion origin=null
            height: CALL 'public final fun <get-dp> (): androidx.compose.ui.unit.Dp [inline] declared in androidx.compose.ui.unit.DpKt' type=androidx.compose.ui.unit.Dp origin=GET_PROPERTY
              $receiver: CONST Int type=kotlin.Int value=8
          $composer: GET_VAR '$composer: androidx.compose.runtime.Composer? [assignable] declared in com.pc.fash_android_mobile.ui.explore.FeaturedSellersScreenKt.FeaturedSellerFullCard.<no name provided>.invoke$lambda$13$lambda$9$lambda$8' type=androidx.compose.runtime.Composer? origin=null
          $changed: CONST Int type=kotlin.Int value=6
        CALL 'public final fun Row (modifier: androidx.compose.ui.Modifier?, horizontalArrangement: androidx.compose.foundation.layout.Arrangement.Horizontal?, verticalAlignment: androidx.compose.ui.Alignment.Vertical?, content: @[ExtensionFunctionType] kotlin.Function3<androidx.compose.foundation.layout.RowScope, androidx.compose.runtime.Composer, kotlin.Int, kotlin.Unit>, $composer: androidx.compose.runtime.Composer?, $changed: kotlin.Int, $default: kotlin.Int): kotlin.Unit [inline] declared in androidx.compose.foundation.layout.RowKt' type=kotlin.Unit origin=null
          modifier: COMPOSITE type=kotlin.Nothing? origin=DEFAULT_VALUE
            CONST Null type=kotlin.Nothing? value=null
          horizontalArrangement: CALL 'public final fun spacedBy-0680j_4 (space: androidx.compose.ui.unit.Dp): androidx.compose.foundation.layout.Arrangement.HorizontalOrVertical declared in androidx.compose.foundation.layout.Arrangement' type=androidx.compose.foundation.layout.Arrangement.HorizontalOrVertical origin=null
            $this: GET_FIELD 'FIELD FIELD_FOR_OBJECT_INSTANCE name:INSTANCE type:androidx.compose.foundation.layout.Arrangement visibility:public [final,static] declared in androidx.compose.foundation.layout.Arrangement' type=androidx.compose.foundation.layout.Arrangement origin=null
            space: CALL 'public final fun <get-dp> (): androidx.compose.ui.unit.Dp [inline] declared in androidx.compose.ui.unit.DpKt' type=androidx.compose.ui.unit.Dp origin=GET_PROPERTY
              $receiver: CONST Int type=kotlin.Int value=8
          verticalAlignment: CALL 'public final fun <get-CenterVertically> (): androidx.compose.ui.Alignment.Vertical declared in androidx.compose.ui.Alignment.Companion' type=androidx.compose.ui.Alignment.Vertical origin=GET_PROPERTY
            $this: GET_FIELD 'FIELD FIELD_FOR_OBJECT_INSTANCE name:Companion type:androidx.compose.ui.Alignment.Companion visibility:public [final,static] declared in androidx.compose.ui.Alignment' type=androidx.compose.ui.Alignment.Companion origin=null
          content: BLOCK type=@[ExtensionFunctionType] kotlin.Function3<androidx.compose.foundation.layout.RowScope, androidx.compose.runtime.Composer, kotlin.Int, kotlin.Unit> origin=LAMBDA
            COMPOSITE type=kotlin.Unit origin=null
            FUNCTION_REFERENCE 'private final fun invoke$lambda$13$lambda$9$lambda$8$lambda$7 ($seller: com.pc.fash_android_mobile.data.search.FeaturedSellerItem, $scheme: androidx.compose.material3.ColorScheme, $composer: androidx.compose.runtime.Composer?, $changed: kotlin.Int): kotlin.Unit declared in com.pc.fash_android_mobile.ui.explore.FeaturedSellersScreenKt.FeaturedSellerFullCard.<no name provided>' type=@[ExtensionFunctionType] kotlin.Function3<androidx.compose.foundation.layout.RowScope, androidx.compose.runtime.Composer, kotlin.Int, kotlin.Unit> origin=INLINE_LAMBDA reflectionTarget=null
              $seller: GET_VAR '$seller: com.pc.fash_android_mobile.data.search.FeaturedSellerItem declared in com.pc.fash_android_mobile.ui.explore.FeaturedSellersScreenKt.FeaturedSellerFullCard.<no name provided>.invoke$lambda$13$lambda$9$lambda$8' type=com.pc.fash_android_mobile.data.search.FeaturedSellerItem origin=null
              $scheme: GET_VAR '$scheme: androidx.compose.material3.ColorScheme declared in com.pc.fash_android_mobile.ui.explore.FeaturedSellersScreenKt.FeaturedSellerFullCard.<no name provided>.invoke$lambda$13$lambda$9$lambda$8' type=androidx.compose.material3.ColorScheme origin=null
          $composer: GET_VAR '$composer: androidx.compose.runtime.Composer? [assignable] declared in com.pc.fash_android_mobile.ui.explore.FeaturedSellersScreenKt.FeaturedSellerFullCard.<no name provided>.invoke$lambda$13$lambda$9$lambda$8' type=androidx.compose.runtime.Composer? origin=null
          $changed: CONST Int type=kotlin.Int value=432
          $default: CONST Int type=kotlin.Int value=1
      CALL 'public final fun sourceInformationMarkerEnd (composer: androidx.compose.runtime.Composer): kotlin.Unit declared in androidx.compose.runtime.ComposerKt' type=kotlin.Unit origin=null
        composer: GET_VAR '$composer: androidx.compose.runtime.Composer? [assignable] declared in com.pc.fash_android_mobile.ui.explore.FeaturedSellersScreenKt.FeaturedSellerFullCard.<no name provided>.invoke$lambda$13$lambda$9$lambda$8' type=androidx.compose.runtime.Composer? origin=null

	at org.jetbrains.kotlin.backend.jvm.codegen.FunctionCodegen.generate(FunctionCodegen.kt:47)
	at org.jetbrains.kotlin.backend.jvm.codegen.IrSourceCompilerForInline.generateLambdaBody(IrSourceCompilerForInline.kt:67)
	at org.jetbrains.kotlin.codegen.inline.ExpressionLambda.generateLambdaBody(LambdaInfo.kt:72)
	at org.jetbrains.kotlin.backend.jvm.codegen.IrInlineCodegen.genValueAndPut(IrInlineCodegen.kt:100)
	at org.jetbrains.kotlin.backend.jvm.codegen.ExpressionCodegen.visitCall$handleParameter(ExpressionCodegen.kt:616)
	at org.jetbrains.kotlin.backend.jvm.codegen.ExpressionCodegen.visitCall(ExpressionCodegen.kt:644)
	at org.jetbrains.kotlin.backend.jvm.codegen.ExpressionCodegen.visitCall(ExpressionCodegen.kt:138)
	at org.jetbrains.kotlin.ir.expressions.IrCall.accept(IrCall.kt:24)
	at org.jetbrains.kotlin.backend.jvm.codegen.ExpressionCodegen.visitStatementContainer(ExpressionCodegen.kt:579)
	at org.jetbrains.kotlin.backend.jvm.codegen.ExpressionCodegen.visitContainerExpression(ExpressionCodegen.kt:593)
	at org.jetbrains.kotlin.backend.jvm.codegen.ExpressionCodegen.visitContainerExpression(ExpressionCodegen.kt:138)
	at org.jetbrains.kotlin.ir.visitors.IrElementVisitor$DefaultImpls.visitComposite(IrElementVisitor.kt:125)
	at org.jetbrains.kotlin.backend.jvm.codegen.ExpressionCodegen.visitComposite(ExpressionCodegen.kt:138)
	at org.jetbrains.kotlin.backend.jvm.codegen.ExpressionCodegen.visitComposite(ExpressionCodegen.kt:138)
	at org.jetbrains.kotlin.ir.expressions.IrComposite.accept(IrComposite.kt:18)
	at org.jetbrains.kotlin.backend.jvm.codegen.ExpressionCodegen.visitStatementContainer(ExpressionCodegen.kt:579)
	at org.jetbrains.kotlin.backend.jvm.codegen.ExpressionCodegen.visitContainerExpression(ExpressionCodegen.kt:593)
	at org.jetbrains.kotlin.backend.jvm.codegen.ExpressionCodegen.visitContainerExpression(ExpressionCodegen.kt:138)
	at org.jetbrains.kotlin.ir.visitors.IrElementVisitor$DefaultImpls.visitBlock(IrElementVisitor.kt:122)
	at org.jetbrains.kotlin.backend.jvm.codegen.ExpressionCodegen.visitBlock(ExpressionCodegen.kt:413)
	at org.jetbrains.kotlin.backend.jvm.codegen.ExpressionCodegen.visitBlock(ExpressionCodegen.kt:138)
	at org.jetbrains.kotlin.ir.expressions.IrBlock.accept(IrBlock.kt:18)
	at org.jetbrains.kotlin.backend.jvm.codegen.ExpressionCodegen.visitStatementContainer(ExpressionCodegen.kt:579)
	at org.jetbrains.kotlin.backend.jvm.codegen.ExpressionCodegen.visitBlockBody(ExpressionCodegen.kt:584)
	at org.jetbrains.kotlin.backend.jvm.codegen.ExpressionCodegen.visitBlockBody(ExpressionCodegen.kt:138)
	at org.jetbrains.kotlin.ir.expressions.IrBlockBody.accept(IrBlockBody.kt:20)
	at org.jetbrains.kotlin.backend.jvm.codegen.ExpressionCodegen.generate(ExpressionCodegen.kt:240)
	at org.jetbrains.kotlin.backend.jvm.codegen.FunctionCodegen.doGenerate(FunctionCodegen.kt:123)
	at org.jetbrains.kotlin.backend.jvm.codegen.FunctionCodegen.generate(FunctionCodegen.kt:44)
	... 148 more
Caused by: java.lang.OutOfMemoryError: GC overhead limit exceeded
	at java.base/java.util.HashMap.resize(HashMap.java:710)
	at java.base/java.util.HashMap.putVal(HashMap.java:669)
	at java.base/java.util.HashMap.put(HashMap.java:618)
	at org.jetbrains.kotlin.codegen.inline.InlineScopesGeneratorKt.getLabelToLineNumberMap(InlineScopesGenerator.kt:382)
	at org.jetbrains.kotlin.codegen.inline.InlineScopesGeneratorKt.access$getLabelToLineNumberMap(InlineScopesGenerator.kt:1)
	at org.jetbrains.kotlin.codegen.inline.InlineScopesGenerator.addInlineScopesInfoFromIVSuffixes(InlineScopesGenerator.kt:216)
	at org.jetbrains.kotlin.codegen.inline.InlineScopesGenerator.addInlineScopesInfo(InlineScopesGenerator.kt:166)
	at org.jetbrains.kotlin.codegen.inline.MethodInliner.prepareNode(MethodInliner.kt:501)
	at org.jetbrains.kotlin.codegen.inline.MethodInliner.markPlacesForInlineAndRemoveInlinable(MethodInliner.kt:610)
	at org.jetbrains.kotlin.codegen.inline.MethodInliner.doInline(MethodInliner.kt:93)
	at org.jetbrains.kotlin.codegen.inline.MethodInliner.doInline(MethodInliner.kt:72)
	at org.jetbrains.kotlin.codegen.inline.InlineCodegen.inlineCall(InlineCodegen.kt:127)
	at org.jetbrains.kotlin.codegen.inline.InlineCodegen.performInline(InlineCodegen.kt:52)
	at org.jetbrains.kotlin.backend.jvm.codegen.IrInlineCodegen.genInlineCall(IrInlineCodegen.kt:163)
	at org.jetbrains.kotlin.backend.jvm.codegen.IrInlineCallGenerator.genCall(IrInlineCallGenerator.kt:36)
	at org.jetbrains.kotlin.backend.jvm.codegen.ExpressionCodegen.visitCall(ExpressionCodegen.kt:653)
	at org.jetbrains.kotlin.backend.jvm.codegen.ExpressionCodegen.visitCall(ExpressionCodegen.kt:138)
	at org.jetbrains.kotlin.ir.expressions.IrCall.accept(IrCall.kt:24)
	at org.jetbrains.kotlin.backend.jvm.codegen.ExpressionCodegen.visitStatementContainer(ExpressionCodegen.kt:579)
	at org.jetbrains.kotlin.backend.jvm.codegen.ExpressionCodegen.visitContainerExpression(ExpressionCodegen.kt:593)
	at org.jetbrains.kotlin.backend.jvm.codegen.ExpressionCodegen.visitContainerExpression(ExpressionCodegen.kt:138)
	at org.jetbrains.kotlin.ir.visitors.IrElementVisitor$DefaultImpls.visitComposite(IrElementVisitor.kt:125)
	at org.jetbrains.kotlin.backend.jvm.codegen.ExpressionCodegen.visitComposite(ExpressionCodegen.kt:138)
	at org.jetbrains.kotlin.backend.jvm.codegen.ExpressionCodegen.visitComposite(ExpressionCodegen.kt:138)
	at org.jetbrains.kotlin.ir.expressions.IrComposite.accept(IrComposite.kt:18)
	at org.jetbrains.kotlin.backend.jvm.codegen.ExpressionCodegen.visitStatementContainer(ExpressionCodegen.kt:579)
	at org.jetbrains.kotlin.backend.jvm.codegen.ExpressionCodegen.visitContainerExpression(ExpressionCodegen.kt:593)
	at org.jetbrains.kotlin.backend.jvm.codegen.ExpressionCodegen.visitContainerExpression(ExpressionCodegen.kt:138)
	at org.jetbrains.kotlin.ir.visitors.IrElementVisitor$DefaultImpls.visitBlock(IrElementVisitor.kt:122)
	at org.jetbrains.kotlin.backend.jvm.codegen.ExpressionCodegen.visitBlock(ExpressionCodegen.kt:413)
	at org.jetbrains.kotlin.backend.jvm.codegen.ExpressionCodegen.visitBlock(ExpressionCodegen.kt:138)
	at org.jetbrains.kotlin.ir.expressions.IrBlock.accept(IrBlock.kt:18)


